Date,WTI_Price,WTI_Volume,Brent_Price,Brent_Volume,WTI_Return,Brent_Return,WTI_Vol_Change,Brent_Vol_Change,WTI_Vol,Brent_Vol,D_COVID,D_RUSSIA,D_IRAN
2016-05-04,43.779998779296875,711125.0,44.619998931884766,28903.0,0.00297374696930555,-0.046632090668347406,0.12821536171544223,0.2014283047604501,0.43488627323863127,0.45541545827947294,0,0,0
2016-05-05,44.31999969482422,746159.0,45.0099983215332,24432.0,0.012258971341242991,0.008702484947516667,0.04809049115176622,-0.16805164748298987,0.40877762444429117,0.42797601432311316,0,0,0
2016-05-06,44.65999984741211,695306.0,45.369998931884766,24512.0,0.0076422074420618765,0.007966420119683036,-0.07058667778622033,0.003269045081904135,0.4017958975548215,0.4239488521423393,0,0,0
2016-05-09,43.439998626708984,767568.0,43.630001068115234,36293.0,-0.027697598983188847,-0.03910605851681951,0.09887503844883884,0.3924620916515248,0.36672063313436376,0.40235885088173484,0,0,0
2016-05-10,44.65999984741211,709415.0,45.52000045776367,32801.0,0.027697598983188857,0.04240678825766628,-0.07878638813995484,-0.10116588247947324,0.37361775266173036,0.4215517072132143,0,0,0
2016-05-11,46.22999954223633,869957.0,47.599998474121094,40873.0,0.0345506851029041,0.044680929306699244,0.20400309839456215,0.22001069562648135,0.36257696268571726,0.42417971460309883,0,0,0
2016-05-12,46.70000076293945,715102.0,48.08000183105469,36256.0,0.01011525291362553,0.01003359912935739,-0.19601859527772936,-0.119864813511118,0.3593297062782352,0.4214629841162401,0,0,0
2016-05-13,46.209999084472656,519363.0,47.83000183105469,24243.0,-0.01054797594203077,-0.0052132323356900954,-0.3198221292124196,-0.4024769689261755,0.36137844390260837,0.4206692819315408,0,0,0
2016-05-16,47.720001220703125,550863.0,48.970001220703125,34770.0,0.03215441774039584,0.023554794667034595,0.05888307874902402,0.36062703010034974,0.3520566204523708,0.41841651979826555,0,0,0
2016-05-17,48.310001373291016,470440.0,49.279998779296875,32460.0,0.012287984182705658,0.006310403812706389,-0.1578177124158425,-0.06874638393332493,0.3426323262820838,0.41667168255764186,0,0,0
2016-05-18,48.189998626708984,343184.0,48.93000030517578,33480.0,-0.0024871048381419295,-0.007127582916483248,-0.31540168050239675,0.03093968353482937,0.3343678289201427,0.4131641030848978,0,0,0
2016-05-19,48.15999984741211,108816.0,48.810001373291016,33279.0,-0.0006227043226014196,-0.0024554735035197416,-1.148608364047156,-0.0060216781966423655,0.31762547934287455,0.3942813159721249,0,0,0
2016-05-20,47.75,538047.0,48.720001220703125,26839.0,-0.00854973090547315,-0.0018455895773754536,1.5982875345075827,-0.21507051383938425,0.32029686077130476,0.37830614002868185,0,0,0
2016-05-23,48.08000183105469,475453.0,48.349998474121094,25366.0,0.0068872613837122525,-0.007623458116847245,-0.12367788316356168,-0.05644635894001016,0.3191329073730126,0.37908196675256756,0,0,0
2016-05-24,48.619998931884766,475965.0,48.61000061035156,27698.0,0.01116861860888626,0.005363093273177803,0.0010762883389317853,0.08795051377528823,0.30075028006071813,0.37380437767960467,0,0,0
2016-05-25,49.560001373291016,550501.0,49.7400016784668,26667.0,0.0191491375512688,0.022980188506612376,0.14548445057527606,-0.03793336249287843,0.28963630937990364,0.3702230302501612,0,0,0
2016-05-26,49.47999954223633,488465.0,49.59000015258789,24441.0,-0.0016155461978085452,-0.0030202685420353567,-0.11956095167724774,-0.08716479593103314,0.2778165886922495,0.357493816707191,0,0,0
2016-05-27,49.33000183105469,406386.0,49.31999969482422,13383.0,-0.003036085908670593,-0.005459531469555972,-0.18396437416226358,-0.602276805182377,0.2758026148471793,0.3524233245923955,0,0,0
2016-05-31,49.099998474121094,476988.0,49.689998626708984,3997.0,-0.00467344864061666,0.0074740058685824045,0.1601878864871881,-1.208441165085051,0.27650775042578735,0.35305363537423834,0,0,0
2016-06-01,49.0099983215332,568839.0,49.709999084472656,25507.0,-0.001834679049490509,0.000402423712155456,0.17610610820018696,1.853408844568193,0.2575610293299239,0.3529930693123158,0,0,0
2016-06-02,49.16999816894531,564846.0,50.040000915527344,28156.0,0.003259319510561356,0.006616602205406817,-0.007044313917580514,0.09880755144850555,0.23371188163476764,0.33588648249030956,0,0,0
2016-06-03,48.619998931884766,481034.0,49.63999938964844,22460.0,-0.01124869726524388,-0.008025755853773289,-0.1606151739434901,-0.226024526435588,0.2408632538962798,0.28668281848133303,0,0,0
2016-06-06,49.689998626708984,450472.0,50.54999923706055,22446.0,0.021768731057720155,0.018165982332864667,-0.06564203172465198,-0.0006235247162330755,0.24666077572893672,0.2900454500919281,0,0,0
2016-06-07,50.36000061035156,542254.0,51.439998626708984,21088.0,0.013393543318857108,0.017453122858703707,0.18543860439740062,-0.06240826627396735,0.24810635967654626,0.29289824990636015,0,0,0
2016-06-08,51.22999954223633,656416.0,52.5099983215332,22382.0,0.017128067719734606,0.020587542452644336,0.1910602079486731,0.059552906075738654,0.2189067343246916,0.24643127430809486,0,0,0
2016-06-09,50.560001373291016,560723.0,51.95000076293945,19759.0,-0.01316451201543794,-0.010721863453789757,-0.15756771185802332,-0.12464798064415498,0.2179994766351786,0.2227897504630376,0,0,0
2016-06-10,49.06999969482422,596119.0,50.540000915527344,19899.0,-0.029912933117592452,-0.02751661215631615,0.061213289122887496,0.007060395459848275,0.2255261245267403,0.2057691389638648,0,0,0
2016-06-13,48.880001068115234,506036.0,50.349998474121094,18914.0,-0.0038795071674950733,-0.003766531215823115,-0.16383249856283985,-0.0507670906182082,0.22504703934586284,0.2052545592608467,0,0,0
2016-06-14,48.4900016784668,456144.0,49.83000183105469,20904.0,-0.008010710983164103,-0.010381339819788024,-0.10379926386468169,0.1000381396249909,0.22340564439731103,0.2083626598732155,0,0,0
2016-06-15,48.0099983215332,527870.0,48.970001220703125,33399.0,-0.009948338149886554,-0.0174093583975466,0.1460414921327999,0.4685854311963685,0.1987449694786824,0.20310066093472465,0,0,0
2016-06-16,46.209999084472656,507910.0,47.189998626708984,26672.0,-0.03821308251221956,-0.03702591400481459,-0.038545774741353,-0.22491163340624176,0.23416447126064655,0.2385264769648243,0,0,0
2016-06-17,47.97999954223633,226653.0,49.16999816894531,22172.0,0.037588042800976,0.04110166754760019,-0.8068840529618837,-0.18478409445087998,0.27153405039565603,0.28045142187236605,0,0,0
2016-06-20,49.369998931884766,98293.0,50.650001525878906,21739.0,0.0285586827650369,0.029655616636050996,-0.8354673995289628,-0.019722349082516234,0.28921340412530805,0.2980787758408272,0,0,0
2016-06-21,48.849998474121094,475407.0,50.619998931884766,29249.0,-0.010588583383081761,-0.000592526804311578,1.576218465222595,0.29673750258421133,0.29016247916508014,0.29791924752971877,0,0,0
2016-06-22,49.130001068115234,569939.0,49.880001068115234,34368.0,0.005715520668362577,-0.014726591790788158,0.18135805829768564,0.16128051382714628,0.289895494906971,0.30174826845526204,0,0,0
2016-06-23,50.11000061035156,401885.0,50.90999984741211,31356.0,0.019750733230720303,0.02043922269150297,-0.34936335951639863,-0.09172026255992374,0.295154492765861,0.3086315191071173,0,0,0
2016-06-24,47.63999938964844,649446.0,48.40999984741211,52110.0,-0.05054786947651428,-0.0503529641174242,0.4799537137351101,0.5079512325946476,0.33808283140762374,0.3484069219893143,0,0,0
2016-06-27,46.33000183105469,504613.0,47.15999984741211,34439.0,-0.027882992724788155,-0.026160328365977977,-0.25232789292098556,-0.41416722578779186,0.3498624088549692,0.3589171762279433,0,0,0
2016-06-28,47.849998474121094,498851.0,48.58000183105469,22475.0,0.03228134705960102,0.029665888831925145,-0.011484344887564902,-0.42678606277564735,0.37075222133404645,0.37538286111745145,0,0,0
2016-06-29,49.880001068115234,511476.0,50.61000061035156,13050.0,0.041549056215366614,0.04093723602032796,0.024993209501639368,-0.5436154465889815,0.3991758805445304,0.40157121529170503,0,0,0
2016-06-30,48.33000183105469,508736.0,49.68000030517578,1313.0,-0.03156761848203808,-0.018546753517833945,-0.005371445519103249,-2.2964735384480433,0.4145925420632722,0.4071772226973929,0,0,0
2016-07-01,48.9900016784668,405187.0,49.84000015258789,21731.0,0.01356370616840456,0.0032154337726993487,-0.22758052901280088,2.8064252172169404,0.4173490802958407,0.4066479275415092,0,0,0
2016-07-05,46.599998474121094,609194.0,47.959999084472656,37154.0,-0.05001572152448231,-0.03845056647083333,0.4077880830523869,0.5363316244316131,0.45059228785588884,0.42717413294216994,0,0,0
2016-07-06,47.43000030517578,607663.0,48.79999923706055,33332.0,0.017654437936308602,0.017362986155177063,-0.00251632000775853,-0.10855354044925201,0.448073707561813,0.4267138425768032,0,0,0
2016-07-07,45.13999938964844,710893.0,46.400001525878906,37267.0,-0.049486188455637854,-0.050430805107565854,0.1569014742312526,0.11159032003675474,0.4727377841302064,0.45239003022082286,0,0,0
2016-07-08,45.40999984741211,583078.0,46.7599983215332,24682.0,0.005963583881545336,0.00772860859098169,-0.19820095807485327,-0.41203398352572335,0.46764496156294194,0.445397024931606,0,0,0
2016-07-11,44.7599983215332,533657.0,46.25,20339.0,-0.014417495805167522,-0.010966636750077889,-0.08856765765327444,-0.19353400782763344,0.46791559118493203,0.4454338324287482,0,0,0
2016-07-12,46.79999923706055,658257.0,48.470001220703125,32157.0,0.0445683406770102,0.04688361108356493,0.20984212209177683,0.45808993117413377,0.49016363155402143,0.4728865548701543,0,0,0
2016-07-13,44.75,686245.0,46.2599983215332,29323.0,-0.044791741900611526,-0.04666745452203558,0.041639274245322044,-0.09225796535728097,0.5118793714305386,0.49762097159746044,0,0,0
2016-07-14,45.68000030517578,573761.0,47.369998931884766,27528.0,0.02056912730762115,0.02371147386734878,-0.17902177351843634,-0.0631685225250319,0.5187295001802372,0.5060844882204114,0,0,0
2016-07-15,45.95000076293945,430256.0,47.61000061035156,24450.0,0.0058932933768980665,0.005053741638933517,-0.2878325529292566,-0.11857345257429824,0.5188980179579568,0.5036729100579157,0,0,0
2016-07-18,45.2400016784668,211393.0,46.959999084472656,22151.0,-0.015572177056076598,-0.01374668000230253,-0.7106614200698834,-0.09874757372195685,0.5047727077938453,0.48913751271141664,0,0,0
2016-07-19,44.650001525878906,128127.0,46.65999984741211,20962.0,-0.013127346852580017,-0.0064088927008672135,-0.5006970007781829,-0.05517136745093855,0.48613830147024784,0.4656762380825186,0,0,0
2016-07-20,44.939998626708984,541014.0,47.16999816894531,30188.0,0.006473894702133027,0.010870795154889172,1.4404231969884094,0.3647332196746363,0.47369091245221007,0.45372831434164546,0,0,0
2016-07-21,44.75,432972.0,46.20000076293945,22328.0,-0.004236791477995665,-0.020778243876431495,-0.22277209573075896,-0.3016029981886009,0.47316905493032396,0.4575326606513585,0,0,0
2016-07-22,44.189998626708984,428407.0,45.689998626708984,25423.0,-0.01259295665517973,-0.011100389083062935,-0.010599382475209062,0.12981277987299744,0.4725975021315245,0.45666813462649986,0,0,0
2016-07-25,43.130001068115234,389837.0,44.720001220703125,19167.0,-0.02427965264091494,-0.021458569375046276,-0.09434497526854614,-0.2824642258187027,0.4680797026889404,0.4512419361716121,0,0,0
2016-07-26,42.91999816894531,461324.0,44.869998931884766,26793.0,-0.004880960324311223,0.003348540039803795,0.16837191305014415,0.3349506090815428,0.4406512799302072,0.4224193287089391,0,0,0
2016-07-27,41.91999816894531,537390.0,43.470001220703125,27266.0,-0.023574878767412363,-0.03169832310102093,0.1526234718041419,0.01749984539407931,0.43807368104176847,0.42655872349316537,0,0,0
2016-07-28,41.13999938964844,447913.0,42.70000076293945,10527.0,-0.018782126944199173,-0.017872134980194434,-0.18212507076727472,-0.9516971194947501,0.41896230412652663,0.41095549849601976,0,0,0
2016-07-29,41.599998474121094,478763.0,42.459999084472656,428.0,0.01111926119858866,-0.005636503389016985,0.06660667704534289,-3.202575468669528,0.3863454551875346,0.37370725624908596,0,0,0
2016-08-01,40.060001373291016,533020.0,42.45000076293945,21767.0,-0.037721766068909764,-0.00023550398297923907,0.10735325274082626,3.9290271448330403,0.3915002183123777,0.3728011704346328,0,0,0
2016-08-02,39.5099983215332,534512.0,41.79999923706055,23088.0,-0.013824602577302628,-0.015430609451446567,0.0027952341877485304,0.05891794059881512,0.38307217248051967,0.37164884453501146,0,0,0
2016-08-03,40.83000183105469,655186.0,43.099998474121094,30000.0,0.032863388236076804,0.030626640427908122,0.20356498368743997,0.2618843796306403,0.3822305075043544,0.378196692943167,0,0,0
2016-08-04,41.93000030517578,598836.0,44.290000915527344,25204.0,0.026584418283591836,0.02723597689982557,-0.0899313938103984,-0.17419466958234636,0.39044390705508225,0.38702480255856336,0,0,0
2016-08-05,41.79999923706055,550189.0,44.27000045776367,24997.0,-0.0031052471823212312,-0.00045168152198645634,-0.08472591541810455,-0.008246894412184378,0.3567649522003891,0.34937475586411476,0,0,0
2016-08-08,43.02000045776367,562530.0,45.38999938964844,19192.0,0.028768813201731035,0.02498454593722756,0.0221826104290363,-0.2642622921302313,0.3728982539699125,0.36051322460249247,0,0,0
2016-08-09,42.77000045776367,624703.0,44.97999954223633,18269.0,-0.0058282015385694415,-0.009073866667424846,0.10483187080336283,-0.049287891182960744,0.3706413744249514,0.3599405955331896,0,0,0
2016-08-10,41.709999084472656,676148.0,44.04999923706055,24646.0,-0.025096046682706916,-0.020892601291783393,0.07913565019835687,0.29940898116149867,0.3370001524338458,0.3199073287883891,0,0,0
2016-08-11,43.4900016784668,682235.0,46.040000915527344,29698.0,0.04179017894483693,0.04418526867682127,0.008962186279808493,0.18646508795793829,0.3431615268156564,0.32399302001586666,0,0,0
2016-08-12,44.4900016784668,536081.0,46.970001220703125,23652.0,0.022733417340920496,0.01999852228874061,-0.2410889042148647,-0.22763202551528627,0.34498124771992794,0.32077573586555325,0,0,0
2016-08-15,45.7400016784668,522526.0,48.349998474121094,21340.0,0.02770874274567157,0.02895706431237772,-0.025610525689909854,-0.10286443208497614,0.35868352675773524,0.33621559855696076,0,0,0
2016-08-16,46.58000183105469,550440.0,49.22999954223633,27839.0,0.01819807847563028,0.018036994131362446,0.05204321503059051,0.2658546694072595,0.359544957268508,0.3369936424167536,0,0,0
2016-08-17,46.790000915527344,563354.0,49.849998474121094,39930.0,0.004498220678771283,0.012515281326801174,0.02319024656953188,0.36069000579426314,0.3557420761906255,0.33724449726392985,0,0,0
2016-08-18,48.220001220703125,229277.0,50.88999938964844,28379.0,0.030104373623455565,0.020647962808754607,-0.8989773254105945,-0.34147848604578634,0.3684845017124943,0.34173596940420947,0,0,0
2016-08-19,48.52000045776367,162438.0,50.880001068115234,25452.0,0.006202195442073601,-0.0001964885824977419,-0.3446344890520823,-0.10885510965879786,0.36754795460348566,0.33047713200633655,0,0,0
2016-08-22,47.04999923706055,515256.0,49.15999984741211,27608.0,-0.03076524369450027,-0.03438965843076667,1.1543674740314376,0.08131126042515655,0.38286414448708345,0.353461652482018,0,0,0
2016-08-23,48.099998474121094,623904.0,49.959999084472656,36665.0,0.022071295572776074,0.016142385338239147,0.19133264584467466,0.2837170357500606,0.3748573661804419,0.34389718653875767,0,0,0
2016-08-24,46.77000045776367,603495.0,49.04999923706055,41304.0,-0.028040163863316855,-0.018382496475118904,-0.033258754880925265,0.1191367260315852,0.39093963655085856,0.3535361389232222,0,0,0
2016-08-25,47.33000183105469,458816.0,49.66999816894531,31721.0,0.011902401079790305,0.012560921797808919,-0.27408849726871587,-0.2639804254564319,0.3784226293752047,0.329256039404532,0,0,0
2016-08-26,47.63999938964844,558344.0,49.91999816894531,27534.0,0.0065283490702192646,0.005020595126530528,0.19632600165577388,-0.1415573174801646,0.36772921113834567,0.3173725592368659,0,0,0
2016-08-29,46.97999954223633,309254.0,49.2599983215332,6703.0,-0.01395076218838579,-0.013309328762624474,-0.5908123141782361,-1.4128664172649308,0.3743730388432532,0.3224283787656373,0,0,0
2016-08-30,46.349998474121094,464449.0,48.369998931884766,10607.0,-0.013500710395900431,-0.01823259386605795,0.406688811038974,0.4589589731475125,0.3473267314363734,0.3334093119571617,0,0,0
2016-08-31,44.70000076293945,549007.0,47.040000915527344,668.0,-0.036247740403547654,-0.027881441699595298,0.16725943513669891,-2.7649812659688244,0.37202890008645983,0.3461418217104813,0,0,0
2016-09-01,43.15999984741211,605003.0,47.04999923706055,23846.0,-0.03505938183298646,0.00021252676277217817,0.0971222248126156,3.5750835938294316,0.3841567458646852,0.3342923753261795,0,0,0
2016-09-02,44.439998626708984,576915.0,46.83000183105469,22597.0,0.02922579701475751,-0.004686787520399095,-0.047538474731369046,-0.05379933427971181,0.3863337333569673,0.32469855746593124,0,0,0
2016-09-06,44.83000183105469,932145.0,47.2599983215332,37751.0,0.008737665142461893,0.00914017394768517,0.4797934400186491,0.5131948113061748,0.3862432407605811,0.3252416797074964,0,0,0
2016-09-07,45.5,572884.0,47.97999954223633,17745.0,0.01483472694515215,0.01512001162765917,-0.48680512904415807,-0.7549081793119434,0.3776003771211076,0.3186105822369019,0,0,0
2016-09-08,47.619998931884766,761943.0,49.9900016784668,30011.0,0.045540492671840405,0.04103877113069957,0.2851884967997895,0.5254601950245675,0.40403900493133765,0.3418364308396301,0,0,0
2016-09-09,45.880001068115234,688191.0,48.0099983215332,18847.0,-0.03722350308694696,-0.040413731419456,-0.10180533405500007,-0.4652102310885366,0.41742698547277957,0.3663012769976193,0,0,0
2016-09-12,46.290000915527344,745016.0,48.31999969482422,18373.0,0.008896659279461162,0.006436259728761927,0.07933927897486492,-0.025471554396893,0.3954108761547626,0.33636830370099186,0,0,0
2016-09-13,44.900001525878906,657775.0,47.099998474121094,21761.0,-0.030488146089111354,-0.025572578685043715,-0.12454276709906752,0.16923718117655784,0.4047658611953805,0.3431346859117293,0,0,0
2016-09-14,43.58000183105469,705861.0,45.849998474121094,28376.0,-0.029839457199734545,-0.02689780320312019,0.0705554066964385,0.265424340657165,0.4050022386576895,0.3385344190537979,0,0,0
2016-09-15,43.90999984741211,537185.0,46.59000015258789,28412.0,0.007543709566198117,0.016010763681154887,-0.27307579255856995,0.0012678736642427444,0.39985561412618337,0.337053027772676,0,0,0
2016-09-16,43.029998779296875,231191.0,45.77000045776367,19165.0,-0.02024456261675634,-0.017757064436884618,-0.843098332992917,-0.39372589230304506,0.4033281506994167,0.33623212478377973,0,0,0
2016-09-19,43.29999923706055,129857.0,45.95000076293945,19674.0,0.006255098906740064,0.0039250007384418915,-0.5768103636933445,0.026212268258047698,0.3860165665964072,0.325565560673414,0,0,0
2016-09-20,43.439998626708984,694130.0,45.880001068115234,28150.0,0.003228026623571096,-0.0015245498635855252,1.6762254178378024,0.35824938749513313,0.3850532281875509,0.3253581735253161,0,0,0
2016-09-21,45.34000015258789,585987.0,46.83000183105469,25248.0,0.042809004432631054,0.02049474675368758,-0.16936165781875565,-0.1088004099222357,0.40736648496487515,0.3182049009190547,0,0,0
2016-09-22,46.31999969482422,521680.0,47.650001525878906,32336.0,0.021384178231518856,0.017358599827367364,-0.11624323194564923,0.2474342159978014,0.40686658843150303,0.3191202225307411,0,0,0
2016-09-23,44.47999954223633,718395.0,45.88999938964844,39822.0,-0.040534187025438796,-0.03763544701642824,0.3199651839679096,0.2082383627305777,0.4191380466399187,0.33780293634422975,0,0,0
2016-09-26,45.93000030517578,527119.0,47.349998474121094,21045.0,0.032078865331191815,0.03131957230013079,-0.3095932275503208,-0.637756521169309,0.433392437042997,0.35464104942238506,0,0,0
2016-09-27,44.66999816894531,630757.0,45.970001220703125,34389.0,-0.02781641060874533,-0.029577751034076664,0.1794943558563765,0.4910737435784484,0.44169680711964726,0.36574784641113833,0,0,0
2016-09-28,47.04999923706055,1008434.0,48.689998626708984,27630.0,0.05190875544256091,0.05748460561734462,0.4692332261655107,-0.21883460686565717,0.4786225708384342,0.4209178082380227,0,0,0
2016-09-29,47.83000183105469,702649.0,49.2400016784668,9721.0,0.016442246158876784,0.011232693413894141,-0.36129643316234344,-1.0446136450963932,0.4791637564027948,0.4176884051231918,0,0,0
2016-09-30,48.2400016784668,496515.0,49.060001373291016,387.0,0.008535491238255706,-0.0036622685813034483,-0.3472437838528472,-3.223619079791287,0.4594216846659858,0.404929179606144,0,0,0
2016-10-03,48.810001373291016,458021.0,49.099998474121094,27245.0,0.011746650821482279,0.0008149369010968894,-0.08069865991781214,4.2542006039874165,0.43786320727477895,0.40490100894661546,0,0,0
2016-10-04,48.689998626708984,513710.0,50.869998931884766,24858.0,-0.002461596044676157,0.035414334114204894,0.11474386930708583,-0.0916903857117419,0.4302484045484456,0.4200637034490776,0,0,0
2016-10-05,49.83000183105469,520070.0,51.86000061035156,26124.0,0.023143607049519312,0.019274454042018833,0.012304514001744798,0.04967479971709092,0.43496804264412137,0.42310032644466306,0,0,0
2016-10-06,50.439998626708984,547915.0,52.5099983215332,25994.0,0.012167234831146208,0.012455803805325032,0.05215674752799303,-0.004988689881014062,0.4343084775582704,0.42235161618024386,0,0,0
2016-10-07,49.810001373291016,618809.0,51.93000030517578,26575.0,-0.012568689214708743,-0.011106931952156299,0.12167649744415068,0.022105182068615038,0.4118786483760584,0.4033962729212385,0,0,0
2016-10-11,50.790000915527344,765608.0,52.40999984741211,33630.0,0.019483708183113558,0.009200746169744301,0.21287362653255074,0.23544760152416652,0.3898456748208286,0.3734598095146188,0,0,0
2016-10-12,50.18000030517578,533884.0,51.810001373291016,24471.0,-0.012082955818995643,-0.011514202569658743,-0.3604917025066899,-0.3179297827656251,0.39384951563679504,0.37724826914948323,0,0,0
2016-10-13,50.439998626708984,740676.0,52.029998779296875,25642.0,0.0051679368505909325,0.004237244507698259,0.3273846958139413,0.04674288914395578,0.373532555581102,0.3623186559702393,0,0,0
2016-10-14,50.349998474121094,519431.0,51.95000076293945,22127.0,-0.001785895011358129,-0.0015387196094172708,-0.3548293010135235,-0.14743304984171493,0.3520779391369003,0.3446352777193697,0,0,0
2016-10-17,49.939998626708984,418723.0,51.52000045776367,26730.0,-0.008176331506322862,-0.008311641550007454,-0.21552437825010765,0.18898794786203363,0.3558930755846721,0.3459836268523377,0,0,0
2016-10-18,50.290000915527344,192803.0,51.68000030517578,28432.0,0.006984011036023436,0.0031007746981880084,-0.7755406612272031,0.061728741261467886,0.34272595542083617,0.3362651884143702,0,0,0
2016-10-19,51.599998474121094,132427.0,52.66999816894531,31624.0,0.0257153745273886,0.018975133351185995,-0.37563739201639196,0.10640105458208883,0.3484711891402401,0.3392457838757915,0,0,0
2016-10-20,50.43000030517578,548947.0,51.380001068115234,29822.0,-0.022935400776113158,-0.024796986260358242,1.4219703474822427,-0.05866994982566865,0.36472465961072176,0.3553770934636407,0,0,0
2016-10-21,50.849998474121094,551300.0,51.779998779296875,31385.0,0.00829385034701021,0.007754938278313385,0.004277227908425025,0.05108369560077944,0.34097647460732283,0.35127153224312924,0,0,0
2016-10-24,50.52000045776367,623398.0,51.459999084472656,39723.0,-0.006510785943788123,-0.006199161686041979,0.12290603351942705,0.23560029325623436,0.3382448421274279,0.35012394172508515,0,0,0
2016-10-25,49.959999084472656,553778.0,50.790000915527344,34420.0,-0.011146639611159187,-0.013105286223656079,-0.11842127469996666,-0.14329257424233607,0.30281019196824727,0.3229218103142513,0,0,0
2016-10-26,49.18000030517578,679320.0,49.97999954223633,50026.0,-0.015735623938840933,-0.016076586591024386,0.20432841342147057,0.37390507949160384,0.2951988559200309,0.31559121263720175,0,0,0
2016-10-27,49.720001220703125,543173.0,50.470001220703125,21189.0,0.010920248200732448,0.009756208291008973,-0.22366442827662925,-0.8590606911801023,0.27352750090451633,0.29375893938153264,0,0,0
2016-10-28,48.70000076293945,550081.0,49.709999084472656,15283.0,-0.02072824543940935,-0.015173022849664717,0.012637670550286187,-0.3267410795491956,0.22901998540119073,0.22920246942979053,0,0,0
2016-10-31,46.86000061035156,649237.0,48.29999923706055,1765.0,-0.038514599650001015,-0.028774556826534466,0.16573228712858595,-2.158590409160439,0.26114221423145123,0.2478133653698291,0,0,0
2016-11-01,46.66999816894531,834989.0,48.33000183105469,56065.0,-0.004062925377011126,0.0006209788808158649,0.25162072387257584,3.458361041527584,0.25899864712213233,0.24765983052021134,0,0,0
2016-11-02,45.34000015258789,674322.0,46.86000061035156,47015.0,-0.02891187228284239,-0.030888077638844092,-0.21371080947567536,-0.17604503218380377,0.2706802589300836,0.2686539904646637,0,0,0
2016-11-03,44.65999984741211,540439.0,46.349998474121094,33590.0,-0.015111405449442256,-0.010943187013583468,-0.22132596938982976,-0.33623829610483885,0.2735932552000398,0.23236666789316943,0,0,0
2016-11-04,44.06999969482422,736685.0,45.58000183105469,54210.0,-0.013298971066255966,-0.01675219510120251,0.30977862016596125,0.47863698964804546,0.2564329186346361,0.21919796438234215,0,0,0
2016-11-07,44.88999938964844,605733.0,46.150001525878906,30522.0,0.018435767268137306,0.012427930022460664,-0.19572109749201694,-0.5744176582035639,0.2628220199216245,0.21916817793757049,0,0,0
2016-11-08,44.97999954223633,669639.0,46.040000915527344,33500.0,0.002002897156883904,-0.002386390273167198,0.10029946628693752,0.09309770376233782,0.2627668874231954,0.21876354019743166,0,0,0
2016-11-09,45.27000045776367,946512.0,46.36000061035156,53512.0,0.006426635205601789,0.006926427897870699,0.34604488765067576,0.46836048898508614,0.2511637827738529,0.216941652594848,0,0,0
2016-11-10,44.65999984741211,686338.0,45.84000015258789,35421.0,-0.013566328564367012,-0.011279955901838638,-0.32141343110368314,-0.4126010632230246,0.25170721122697354,0.21686597222277273,0,0,0
2016-11-14,43.31999969482422,704766.0,44.43000030517578,37427.0,-0.030463827907250822,-0.03124215191868577,0.02649561506895496,0.05508750449849309,0.2626188060364342,0.2305114650809668,0,0,0
2016-11-15,45.810001373291016,706177.0,46.95000076293945,43809.0,0.0558880227885206,0.055168298087808924,0.0020000814637751666,0.15744690663486854,0.34178927820865435,0.31665459328840134,0,0,0
2016-11-16,45.56999969482422,658169.0,46.630001068115234,43917.0,-0.005252839297690956,-0.006839088177902826,-0.0704041770328596,0.0024622131309402803,0.3415429931464747,0.3164909878638644,0,0,0
2016-11-17,45.41999816894531,284874.0,46.4900016784668,39989.0,-0.003297102215364018,-0.0030068619200934532,-0.83741476000548,-0.09369707256288187,0.3390882231825013,0.31528721573142954,0,0,0
2016-11-18,45.689998626708984,155651.0,46.86000061035156,39532.0,0.005926929154901037,0.00792717429833375,-0.6044306557104323,-0.011493945780565128,0.3231682611600645,0.3068953946187679,0,0,0
2016-11-21,47.4900016784668,665326.0,48.900001525878906,42541.0,0.03863977238614253,0.04261298158024254,1.4526608245607535,0.07335784626912079,0.35119109474422894,0.34065435926425003,0,0,0
2016-11-22,48.029998779296875,826208.0,49.119998931884766,62072.0,0.011306592356688534,0.0044888344089763854,0.2165694117028169,0.37782668480859,0.3525492057005152,0.3396192426283549,0,0,0
2016-11-23,47.959999084472656,556861.0,48.95000076293945,46018.0,-0.0014584791913830263,-0.00346687753125344,-0.3945309001840409,-0.29926237729430716,0.352298478557227,0.3393772139518652,0,0,0
2016-11-25,46.060001373291016,465977.0,47.2400016784668,27459.0,-0.040422386862117465,-0.03555835770282895,-0.17817938093283292,-0.5163386412265889,0.37522738989493687,0.3567834742025674,0,0,0
2016-11-28,47.08000183105469,734381.0,48.2400016784668,25170.0,0.02190339707668405,0.020947560353229817,0.45489169082750225,-0.08704117392352746,0.3828076682409363,0.36326789133268433,0,0,0
2016-11-29,45.22999954223633,732818.0,46.380001068115234,15550.0,-0.040087747915531484,-0.039320232355980415,-0.0021305911348893022,-0.48159217052198133,0.4013171899381336,0.38303130012254866,0,0,0
2016-11-30,49.439998626708984,1311000.0,50.470001220703125,1083.0,0.08899921200355881,0.08451076968184133,0.5816481073866754,-2.66432567060639,0.510571194955686,0.4878005649804071,0,0,0
2016-12-01,51.060001373291016,974805.0,50.459999084472656,71317.0,0.03224165333645711,-0.00019819946959215878,-0.2963080327685197,4.1873997601541895,0.5008054477953888,0.4759276489705552,0,0,0
2016-12-02,51.68000030517578,667099.0,54.459999084472656,39305.0,0.012069426670480256,0.07628554536532224,-0.3792989903064673,-0.5957829909273231,0.5006153257351004,0.5407590616071335,0,0,0
2016-12-05,51.790000915527344,600782.0,54.939998626708984,33656.0,0.0021262327340351543,0.008775185236323129,-0.10470632074086154,-0.1551603909575,0.48555579750899286,0.5241581504629373,0,0,0
2016-12-06,50.93000030517578,642746.0,53.93000030517578,34688.0,-0.01674495122490923,-0.018554740663056967,0.06751748291935084,0.030202459528961258,0.48649691572820297,0.5281941031945762,0,0,0
2016-12-07,49.77000045776367,816879.0,53.0,34297.0,-0.02303974482053135,-0.017395001455752526,0.23974135820931838,-0.011335919027298049,0.4925626116797501,0.5285661442743613,0,0,0
2016-12-08,50.84000015258789,780062.0,53.88999938964844,44044.0,0.021271047254543478,0.01665300706740541,-0.04611757737233439,0.2501312474614617,0.4935765123687922,0.5292966316091288,0,0,0
2016-12-09,51.5,652040.0,54.33000183105469,30445.0,0.012898358347101709,0.008131673646364426,-0.17926749396609706,-0.3692673571908073,0.4939279950378042,0.5281032004032361,0,0,0
2016-12-12,52.83000183105469,847025.0,55.689998626708984,45732.0,0.025497438165906557,0.02472397867612295,0.26162430041698553,0.40687649461918607,0.49831712080626517,0.5312857160590562,0,0,0
2016-12-13,52.97999954223633,638396.0,55.720001220703125,38210.0,0.0028352293680156933,0.0005385978773990256,-0.2827714297032652,-0.17970101022091492,0.4928501781778531,0.5272387113170619,0,0,0
2016-12-14,51.040000915527344,677957.0,53.900001525878906,39813.0,-0.0373048182296305,-0.033208664595021115,0.060125083648428605,0.04109623066441333,0.5001170503735233,0.5291841817984753,0,0,0
2016-12-15,50.900001525878906,551759.0,54.02000045776367,34744.0,-0.0027467034395310774,0.002223850614043315,-0.2059725073610395,-0.1361865968907011,0.46939593966210136,0.5023378899404235,0,0,0
2016-12-16,51.900001525878906,252567.0,55.209999084472656,31303.0,0.019455866037755606,0.021789722874880842,-0.7814347966872958,-0.10429295563404208,0.47038715293878364,0.50241981796344,0,0,0
2016-12-19,52.119998931884766,129990.0,54.91999816894531,30608.0,0.0042299121910522215,-0.005266532153945657,-0.6642190356319748,-0.022452526900581603,0.4691947449151721,0.5031065080343023,0,0,0
2016-12-20,52.22999954223633,416592.0,55.349998474121094,37241.0,0.002108301920566294,0.007799084027453127,1.164649801150071,0.19614889219683984,0.4694452696831536,0.5031067296142957,0,0,0
2016-12-21,52.4900016784668,471993.0,54.459999084472656,31242.0,0.00496567355726954,-0.01621016115221608,0.12485682939710897,-0.17564696148591974,0.4545357952186554,0.49317845406600874,0,0,0
2016-12-22,52.95000076293945,393487.0,55.04999923706055,30938.0,0.00872537921499766,0.010775378875053353,-0.1819161245041714,-0.009778141594343849,0.45415564754676063,0.4935564508576138,0,0,0
2016-12-23,53.02000045776367,285166.0,55.15999984741211,15503.0,0.0013211230385793819,0.0019962008491615896,-0.3219765636156743,-0.690951648230248,0.4537869742866246,0.4926780289917577,0,0,0
2016-12-27,53.900001525878906,277306.0,56.09000015258789,8294.0,0.016461296729720833,0.016719496081834137,-0.027949877243599312,-0.6255011917600356,0.424217843018647,0.4703082852198107,0,0,0
2016-12-28,54.060001373291016,322535.0,56.220001220703125,10677.0,0.0029640600269979682,0.0023150409506974253,0.1510900678753043,0.25255953337197573,0.4211694271815136,0.46835845179720176,0,0,0
2016-12-29,53.77000045776367,360194.0,56.13999938964844,595.0,-0.005378866916438382,-0.0014240271295735585,0.11043111771160379,-2.8872857686326725,0.3886113926589537,0.438270849143263,0,0,0
2016-12-30,53.720001220703125,271094.0,56.130001068115234,13775.0,-0.0009303049564770813,-0.00017811207836230324,-0.28417715098546104,3.1420492284754853,0.2550274906972182,0.3423404862302868,0,0,0
2017-01-03,52.33000183105469,727793.0,55.470001220703125,42688.0,-0.026215539003824565,-0.011828091909729681,0.9875510428997656,1.1310624952541803,0.253720730870144,0.3469316016907711,0,0,0
2017-01-04,53.2599983215332,512641.0,56.459999084472656,27804.0,0.017615693496549928,0.017690050536150134,-0.35044087198019663,-0.4287379550549191,0.25742323352704566,0.23574365455193536,0,0,0
2017-01-05,53.7599983215332,517362.0,56.88999938964844,32833.0,0.009344116122212295,0.007587161424090052,0.009167027786300855,0.1662542119358952,0.2588779635205964,0.23533106647101695,0,0,0
2017-01-06,53.9900016784668,528333.0,57.099998474121094,24948.0,0.004269210325257706,0.003684521905111748,0.020983943817266204,-0.27464044851025854,0.25001624094819735,0.22357619527379305,0,0,0
2017-01-09,51.959999084472656,564893.0,54.939998626708984,25860.0,-0.03832470113612088,-0.03856243426810978,0.06690956595246456,0.03590371467983514,0.2743288932525689,0.2570849976377312,0,0,0
2017-01-10,50.81999969482422,632573.0,53.63999938964844,33801.0,-0.022184202295564878,-0.0239466086361181,0.11315929628092679,0.2677930145064272,0.27725227483179726,0.265680697629143,0,0,0
2017-01-11,52.25,815846.0,55.099998474121094,45944.0,0.027749918957935403,0.02685464143115301,0.2544299827013775,0.30693287571185685,0.29043070353282996,0.2805957503071325,0,0,0
2017-01-12,53.0099983215332,660703.0,56.0099983215332,36424.0,0.014440652491583184,0.016380527788504184,-0.21092119199876677,-0.23219536552951445,0.2808994106657012,0.27296867175778766,0,0,0
2017-01-13,52.369998931884766,477986.0,55.45000076293945,25417.0,-0.012146655440662813,-0.010048488699042155,-0.3237229763046432,-0.3598096565449689,0.28388146890438326,0.27529262588685066,0,0,0
2017-01-17,52.47999954223633,606023.0,55.470001220703125,44899.0,0.002098248017361924,0.0003606285182610503,0.2373364957848623,0.5689972812977562,0.25045037487747773,0.24781390013843685,0,0,0
2017-01-18,51.08000183105469,236238.0,53.91999816894531,40148.0,-0.02703906890206192,-0.028340923428367606,-0.9420781677114497,-0.11184289683371436,0.2688853100937651,0.26825808078453967,0,0,0
2017-01-19,51.369998931884766,122593.0,54.15999984741211,33327.0,0.005661256675447733,0.0044411931413440376,-0.6559698458089198,-0.18620474668385886,0.26053389757986944,0.2569229179931087,0,0,0
2017-01-20,52.41999816894531,567231.0,55.4900016784668,29231.0,0.020233839278211572,0.024260228799238826,1.531896702543198,-0.13113808930312146,0.269915664357785,0.27061595961906776,0,0,0
2017-01-23,52.75,455333.0,55.22999954223633,33859.0,0.006275609391375616,-0.004696578961124024,-0.21973760876935935,0.14697505293158591,0.27065765731275115,0.26982524623406745,0,0,0
2017-01-24,53.18000030517578,520285.0,55.439998626708984,32411.0,0.008118619197242155,0.0037950544861054636,0.13334771896131317,-0.04370697154421595,0.27153622508954955,0.26360617913189394,0,0,0
2017-01-25,52.75,589709.0,55.08000183105469,34247.0,-0.008118619197242079,-0.006514623006883317,0.12525245652837197,0.05510109827907805,0.2714717053255961,0.26220348219726786,0,0,0
2017-01-26,53.779998779296875,578065.0,56.2400016784668,45145.0,0.01933785578645546,0.02084157024312173,-0.01994287579062496,0.2762805621284208,0.27977447051542415,0.2719340401273458,0,0,0
2017-01-27,53.16999816894531,495556.0,55.52000045776367,20964.0,-0.011407335064125739,-0.012884952903552526,-0.15400595455852156,-0.7670728508195227,0.27660269603167814,0.2695937060698758,0,0,0
2017-01-30,52.630001068115234,486309.0,55.22999954223633,9982.0,-0.01020797341801988,-0.005237048818791394,-0.018836140205602633,-0.7420232098925024,0.27819357480249174,0.2698740947197313,0,0,0
2017-01-31,52.810001373291016,586676.0,55.70000076293945,578.0,0.0034142730627301815,0.008473885005754899,0.1876284839955764,-2.848964881357177,0.2782273953414155,0.27177836352666485,0,0,0
2017-02-01,53.880001068115234,577243.0,55.65999984741211,34772.0,0.020058778642912174,-0.0007184072742188927,-0.016209386629041755,4.096993875526578,0.2875042022557817,0.27177988422995636,0,0,0
2017-02-02,53.540000915527344,492553.0,56.560001373291016,31371.0,-0.00633031617404607,0.016040292512251763,-0.15866125266405942,-0.10292856593225645,0.2723893523804131,0.27415068937782194,0,0,0
2017-02-03,53.83000183105469,462616.0,56.810001373291016,26703.0,0.005401911396289289,0.004410344873869747,-0.06270473271983004,-0.1611079806396573,0.2662690872313607,0.2677031189204476,0,0,0
2017-02-06,53.0099983215332,425085.0,55.720001220703125,26706.0,-0.015350423251867739,-0.019373219923024203,-0.08460818738843433,0.00011234061686803195,0.2696621306784922,0.2746498021418936,0,0,0
2017-02-07,52.16999816894531,624057.0,55.04999923706055,32659.0,-0.015972961400050004,-0.012097321509752323,0.38395256142438483,0.20123220931822097,0.2740722777025315,0.27669916122357546,0,0,0
2017-02-08,52.34000015258789,767379.0,55.119998931884766,44864.0,0.003253318080866931,0.0012707580177437063,0.20673910195794498,0.3175152228321316,0.23961633586898695,0.2421599859091797,0,0,0
2017-02-09,53.0,610196.0,55.630001068115234,29628.0,0.012531013534801206,0.00921003596014221,-0.22920059527612355,-0.4149158312610821,0.22840081103837198,0.22736566049877469,0,0,0
2017-02-10,53.86000061035156,596449.0,56.70000076293945,30763.0,0.01609618516351742,0.019051580901881075,-0.022786477893210113,0.03759280898950912,0.21502229585123317,0.21791345348721738,0,0,0
2017-02-13,52.93000030517578,586034.0,55.59000015258789,25049.0,-0.017417807080094494,-0.019770892479170212,-0.017615930768373915,-0.20547876256618947,0.21904544431284664,0.22245951795367616,0,0,0
2017-02-14,53.20000076293945,493022.0,55.970001220703125,25975.0,0.005088119053021027,0.006812523002963589,-0.1728240105782195,0.03630063041092875,0.21517690409428633,0.220867555575645,0,0,0
2017-02-15,53.11000061035156,463638.0,55.75,26608.0,-0.0016931647620425743,-0.003938444372993834,-0.061449722473903144,0.0240773854652808,0.21527811175410563,0.22138957940576504,0,0,0
2017-02-16,53.36000061035156,343363.0,55.650001525878906,32712.0,0.004696167119217702,-0.0017953051994670688,-0.3003158787299569,0.20653006061176923,0.1906615553993395,0.1958324408136069,0,0,0
2017-02-17,53.400001525878906,195352.0,55.810001373291016,27599.0,0.0007493614949193845,0.0028709842661211165,-0.5639851371066572,-0.1699624428796854,0.19025770286695767,0.1956111006724487,0,0,0
2017-02-21,54.060001373291016,665310.0,56.65999984741211,57648.0,0.012283791710730595,0.015115402302443908,1.2254500379650786,0.7365760138230816,0.182407510026883,0.18440662897648494,0,0,0
2017-02-22,53.59000015258789,499480.0,55.84000015258789,36358.0,-0.008732079897311599,-0.014578030522617972,-0.2866855402011029,-0.4609412917098674,0.18481523667367747,0.19129675483470004,0,0,0
2017-02-23,54.45000076293945,529880.0,56.58000183105469,36155.0,0.015920377036634188,0.013165137048937325,0.059083008569116476,-0.005599010668954875,0.19061827547953142,0.1960118206838105,0,0,0
2017-02-24,53.9900016784668,395258.0,55.9900016784668,18720.0,-0.008483988072042573,-0.010482464896869494,-0.29311184957710645,-0.6582227805774692,0.19084555761230731,0.19838817694261238,0,0,0
2017-02-27,54.04999923706055,394380.0,55.93000030517578,10972.0,0.0011106546511078898,-0.0010722190488914871,-0.002223804735414534,-0.5342458979740892,0.17898223542622896,0.18450489719249671,0,0,0
2017-02-28,54.0099983215332,593909.0,55.59000015258789,685.0,-0.0007403464419427852,-0.006097582579626316,0.4094111974697941,-2.7736830137952686,0.17398151930322042,0.18010006298583783,0,0,0
2017-03-01,53.83000183105469,491289.0,55.599998474121094,25932.0,-0.0033382169394644817,0.00017984210241285556,-0.1896935596280506,3.6338141680326608,0.17011610724842144,0.1790672165103672,0,0,0
2017-03-02,52.61000061035156,638390.0,55.08000183105469,34925.0,-0.02292473924421927,-0.00939646670866843,0.26191683250723047,0.29772517783027636,0.1889729531837406,0.17951148988076865,0,0,0
2017-03-03,53.33000183105469,436360.0,55.900001525878906,24688.0,0.013592831602779453,0.014777700353631842,-0.38048179112295777,-0.34688560952222053,0.18142387626724923,0.18717247061716463,0,0,0
2017-03-06,53.20000076293945,503692.0,56.0099983215332,25402.0,-0.002440648258365769,0.001965808796835883,0.14349737942619697,0.028510615461322705,0.18034293129726617,0.17830920716634968,0,0,0
2017-03-07,53.13999938964844,494677.0,55.91999816894531,28162.0,-0.001128481842625985,-0.0016081510730986395,-0.018059945826848674,0.1031456404129921,0.17915476957082768,0.177452435949162,0,0,0
2017-03-08,50.279998779296875,963392.0,53.11000061035156,43000.0,-0.05532256940199859,-0.051556819254848577,0.6665553659091343,0.4232265641984425,0.2571251337177668,0.242942682717753,0,0,0
2017-03-09,49.279998779296875,1073506.0,52.189998626708984,61215.0,-0.020089064989438646,-0.017474366584499478,0.10822481625940192,0.35319214183231623,0.26021585781544415,0.24636914284809436,0,0,0
2017-03-10,48.4900016784668,796960.0,51.369998931884766,41261.0,-0.016160668722542418,-0.015836555655435194,-0.2978807171724675,-0.3944745136277578,0.26327899897189216,0.25013319918783433,0,0,0
2017-03-13,48.400001525878906,601362.0,51.349998474121094,28880.0,-0.0018577804829510134,-0.00038941702728762607,-0.2816074066664253,-0.3567684298734954,0.25678267717805925,0.24623731071556318,0,0,0
2017-03-14,47.720001220703125,857711.0,50.91999816894531,49660.0,-0.014149222438759245,-0.008409168929535773,0.35507013025267353,0.5420504660553951,0.24769184195604416,0.2320773371648741,0,0,0
2017-03-15,48.86000061035156,655788.0,51.810001373291016,36290.0,0.023608455511189758,0.01732746960322412,-0.268429646929754,-0.31365755885504165,0.2636291939082797,0.23807241965983444,0,0,0
2017-03-16,48.75,516853.0,51.7400016784668,28932.0,-0.0022538808775835134,-0.00135199813469683,-0.23807906459182926,-0.2265939722379447,0.2617267372892576,0.2353440142763526,0,0,0
2017-03-17,48.779998779296875,172340.0,51.7599983215332,20151.0,0.0006151703192533459,0.00038640856647757305,-1.0982892315780175,-0.36169433403419715,0.2621226870329559,0.23577502258855984,0,0,0
2017-03-20,48.220001220703125,142258.0,51.619998931884766,25177.0,-0.011546469694798205,-0.0027084441661897746,-0.19182695937071734,0.22267696438904067,0.26133187584370393,0.2357112803592344,0,0,0
2017-03-21,47.34000015258789,628119.0,50.959999084472656,30377.0,-0.0184182907592397,-0.012868180300279525,1.4850873285221082,0.18775486377263778,0.26459675582989284,0.23658817090130269,0,0,0
2017-03-22,48.040000915527344,680849.0,50.63999938964844,39102.0,0.01467840896031598,-0.0062992275151358326,0.08061090985419901,0.25248787346378276,0.26677264441167564,0.22579586714984234,0,0,0
2017-03-23,47.70000076293945,499878.0,50.560001373291016,35569.0,-0.007102602380554361,-0.0015809887829528074,-0.30897648016786217,-0.09469914459198714,0.26659293809486095,0.22358012633125457,0,0,0
2017-03-24,47.970001220703125,421027.0,50.79999923706055,27105.0,0.005644427072358734,0.004735562565731005,-0.1716671040067741,-0.27175625927400965,0.258419357282988,0.21688565962821213,0,0,0
2017-03-27,47.72999954223633,466176.0,50.75,27398.0,-0.005015719534077545,-0.0009847216440462393,0.10186628058245896,0.010751805316896196,0.25828424644418013,0.21642812350349747,0,0,0
2017-03-28,48.369998931884766,502377.0,51.33000183105469,27375.0,0.013319643325593426,0.011363794322527447,0.0747875886262306,-0.0008398298925328597,0.2657945084472845,0.22322039226483156,0,0,0
2017-03-29,49.5099983215332,548615.0,52.41999816894531,17105.0,0.02329487071905217,0.02101275072037611,0.08804608660436473,-0.4702593697070969,0.28343068208166317,0.23931850375840633,0,0,0
2017-03-30,50.349998474121094,580668.0,52.959999084472656,14493.0,0.01682395338737102,0.01024873137680465,0.05678224449732485,-0.16570504418918872,0.29260861908783964,0.24340296808510184,0,0,0
2017-03-31,50.599998474121094,527607.0,52.83000183105469,31997.0,0.0049529572785790245,-0.002457648506007855,-0.09582747657081807,0.7919763741645413,0.2847393789871889,0.24204292810531938,0,0,0
2017-04-03,50.2400016784668,440724.0,53.119998931884766,18746.0,-0.00713999056879425,0.005474239224990066,-0.17993285920150096,-0.5346617520806265,0.27957778307966974,0.23599409409434444,0,0,0
2017-04-04,51.029998779296875,532054.0,54.16999816894531,27204.0,0.01560211558568017,0.01957373080721338,0.1883261587692503,0.37238362498909816,0.286797554973823,0.24771714319104496,0,0,0
2017-04-05,51.150001525878906,651398.0,54.36000061035156,33157.0,0.002348851074493906,0.003501384643095992,0.2023758345774335,0.1978898344146835,0.2871808268670343,0.24834414401604712,0,0,0
2017-04-06,51.70000076293945,473019.0,54.88999938964844,21011.0,0.010695274042343033,0.009702570931361083,-0.319985265708951,-0.4562077456211637,0.21391446308756532,0.17087160799982426,0,0,0
2017-04-07,52.2400016784668,796437.0,55.2400016784668,34387.0,0.010390720826658116,0.006356187483822392,0.521012473358281,0.49263247587085973,0.20114356362260447,0.15676496379072097,0,0,0
2017-04-10,53.08000183105469,565439.0,55.97999954223633,29224.0,0.015951726862047395,0.013307116983955718,-0.3425456095811195,-0.16268829648479038,0.1936691006264616,0.14543210167937404,0,0,0
2017-04-11,53.400001525878906,598003.0,56.22999954223633,32054.0,0.006010530580521851,0.00445593825315927,0.0559933500649272,0.09243169107840225,0.1924274517679093,0.14451638024440133,0,0,0
2017-04-12,53.11000061035156,629805.0,55.86000061035156,33978.0,-0.005445528614136899,-0.006601842719713151,0.05181447700321726,0.0582912757883394,0.1838672922390585,0.14263342544844496,0,0,0
2017-04-13,53.18000030517578,480835.0,55.88999938964844,27171.0,0.001317145626894845,0.0005368909175387381,-0.2698860717510296,-0.22356302829880176,0.1713790210063135,0.13513459018816035,0,0,0
2017-04-17,52.650001525878906,326340.0,55.36000061035156,18101.0,-0.010016123991878198,-0.009528140026469812,-0.38758439324971944,-0.4061830426965053,0.1769854449442091,0.14172451111896717,0,0,0
2017-04-18,52.40999984741211,202043.0,54.88999938964844,38436.0,-0.00456885765889196,-0.008526150892293145,-0.47945923662846845,0.7530273350506055,0.17901043312670933,0.14722609055248023,0,0,0
2017-04-19,50.439998626708984,133173.0,52.93000030517578,43655.0,-0.038312926032158856,-0.036360879806712834,-0.41683151117783934,0.12732330284774954,0.22524603748495256,0.19983307148914403,0,0,0
2017-04-20,50.27000045776367,606263.0,52.9900016784668,48381.0,-0.003375997059904586,0.0011329565442867954,1.5156648504641412,0.10278935140371731,0.21367453173985165,0.19319501758727753,0,0,0
2017-04-21,49.619998931884766,687474.0,51.959999084472656,36665.0,-0.013014530072831142,-0.01962907399728172,0.12571012532302497,-0.2772845531207254,0.21589751293333467,0.2054199408062626,0,0,0
2017-04-24,49.22999954223633,517897.0,51.599998474121094,27284.0,-0.007890772266113831,-0.006952531266329826,-0.28324762985477303,-0.29552217175328993,0.21631196876920553,0.2071797966853294,0,0,0
2017-04-25,49.560001373291016,587240.0,52.099998474121094,31348.0,0.00668089999896733,0.00964327655559772,0.12565721408224978,0.13885001939814534,0.21659159415622087,0.20899342929796189,0,0,0
2017-04-26,49.619998931884766,655717.0,51.81999969482422,24549.0,0.0012098722671465504,-0.005388750227004416,0.1102956985530018,-0.24447934897726387,0.21528241246699353,0.21012811631417413,0,0,0
2017-04-27,48.970001220703125,771189.0,51.439998626708984,20588.0,-0.013186066095957067,-0.00736011601239792,0.1622041862848729,-0.17596273842284632,0.21706118150755868,0.20848913805784974,0,0,0
2017-04-28,49.33000183105469,633992.0,51.72999954223633,33680.0,0.0073245617223314675,0.005621821933913556,-0.19589714364804964,0.4921958075836179,0.20257681057908078,0.19544820234531443,0,0,0
2017-05-01,48.84000015258789,364386.0,51.52000045776367,12936.0,-0.009982799997383506,-0.004067784485066383,-0.5538225907327515,-0.9568900670993202,0.19539277886955894,0.19166224305401947,0,0,0
2017-05-02,47.65999984741211,702375.0,50.459999084472656,38556.0,-0.024457183897740434,-0.020789165611976548,0.6562537041040292,1.092097607646916,0.2093141015382532,0.20321383115275787,0,0,0
2017-05-03,47.81999969482422,691319.0,50.790000915527344,34131.0,0.0033514871794144635,0.00651857776960773,-0.0158660824092458,-0.12190566769603256,0.20975974463590336,0.20374134660832874,0,0,0
2017-05-04,45.52000045776367,943959.0,48.380001068115234,52061.0,-0.04929215577402319,-0.04861297557939311,0.31148136597578896,0.42221004576170257,0.2552944240931916,0.24494874063700148,0,0,0
2017-05-05,46.220001220703125,1021610.0,49.099998474121094,54485.0,0.015260831382551533,0.01477247646401044,0.0790523602384703,0.04550932644145768,0.2640275816489164,0.2530765687050512,0,0,0
2017-05-08,46.43000030517578,785055.0,49.34000015258789,35179.0,0.004533177347698253,0.004876110470279543,-0.26338131421504574,-0.43747612076505676,0.2602997768391083,0.2501155118404277,0,0,0
2017-05-09,45.880001068115234,701944.0,48.72999954223633,33410.0,-0.01191649306284679,-0.012440266732253647,-0.11190015025825249,-0.051594057295127574,0.2549672634478851,0.24775462988938132,0,0,0
2017-05-10,47.33000183105469,819796.0,50.220001220703125,37961.0,0.031115067063336145,0.03011853057501301,0.15520190005541742,0.1277040605455717,0.2760888120635745,0.2700759135373469,0,0,0
2017-05-11,47.83000183105469,661783.0,50.77000045776367,31243.0,0.01050871336962733,0.010892259939173674,-0.214117821180801,-0.19476396582357353,0.2788692282728525,0.27386033235166585,0,0,0
2017-05-12,47.84000015258789,537490.0,50.84000015258789,29339.0,0.0002090168571609855,0.001377811346865205,-0.2080275524611075,-0.06287766211958948,0.27950535752891426,0.2746163315365641,0,0,0
2017-05-15,48.849998474121094,687153.0,51.81999969482422,31972.0,0.02089223442086252,0.019092719922224645,0.24564681967272692,0.08594283079269872,0.2929607167316173,0.28617089859918154,0,0,0
2017-05-16,48.65999984741211,589212.0,51.650001525878906,29359.0,-0.0038970130332055732,-0.0032859441364962183,-0.15377092387045635,-0.08526137654301495,0.29215479188269744,0.2853575243896307,0,0,0
2017-05-17,49.06999969482422,650107.0,52.209999084472656,32800.0,0.00839050966304009,0.01078380477866497,0.09835091374681564,0.11082937216934044,0.29513261767914506,0.28872454390889285,0,0,0
2017-05-18,49.349998474121094,242754.0,52.5099983215332,41239.0,0.0056898910773385694,0.005729565798077766,-0.9850883798331181,0.2289558951620475,0.2670790602235517,0.2618820583669943,0,0,0
2017-05-19,50.33000183105469,146452.0,53.61000061035156,34681.0,0.01966362220928914,0.02073203353941835,-0.505350855174994,-0.1731924239920897,0.27630603233569573,0.27191658598210316,0,0,0
2017-05-22,50.72999954223633,564310.0,53.869998931884766,41324.0,0.007916085385821359,0.004838087640318917,1.3489060161698703,0.17525145842714315,0.27332694144705894,0.2620649793395014,0,0,0
2017-05-23,51.470001220703125,584139.0,54.150001525878906,39671.0,0.014481694826383064,0.005184284760944552,0.03453522231765987,-0.04082300281295848,0.27508414657398406,0.260371858472771,0,0,0
2017-05-24,51.36000061035156,736341.0,53.959999084472656,52627.0,-0.0021394661159539826,-0.0035149872529647696,0.23155435844282196,0.28260885385673656,0.2749379084730097,0.25968294989061974,0,0,0
2017-05-25,48.900001525878906,1147389.0,51.459999084472656,72089.0,-0.04908224358060424,-0.047438225310227296,0.44355087858079967,0.3146721707398472,0.32643852728027417,0.31005374546661785,0,0,0
2017-05-26,49.79999923706055,763920.0,52.150001525878906,28004.0,0.018237541025644323,0.013319421643654236,-0.40678113358776513,-0.9455541096558732,0.3294250737617999,0.31241399880232495,0,0,0
2017-05-30,49.65999984741211,663486.0,51.84000015258789,18705.0,-0.002815191703169109,-0.005962155718745412,-0.14095531831837166,-0.4035564893148416,0.32876674539087825,0.3126695092128065,0,0,0
2017-05-31,48.31999969482422,779144.0,50.310001373291016,545.0,-0.027354229696533214,-0.02995816318765017,0.16068812783891734,-3.5357603521190026,0.3409073593757663,0.3294327439764736,0,0,0
2017-06-01,48.36000061035156,774478.0,50.33000183105469,43640.0,0.0008274910567564331,0.0003974653694390314,-0.006006627131864609,4.382943645283763,0.32959203250334207,0.32158551527200535,0,0,0
2017-06-02,47.65999984741211,802662.0,49.95000076293945,44207.0,-0.014580569898588152,-0.007578836800621678,0.0357444497595842,0.01290898662013709,0.33359986088041876,0.32162508323903344,0,0,0
2017-06-05,47.400001525878906,710199.0,49.470001220703125,38387.0,-0.005470207576435285,-0.009656070453384487,-0.12238849133628561,-0.14116428697615932,0.2829761372646125,0.27333122918382996,0,0,0
2017-06-06,48.189998626708984,825056.0,50.119998931884766,41397.0,0.016529241262245302,0.01305365880146831,0.14990605036497218,0.07548955382867946,0.2837622191128957,0.2723077467337024,0,0,0
2017-06-07,45.720001220703125,1182327.0,48.060001373291016,50234.0,-0.05261563652866084,-0.04196984983387563,0.3597885466328526,0.19348367383888154,0.3406563908519668,0.30965391227829253,0,0,0
2017-06-08,45.63999938964844,927695.0,47.86000061035156,40901.0,-0.0017513540054500312,-0.00417016364975324,-0.24253679448043597,-0.20553757564879532,0.3382634528300884,0.30720433125335744,0,0,0
2017-06-09,45.83000183105469,735933.0,48.150001525878906,29536.0,0.00415442685351869,0.006041074701165813,-0.2315639329948545,-0.32554465430717167,0.31911622241812376,0.2872911644030681,0,0,0
2017-06-12,46.08000183105469,666765.0,48.290000915527344,28229.0,0.005440117649843162,0.002903348910146703,-0.09870142197954394,-0.045260039991000894,0.3171833922759285,0.28408752982572916,0,0,0
2017-06-13,46.459999084472656,783320.0,48.720001220703125,26775.0,0.0082126515124869,0.008865129612731145,0.16110363705171846,-0.05288120199562829,0.3190206147688245,0.28651069400274365,0,0,0
2017-06-14,44.72999954223633,924408.0,47.0,44939.0,-0.03794730042572455,-0.035942046747065505,0.16561223557636628,0.5178373982843829,0.3320759593759994,0.2985667079367383,0,0,0
2017-06-15,44.459999084472656,500938.0,46.91999816894531,26749.0,-0.006054519266934788,-0.001703616949820546,-0.612671191693119,-0.5188089251525182,0.3321356060605134,0.2987080091791021,0,0,0
2017-06-16,44.7400016784668,191824.0,47.369998931884766,19728.0,0.006278105634111925,0.009545109627074302,-0.9599040559665852,-0.3044581430436885,0.33119804007907655,0.29793540069027286,0,0,0
2017-06-19,44.20000076293945,123943.0,46.90999984741211,19703.0,-0.01214318723327836,-0.009758225299725328,-0.436756502463669,-0.001268038008157692,0.3301128063665324,0.2959724361056095,0,0,0
2017-06-20,43.22999954223633,894104.0,46.02000045776367,30670.0,-0.022190118254213353,-0.019154774533307883,1.976000317002145,0.4425140697123295,0.3220565188030485,0.28364528290445096,0,0,0
2017-06-21,42.529998779296875,1071747.0,44.81999969482422,40210.0,-0.01632500752713693,-0.02642163299041796,0.18122320681014303,0.27083074278302244,0.3186105941115397,0.28747694808489727,0,0,0
2017-06-22,42.7400016784668,668830.0,45.220001220703125,28351.0,0.004925608599192601,0.008885032280723829,-0.4715153890901157,-0.3494534179889055,0.31160772727859765,0.2900130840327874,0,0,0
2017-06-23,43.0099983215332,690906.0,45.540000915527344,27319.0,0.0062973186080399314,0.007051586894814659,0.03247386255803331,-0.037079872108685505,0.31524652932083574,0.29461263863006587,0,0,0
2017-06-26,43.380001068115234,661354.0,45.83000183105469,22998.0,0.008565922250416516,0.006347857734821853,-0.04371453109339714,-0.17217517518511863,0.28325021989811583,0.261081603652108,0,0,0
2017-06-27,44.2400016784668,759115.0,46.650001525878906,29887.0,0.019630865133080995,0.017734021528217608,0.13786403238144643,0.26201634761610815,0.28477114423403793,0.26550523089144135,0,0,0
2017-06-28,44.7400016784668,753375.0,47.310001373291016,13352.0,0.011238598423898504,0.014048758668116808,-0.0075901692666755964,-0.8057574168830473,0.2906272807921255,0.27380283300308267,0,0,0
2017-06-29,44.93000030517578,768946.0,47.41999816894531,9980.0,0.004237736296313981,0.0023223233531494292,0.020457634170501494,-0.29108309603616134,0.2803906513631115,0.2581558065302734,0,0,0
2017-06-30,46.040000915527344,677408.0,47.91999816894531,23479.0,0.02440487386483997,0.010488873572830532,-0.12674699579853996,0.8555233142917478,0.2963769633560515,0.2620762159009036,0,0,0
2017-07-03,47.06999969482422,517621.0,49.68000030517578,17462.0,0.02212524519044711,0.03606952817151694,-0.2690304359413248,-0.2960793132265045,0.30444331577625594,0.29288214725054873,0,0,0
2017-07-05,45.130001068115234,1173581.0,47.790000915527344,40863.0,-0.04208861142317458,-0.038786012020686815,0.8185717229614901,0.8501979167446984,0.3365665929684971,0.320720136044814,0,0,0
2017-07-06,45.52000045776367,969676.0,48.11000061035156,25556.0,0.008604562367964263,0.0066736366505802626,-0.19085304211377505,-0.4693528853932174,0.33205883868189,0.317783926064293,0,0,0
2017-07-07,44.22999954223633,975914.0,46.709999084472656,28644.0,-0.028748518343779332,-0.029531813484172807,0.006412472695101441,0.11407187440459655,0.2951025238133962,0.30049795405228963,0,0,0
2017-07-10,44.400001525878906,848570.0,46.880001068115234,21447.0,0.0038362222742046215,0.0036329131390112797,-0.13982188797838438,-0.2893592216918689,0.2956952923316598,0.3007930453499835,0,0,0
2017-07-11,45.040000915527344,1010691.0,47.52000045776367,22689.0,0.014311500353597961,0.013559516634678477,0.17483695452319156,0.05629545008917776,0.3001212945647159,0.30411512390080847,0,0,0
2017-07-12,45.4900016784668,963505.0,47.7400016784668,31345.0,0.009941554320983138,0.004618971381720108,-0.04781185706691591,0.32317453918392974,0.3017067744595316,0.3044239906500111,0,0,0
2017-07-13,46.08000183105469,748971.0,48.41999816894531,22846.0,0.012886497644663332,0.014143257624646107,-0.25187741277796,-0.31627871741417646,0.3038563556797117,0.3070178536612272,0,0,0
2017-07-14,46.540000915527344,742895.0,48.90999984741211,22014.0,0.009933121421918755,0.010068957737667309,-0.008145548722420506,-0.03709743271055532,0.27299133199754755,0.27987704873675023,0,0,0
2017-07-17,46.02000045776367,560633.0,48.41999816894531,17905.0,-0.011236082991704421,-0.01006895773766732,-0.28148821325474094,-0.2065986111508039,0.27546990976106156,0.2827187929608894,0,0,0
2017-07-18,46.400001525878906,208420.0,48.84000015258789,20301.0,0.008223397563251198,0.008636738672914375,-0.9895112279351496,0.12559014246780212,0.27596438081740077,0.28241038134493784,0,0,0
2017-07-19,47.119998931884766,140677.0,49.70000076293945,20340.0,0.015398024557820342,0.017455296086733314,-0.39308879217877235,0.001919244702215632,0.2750030519810189,0.2845215932259714,0,0,0
2017-07-20,46.790000915527344,720621.0,49.29999923706055,26566.0,-0.007027992230494894,-0.008080882880278398,1.6336468578852017,0.2670428120898976,0.26218863537550596,0.2762444537517349,0,0,0
2017-07-21,45.77000045776367,769438.0,48.060001373291016,27053.0,-0.022040659777913942,-0.025473806690365204,0.06554703796227135,0.018165702162722445,0.2683822583520269,0.2749770627417433,0,0,0
2017-07-24,46.34000015258789,707910.0,48.599998474121094,25408.0,0.012376657630078282,0.011173240626928553,-0.08334341126358963,-0.06273381980830894,0.270117859866967,0.27567354479290984,0,0,0
2017-07-25,47.88999938964844,885700.0,50.20000076293945,27529.0,0.03290117931263326,0.03239154238591811,0.22406132584614497,0.0801759094198871,0.28826536705744854,0.2932784456229063,0,0,0
2017-07-26,48.75,887864.0,50.970001220703125,26137.0,0.017798495834202753,0.015222206405712934,0.0024402852943377798,-0.05188805951589435,0.29141387516315903,0.2955324019301594,0,0,0
2017-07-27,49.040000915527344,880757.0,51.4900016784668,21851.0,0.005931112853091146,0.010150398354574134,-0.008036813148326136,-0.17910524788398827,0.2869070071917814,0.2925880845554887,0,0,0
2017-07-28,49.709999084472656,771225.0,52.52000045776367,12631.0,0.013569791392266162,0.01980641149461558,-0.13280160517818504,-0.5480925772928915,0.2876680603002557,0.2955705171266417,0,0,0
2017-07-31,50.16999816894531,781539.0,52.650001525878906,844.0,0.00921110030994347,0.00247220941095678,0.013284892863712768,-2.7057568941780183,0.2880141900945264,0.29555402410054277,0,0,0
2017-08-01,49.15999984741211,1008583.0,52.630001068115234,33859.0,-0.020336920405226354,-0.0003799479010540397,0.25503660180690096,3.6918076272823392,0.29219928416967633,0.2954005047011391,0,0,0
2017-08-02,49.59000015258789,847722.0,52.36000061035156,34625.0,0.008708921984100847,-0.005143366961957672,-0.17374890259881742,0.02237112161134305,0.28480815525208086,0.27353164706413474,0,0,0
2017-08-03,49.029998779296875,837763.0,52.0099983215332,34779.0,-0.01135687281195565,-0.006706977185548888,-0.011817507602245907,0.004437791848871569,0.24068766092074828,0.2319299630130712,0,0,0
2017-08-04,49.58000183105469,745664.0,52.41999816894531,26969.0,0.011155232772284676,0.00785218745182108,-0.11646014765543852,-0.2543256981272263,0.24147049640339494,0.23213510064037873,0,0,0
2017-08-07,49.38999938964844,831374.0,52.369998931884766,29496.0,-0.0038396013436235413,-0.0009542750689594095,0.10880465717974323,0.08956660270269547,0.21249502405369894,0.19868840604055504,0,0,0
2017-08-08,49.16999816894531,924240.0,52.13999938964844,24795.0,-0.004464318010155275,-0.004401491096498993,0.10589202439754397,-0.17361264099074614,0.21512226977808477,0.20154127522602103,0,0,0
2017-08-09,49.560001373291016,858250.0,52.70000076293945,26143.0,0.007900440286025032,0.010683073225004188,-0.07407634583696167,0.052939448310954595,0.21270570513433018,0.20025572146362738,0,0,0
2017-08-10,48.59000015258789,1135440.0,51.900001525878906,52899.0,-0.019766332912480405,-0.01529665045213924,0.27988008765320094,0.7048029668418445,0.22759845122448472,0.21217086609802144,0,0,0
2017-08-11,48.81999969482422,804237.0,52.099998474121094,25318.0,0.004722307155647441,0.003846099899611077,-0.3448815181305772,-0.7368688298792596,0.22493451708236253,0.2089287574055974,0,0,0
2017-08-14,47.59000015258789,763241.0,50.72999954223633,29797.0,-0.025517400374453155,-0.02664747691674916,-0.05232016199527479,0.16289211208810328,0.24343338890937294,0.23181782194189282,0,0,0
2017-08-15,47.54999923706055,770358.0,50.79999923706055,35111.0,-0.0008408853929151805,0.0013788970108743054,0.009281501998696007,0.16410675438598382,0.239446940618805,0.2278277544154222,0,0,0
2017-08-16,46.779998779296875,815544.0,50.27000045776367,33911.0,-0.01632603788492438,-0.010487852755358617,0.05700003337078541,-0.034775026159982535,0.24585168644031105,0.23072341551786466,0,0,0
2017-08-17,47.09000015258789,608314.0,51.029998779296875,43863.0,0.006604932434328077,0.015005184344011352,-0.2931641792130884,0.2573316945746697,0.24092519629181144,0.22871913070134925,0,0,0
2017-08-18,48.5099983215332,253069.0,52.720001220703125,41235.0,0.029709260160886743,0.03258124219411564,-0.8770290172046181,-0.06178372981809191,0.2603116749975563,0.2501686952021021,0,0,0
2017-08-21,47.369998931884766,129192.0,51.65999984741211,33088.0,-0.023780833269383485,-0.020311128634712045,-0.6723625088901595,-0.22011673139935484,0.262374592814197,0.24325823229728563,0,0,0
2017-08-22,47.63999938964844,864387.0,51.869998931884766,36291.0,0.005683637288041358,0.00405678305715138,1.9007209152592313,0.09239909775985694,0.25993548371356096,0.24165140447970096,0,0,0
2017-08-23,48.40999984741211,701693.0,52.56999969482422,31540.0,0.01603366912425813,0.013405041255074171,-0.20852459875063492,-0.1403131951109286,0.23990749506645612,0.22069619508002547,0,0,0
2017-08-24,47.43000030517578,831358.0,52.040000915527344,38326.0,-0.020451454475886165,-0.01013293778915831,0.16956452190723434,0.1948719355114112,0.24176862549769293,0.2193143040911304,0,0,0
2017-08-25,47.869998931884766,646518.0,52.40999984741211,32957.0,0.009234034767860529,0.007084738665581249,-0.2514594682908939,-0.15092483556502684,0.2432805933534231,0.21795367960389359,0,0,0
2017-08-28,46.56999969482422,921285.0,51.88999938964844,23706.0,-0.027532430650355447,-0.009971328285411694,0.35416839458905863,-0.32947550082396804,0.2534006395664844,0.2095578386401447,0,0,0
2017-08-29,46.439998626708984,895643.0,52.0,20366.0,-0.002795423182836922,0.0021176369641912845,-0.028227538563142154,-0.15186133690783496,0.2494287636185077,0.209496472236758,0,0,0
2017-08-30,45.959999084472656,895643.0,50.86000061035156,20366.0,-0.010389694197929141,-0.022166946586833273,0.0,0.0,0.2433647434042109,0.2224155463224174,0,0,0
2017-08-31,47.22999954223633,882983.0,52.380001068115234,9938.0,0.027257841155338518,0.02944808747663306,-0.014235948207123239,-0.7175010505693448,0.26253416977068184,0.24650361577964952,0,0,0
2017-09-01,47.290000915527344,915708.0,52.31999969482422,43495.0,0.0012696017998318771,-0.00114615815515438,0.03639158869077623,1.4762801957793754,0.26069620774737384,0.2453419862519413,0,0,0
2017-09-05,48.65999984741211,742808.0,53.380001068115234,24873.0,0.028558458203944467,0.02005746266995725,-0.20925993708148283,-0.5588631111573128,0.2779277592512906,0.25359100211899377,0,0,0
2017-09-06,49.15999984741211,788963.0,54.20000076293945,30783.0,0.01022294737435129,0.015244758535944026,0.060281825462940426,0.21317971174599049,0.2803075328180518,0.25829242056994506,0,0,0
2017-09-07,49.09000015258789,702514.0,54.4900016784668,34793.0,-0.0014249304156401822,0.005336306876240245,-0.11605409510778263,0.12245362757370051,0.27992545109108763,0.257626513992767,0,0,0
2017-09-08,47.47999954223633,843760.0,53.779998779296875,28912.0,-0.03334679107801265,-0.013115601255583104,0.1832027641334116,-0.18515948327200968,0.3008017881435258,0.2608064668357407,0,0,0
2017-09-11,48.06999969482422,774468.0,53.84000015258789,30263.0,0.012349715457021048,0.0011150600279400725,-0.08569175194370131,0.045669110376122216,0.29751305434192216,0.2540203014845132,0,0,0
2017-09-12,48.22999954223633,676040.0,54.27000045776367,22720.0,0.0033229490323173536,0.007954908339672426,-0.1359240961346302,-0.28668025037304445,0.29724219367011195,0.25484542884646794,0,0,0
2017-09-13,49.29999923706055,706925.0,55.15999984741211,24868.0,0.02194284098358275,0.01626645364857926,0.044672332342673184,0.09033624255414041,0.2925001322160805,0.23691061396273932,0,0,0
2017-09-14,49.88999938964844,709035.0,55.470001220703125,27549.0,0.011896504065801004,0.00560430591486613,0.0029803123842446558,0.10238440089240367,0.2944379966084639,0.2367767065940416,0,0,0
2017-09-15,49.88999938964844,433597.0,55.619998931884766,22004.0,0.0,0.0027004735283315344,-0.49178935933463186,-0.2247419822862832,0.2867651868990422,0.2308093698825526,0,0,0
2017-09-18,49.90999984741211,189605.0,55.47999954223633,23767.0,0.00040081078525704817,-0.0025202424063574366,-0.8271725705010917,0.07707380888601785,0.28660550931607515,0.22903855201598475,0,0,0
2017-09-19,49.47999954223633,143379.0,55.13999938964844,19337.0,-0.00865284215145882,-0.006147192669137936,-0.2794514868542443,-0.20627770483077468,0.27158653404876576,0.20626471404131042,0,0,0
2017-09-20,50.40999984741211,754413.0,56.290000915527344,27031.0,0.018621026794804388,0.02064152121388553,1.660448489481337,0.33496399646601654,0.2625193352763405,0.1987555651401254,0,0,0
2017-09-21,50.54999923706055,580569.0,56.43000030517578,23549.0,0.0027733653061090746,0.0024840216486792925,-0.26193130628492495,-0.13790099881862736,0.26233267141093175,0.19883326379799893,0,0,0
2017-09-22,50.65999984741211,473795.0,56.86000061035156,18348.0,0.0021737111878180316,0.00759117956805055,-0.20323391843032654,-0.2495627799809185,0.2578946075491813,0.1963776183821436,0,0,0
2017-09-25,52.220001220703125,701244.0,59.02000045776367,23811.0,0.030328945085613655,0.03728426031372966,0.39208116195750653,0.2606270820419226,0.26175183871620034,0.22129893293374814,0,0,0
2017-09-26,51.880001068115234,709515.0,58.439998626708984,28328.0,-0.006532206610711715,-0.009875813887533834,0.01172573737509498,0.1737030560327545,0.2639098443817826,0.22794460764690005,0,0,0
2017-09-27,52.13999938964844,637035.0,57.900001525878906,15305.0,0.004999016762910106,-0.009283152450693069,-0.10775703890798029,-0.6156711424122268,0.2379846635184177,0.22737979391363725,0,0,0
2017-09-28,51.560001373291016,801816.0,57.40999984741211,7005.0,-0.011186192093541391,-0.008498909410960761,0.2300545559926447,-0.7815553926084055,0.24333144076839813,0.23212870332063215,0,0,0
2017-09-29,51.66999816894531,551982.0,57.540000915527344,27369.0,0.0021311021558103422,0.002261872512864903,-0.37336371806056073,1.3627868062424766,0.23715364099035444,0.2109441304834982,0,0,0
2017-10-02,50.58000183105469,600933.0,56.119998931884766,19371.0,-0.021321029418632006,-0.024988137832989744,0.08496801040576146,-0.3456338837190074,0.2408706401085443,0.21845258655646166,0,0,0
2017-10-03,50.41999816894531,462735.0,56.0,21948.0,-0.003168391999244596,-0.002140545466408825,-0.2613289114381561,0.1248989168842894,0.2418221921421618,0.21873366375813943,0,0,0
2017-10-04,49.97999954223633,598836.0,55.79999923706055,25898.0,-0.008764969195864813,-0.003577835020634081,0.2578332349614316,0.1654897264499193,0.22628342571113058,0.21101990921156435,0,0,0
2017-10-05,50.790000915527344,654385.0,57.0,32050.0,0.016076586591024407,0.021277412120035092,0.0887080922866336,0.2131314377200307,0.2300768632748962,0.21670879129121864,0,0,0
2017-10-06,49.290000915527344,743114.0,55.619998931884766,33642.0,-0.02997826354730544,-0.02450843823252938,0.12715360171513163,0.04847810300291143,0.2546798816595902,0.23546079075541584,0,0,0
2017-10-09,49.58000183105469,505079.0,55.790000915527344,23056.0,0.005866324246772274,0.0030518286656570216,-0.38613461229642543,-0.3778492471124243,0.22398710743538108,0.22986224093052213,0,0,0
2017-10-10,50.91999816894531,664839.0,56.61000061035156,21094.0,0.026668174191404527,0.014591000562582283,0.2748300533963409,-0.08893739940274381,0.23736660491927802,0.23409647826691357,0,0,0
2017-10-11,51.29999923706055,651948.0,56.939998626708984,21840.0,0.007434999574844551,0.005812398901418748,-0.01958010193562715,0.034754511022281824,0.23792002106241358,0.23357169122320498,0,0,0
2017-10-12,50.599998474121094,729273.0,56.25,22286.0,-0.013739191166899794,-0.012192016647149284,0.11208334335827717,0.020215527748157817,0.23408547254219472,0.2329139701410569,0,0,0
2017-10-13,51.45000076293945,667497.0,57.16999816894531,23433.0,0.01665893097110397,0.016223212163106262,-0.0885132516208535,0.050186606671407764,0.23737558684380425,0.23843740274897757,0,0,0
2017-10-16,51.869998931884766,520725.0,57.81999969482422,22799.0,0.00813009066233686,0.01130547806253279,-0.24831282457483553,-0.027428609946860215,0.23841132530254683,0.24086266915589272,0,0,0
2017-10-17,51.880001068115234,471612.0,57.880001068115234,31599.0,0.00019281226528117723,0.0010371889070750005,-0.09906545767533606,0.3264087991731049,0.23842838061077415,0.2403646332622363,0,0,0
2017-10-18,52.040000915527344,152620.0,58.150001525878906,25606.0,0.0030792912006348512,0.0046539849878236075,-1.1282054417706238,-0.21029877549852727,0.235364798126128,0.23864834505664803,0,0,0
2017-10-19,51.290000915527344,127413.0,57.22999954223633,29999.0,-0.01451685198587319,-0.015947676782722436,-0.1805173931129076,0.15833734874926686,0.23458474952732564,0.2373172517576884,0,0,0
2017-10-20,51.470001220703125,674142.0,57.75,28185.0,0.0035033181302584243,0.009045120979558372,1.6660069924658696,-0.06237412623971576,0.23467478542969017,0.2389903118870978,0,0,0
2017-10-23,51.900001525878906,583563.0,57.369998931884766,25947.0,0.008319682190755042,-0.006601849406133422,-0.14428835616441676,-0.08273392554105377,0.23607026811181547,0.2391911209776959,0,0,0
2017-10-24,52.470001220703125,709553.0,58.33000183105469,32802.0,0.010922781391195473,0.016595072161078975,0.19548277925342722,0.23443349314843262,0.2144284873902984,0.20768194269134818,0,0,0
2017-10-25,52.18000030517578,681739.0,58.439998626708984,26265.0,-0.0055423154062999285,0.001883991226488213,-0.0399883076547593,-0.22225223473499237,0.21406240668708315,0.2050136298874975,0,0,0
2017-10-26,52.63999938964844,594647.0,59.29999923706055,26572.0,0.008776989865134595,0.014608729754585053,-0.13667893447261653,0.011620775397069768,0.2155081942862242,0.2080656022634913,0,0,0
2017-10-27,53.900001525878906,730915.0,60.439998626708984,15873.0,0.023654230802155545,0.01904182154505818,0.20632922174299223,-0.5152384772128904,0.22536590111075666,0.21378758062941933,0,0,0
2017-10-30,54.150001525878906,565043.0,60.900001525878906,14987.0,0.004627495401349084,0.007582085088354185,-0.2573953394738742,-0.05743639392724526,0.2255342059847363,0.21452196727691744,0,0,0
2017-10-31,54.380001068115234,497295.0,61.369998931884766,1113.0,0.004238457220275105,0.007687899225154184,-0.12771842306823672,-2.6001240863694512,0.20864892879960087,0.189817993573468,0,0,0
2017-11-01,54.29999923706055,671038.0,61.290000915527344,30560.0,-0.0014722459565775466,-0.0013043865612177993,0.2996423558838892,3.312632892004912,0.20805294824560577,0.18948462910155023,0,0,0
2017-11-02,54.540000915527344,482846.0,60.619998931884766,27721.0,0.004410181314349612,-0.010991858425462138,-0.3291280050284562,-0.09750171559123069,0.2031916459194298,0.19502709813665053,0,0,0
2017-11-03,55.63999938964844,614159.0,62.06999969482422,25695.0,0.019967961881798862,0.023637921499114305,0.24055609004572145,-0.07589382826289615,0.206488152976533,0.19782171713355468,0,0,0
2017-11-06,57.349998474121094,861713.0,64.2699966430664,32269.0,0.030270460883358854,0.0348301316425363,0.33866841631080574,0.22781059660528058,0.18462773969992965,0.1966478488696745,0,0,0
2017-11-07,57.20000076293945,750187.0,63.689998626708984,34317.0,-0.002618905245092359,-0.009065364330298151,-0.13859975980362557,0.06153384116217256,0.18772088393161476,0.20396631202305424,0,0,0
2017-11-08,56.810001373291016,919147.0,63.4900016784668,41527.0,-0.006841520981416415,-0.003145103202091131,0.20312355725314327,0.19070295988464897,0.178726183396101,0.20414273442825467,0,0,0
2017-11-09,57.16999816894531,666949.0,63.93000030517578,24929.0,0.006316862505197752,0.006906299933158615,-0.3207324848152847,-0.5103120336798296,0.17859288916766797,0.20420157077738396,0,0,0
2017-11-10,56.7400016784668,541296.0,63.52000045776367,24446.0,-0.007549794285210902,-0.006433915406741011,-0.2087473170651166,-0.019565181061394585,0.17148621939836356,0.1988138744570775,0,0,0
2017-11-13,56.7599983215332,631619.0,63.15999984741211,29816.0,0.00035236375811994406,-0.005683637173940227,0.15432010010157027,0.19857855882188633,0.1673136639660811,0.19880923468456335,0,0,0
2017-11-14,55.70000076293945,707338.0,62.209999084472656,46259.0,-0.018851662090009366,-0.01515544316134171,0.1132222637739248,0.4392108774449992,0.185424614282256,0.2086924820580157,0,0,0
2017-11-15,55.33000183105469,501385.0,61.869998931884766,27356.0,-0.0066648706271742,-0.0054803515311714285,-0.34413435899138645,-0.5253201563861071,0.18841323472310642,0.2108655835303961,0,0,0
2017-11-16,55.13999938964844,213923.0,61.36000061035156,28684.0,-0.003439895476835699,-0.008277225272973717,-0.8517581318526707,0.047403592784478865,0.18975597233449518,0.21444989661845879,0,0,0
2017-11-17,56.54999923706055,184944.0,62.720001220703125,30936.0,0.025249794544190143,0.021922228498833234,-0.1455630606375682,0.07558107828466752,0.19410083732115685,0.21339470340593322,0,0,0
2017-11-20,56.09000015258789,593241.0,62.220001220703125,23428.0,-0.008167642830058329,-0.008003884416258801,1.1655476479788478,-0.2779886660774602,0.19911461683171944,0.21682549088527656,0,0,0
2017-11-21,56.83000183105469,619066.0,62.56999969482422,30389.0,0.01310684128823324,0.005609414044287737,0.04261116605637603,0.26014881259872613,0.20107584149672153,0.21372566658400394,0,0,0
2017-11-22,58.02000045776367,837411.0,63.31999969482422,29926.0,0.02072339905412412,0.011915305060309446,0.30210309880845604,-0.01535303306503443,0.20788108206316588,0.21088302190553482,0,0,0
2017-11-24,58.95000076293945,577826.0,63.86000061035156,21047.0,0.01590185334251053,0.008491966651054762,-0.3710422041065509,-0.35196963560419287,0.20772671656228706,0.21132548587798777,0,0,0
2017-11-27,58.11000061035156,690078.0,63.84000015258789,22019.0,-0.014351863335128223,-0.0003132413125719601,0.17753184939159294,0.04514768484561356,0.218723268721927,0.2083872166033093,0,0,0
2017-11-28,57.9900016784668,546526.0,63.61000061035156,15235.0,-0.0020671657579748575,-0.0036092552457876455,-0.23322275271538806,-0.3683103045649761,0.2085622160984645,0.20178716937373845,0,0,0
2017-11-29,57.29999923706055,741564.0,63.11000061035156,10166.0,-0.011970000426552734,-0.007891455018544935,0.30517958741879664,-0.40454659341296156,0.21523282657793735,0.20392136085407517,0,0,0
2017-11-30,57.400001525878906,735128.0,63.56999969482422,2034.0,0.0017437195029074669,0.00726241088030981,-0.008716835673633022,-1.6090445213983424,0.21518053876104737,0.2037691396129841,0,0,0
2017-12-01,58.36000061035156,685215.0,63.4900016784668,28073.0,0.0165864042041969,-0.0012592165286221444,-0.07031197608149374,2.6248039627045987,0.21994276021853898,0.20376087181477356,0,0,0
2017-12-04,57.470001220703125,529965.0,62.45000076293945,27437.0,-0.01536764035262186,-0.01651619083067809,-0.25692169099918394,-0.022915792896245936,0.2293077782976659,0.2089227295261054,0,0,0
2017-12-05,57.619998931884766,499245.0,62.86000061035156,21380.0,0.00260661735879985,0.006543792290727291,-0.05971400940649103,-0.24943656183782165,0.2203477880870742,0.19386269832698583,0,0,0
2017-12-06,55.959999084472656,678992.0,61.220001220703125,25263.0,-0.029232577682259744,-0.026436087622239087,0.3075123882336468,0.16688496911906558,0.21942524156002835,0.17257061540418892,0,0,0
2017-12-07,56.689998626708984,557325.0,62.20000076293945,19281.0,0.01296067067474773,0.015881058554161782,-0.19746079274524417,-0.27022071965870603,0.22470119136987848,0.18167280552012216,0,0,0
2017-12-08,57.36000061035156,681599.0,63.400001525878906,28508.0,0.011749402820442885,0.019108873499629198,0.2012929556662369,0.39106459458236553,0.22722830948921818,0.19446407639384405,0,0,0
2017-12-11,57.9900016784668,606724.0,64.69000244140625,44515.0,0.010923403900339464,0.020142782285310027,-0.11636751594600554,0.44564146138601024,0.22927577171271057,0.20553569894584497,0,0,0
2017-12-12,57.13999938964844,826488.0,63.34000015258789,55976.0,-0.014766224711481327,-0.021089624276458014,0.3091114056675411,0.22909681641796104,0.23385591434446173,0.21773019957126413,0,0,0
2017-12-13,56.599998474121094,658143.0,62.439998626708984,34080.0,-0.0094954278707949,-0.014310969866061844,-0.2277631651578408,-0.49621232548248057,0.23632162104525858,0.22249922226967594,0,0,0
2017-12-14,57.040000915527344,580571.0,63.310001373291016,29866.0,0.007743833906514411,0.01383724259410809,-0.12541013092781853,-0.1319899923260381,0.22757710250845206,0.22117616219822103,0,0,0
2017-12-15,57.29999923706055,210054.0,63.22999954223633,21478.0,0.004547818249209022,-0.0012644514167066542,-1.016647461494702,-0.3296915541990521,0.22604632246548473,0.22013920779212115,0,0,0
2017-12-18,57.15999984741211,137151.0,63.40999984741211,20560.0,-0.0024462600136897555,0.002842710474708495,-0.42628213187511044,-0.04368171484906039,0.22578958965708334,0.21756722976066362,0,0,0
2017-12-19,57.459999084472656,420784.0,63.79999923706055,22157.0,0.005234687225665261,0.006131603086874659,1.1210371292429833,0.07480603306617455,0.20956342974330963,0.2054920207711366,0,0,0
2017-12-20,58.09000015258789,420844.0,64.55999755859375,26006.0,0.010904497013346273,0.011841807753165146,0.00014258080791430827,0.16017380697598918,0.20974011552524802,0.2062614092796773,0,0,0
2017-12-21,58.36000061035156,405320.0,64.9000015258789,17911.0,0.004637199481782661,0.005252661075664623,-0.03758534011472392,-0.37291223138600665,0.20593777325100962,0.20618116196214056,0,0,0
2017-12-22,58.470001220703125,324554.0,65.25,14337.0,0.00188308895203185,0.005378398981527463,-0.22222494641923213,-0.22257144097899065,0.19347223845133796,0.20334069266897498,0,0,0
2017-12-26,59.970001220703125,437785.0,67.0199966430664,9850.0,0.025330634470642526,0.026764986017825648,0.2992759901207227,-0.37537215308013333,0.20540028693295515,0.22046833068325236,0,0,0
2017-12-27,59.63999938964844,402396.0,66.44000244140625,11890.0,-0.005517977873039849,-0.008691710729504734,-0.08429124390333649,0.18822625551869296,0.1993713905319244,0.2236076946818254,0,0,0
2017-12-28,59.84000015258789,345962.0,66.72000122070312,2057.0,0.00334785655354518,0.004205454855277508,-0.15110773594152344,-1.7544491000318703,0.19912273402752817,0.22281856830000862,0,0,0
2017-12-29,60.41999816894531,464478.0,66.5999984741211,12234.0,0.009645809436932199,-0.0018002217111527802,0.2945852519398438,1.782970350149553,0.1947355183528617,0.22030231388907554,0,0,0
2018-01-02,60.369998931884766,510313.0,66.56999969482422,24294.0,-0.0008278705375656227,-0.0004505336069201585,0.09411006857950724,0.686010445457706,0.19506894243760528,0.21984903545651024,0,0,0
2018-01-03,61.630001068115234,673859.0,67.83999633789062,25878.0,0.020656507189724515,0.01889791647375279,0.27799662725802826,0.06316378061568191,0.19926238523871134,0.22683539300592967,0,0,0
2018-01-04,62.0099983215332,654363.0,68.06999969482422,22840.0,0.00614685298886259,0.003384645474514864,-0.02935864686635305,-0.12487980210595168,0.1884692684070629,0.2152704006080338,0,0,0
2018-01-05,61.439998626708984,563036.0,67.62000274658203,18290.0,-0.009234568806432161,-0.00663274507896233,-0.15031867409072588,-0.2221589223850352,0.19366413933077994,0.21820736234307192,0,0,0
2018-01-08,61.72999954223633,616474.0,67.77999877929688,17704.0,0.004708962502551161,0.0023633102714878816,0.0906725788975999,-0.03256385965402585,0.15398774304503995,0.18936433163428695,0,0,0
2018-01-09,62.959999084472656,844720.0,68.81999969482422,25548.0,0.019729560577509075,0.015227247765807283,0.3149890633436112,0.3667684329505942,0.16023644475412455,0.18889729240439607,0,0,0
2018-01-10,63.56999969482422,697844.0,69.19999694824219,21538.0,0.009642066579956643,0.005506422588147696,-0.19100962941677843,-0.17074021879265353,0.15928067702381207,0.18166790026527194,0,0,0
2018-01-11,63.79999923706055,876642.0,69.26000213623047,33268.0,0.0036115222447539275,0.0008667512948383967,0.22810311714424136,0.43477715709975184,0.157800831455734,0.1723437583080619,0,0,0
2018-01-12,64.30000305175781,678727.0,69.87000274658203,23032.0,0.007806500312368358,0.008768842056333834,-0.25587971437123513,-0.3677114206965664,0.1415258430828026,0.14861484272047482,0,0,0
2018-01-16,63.72999954223633,867771.0,69.1500015258789,33284.0,-0.008904276561471199,-0.010358331697264843,0.24570887011316372,0.3681922477283087,0.14074287910022334,0.1427690087726729,0,0,0
2018-01-17,63.970001220703125,444384.0,69.37999725341797,20500.0,0.003758840401134642,0.00332052177710048,-0.6692388014506805,-0.484651914893821,0.14067279923683268,0.13903667612331583,0,0,0
2018-01-18,63.95000076293945,204504.0,69.30999755859375,20117.0,-0.00031270258937618977,-0.00100944124863618,-0.7761015183232052,-0.018859657397927762,0.14207064986988485,0.1389094487293568,0,0,0
2018-01-19,63.369998931884766,142711.0,68.61000061035156,22077.0,-0.009110993474894684,-0.010150855106692438,-0.35976592888858117,0.09297111386613689,0.1483445275136189,0.1477245701011074,0,0,0
2018-01-22,63.4900016784668,625662.0,69.02999877929688,23250.0,0.001891893138863068,0.00610286943296717,1.4779886828746909,0.05176878942079369,0.14870421667429537,0.14771877446524775,0,0,0
2018-01-23,64.47000122070312,662456.0,69.95999908447266,23749.0,0.015317578637895804,0.013382462032238213,0.057143851380583435,0.02123529229767559,0.15175920791639072,0.1488738048175071,0,0,0
2018-01-24,65.61000061035156,887018.0,70.52999877929688,23732.0,0.01752811440254249,0.008114496848553532,0.2919111346661053,-0.0007160759346440843,0.15785874789938686,0.14954811568687043,0,0,0
2018-01-25,65.51000213623047,771758.0,70.41999816894531,24111.0,-0.001525297306496073,-0.0015608461875212208,-0.1391942458468391,0.015843819502294274,0.15929841250418875,0.15064758966731823,0,0,0
2018-01-26,66.13999938964844,678186.0,70.5199966430664,30361.0,0.009570862972459189,0.001419022202099801,-0.12924944277945988,0.23049072216270794,0.14299132191781533,0.12501047256909223,0,0,0
2018-01-29,65.55999755859375,656168.0,69.45999908447266,17623.0,-0.008807981689107937,-0.01514527579180667,-0.033004732882582044,-0.5439540229791666,0.14635749989781485,0.13392220287789577,0,0,0
2018-01-30,64.5,688380.0,69.0199966430664,12571.0,-0.016300492834635933,-0.006354765102544165,0.0479241573214246,-0.33781229314953837,0.16317770307390791,0.13681203855278562,0,0,0
2018-01-31,64.7300033569336,613258.0,69.05000305175781,1494.0,0.0035596006162437266,0.0004346550189056237,-0.11555528273488312,-2.1299354872220686,0.16167794138947744,0.13632751562295603,0,0,0
2018-02-01,65.80000305175781,685750.0,69.08000183105469,29317.0,0.01639506029259812,0.0004343557331221614,0.11172740151348905,2.9767104658368386,0.16708054845640855,0.13618436002161918,0,0,0
2018-02-02,65.44999694824219,857572.0,68.58000183105469,27547.0,-0.005333438981976317,-0.007264306050452695,0.22359201071209503,-0.062273915799765545,0.15867851010901798,0.1243483373768811,0,0,0
2018-02-05,64.1500015258789,891063.0,67.62000274658203,32399.0,-0.02006233088083776,-0.01409713583668361,0.038309991512081566,0.16223392137674486,0.1767865817544588,0.13366517493471924,0,0,0
2018-02-06,63.38999938964844,797814.0,66.86000061035156,32169.0,-0.011918004180194362,-0.011302947776881253,-0.11053964446684325,-0.007124302218325403,0.17909110681599288,0.13737371962752543,0,0,0
2018-02-07,61.790000915527344,1029408.0,65.51000213623047,56412.0,-0.025564556777916102,-0.020398054767740818,0.2548636711307988,0.5616786459238754,0.2015294024745073,0.15304969275673866,0,0,0
2018-02-08,61.150001525878906,929578.0,64.80999755859375,37936.0,-0.010411666803414545,-0.010742960583596767,-0.10200843898118768,-0.396781372506944,0.1912208114718303,0.14314530892093422,0,0,0
2018-02-09,59.20000076293945,933307.0,62.790000915527344,34853.0,-0.032408332308778695,-0.03166403506261424,0.004003473086783677,-0.08476131260769065,0.21469724021621212,0.17098140348521057,0,0,0
2018-02-12,59.290000915527344,736917.0,62.59000015258789,33192.0,0.0015191183833392706,-0.0031903163322948877,-0.23625892568862802,-0.04883033368479221,0.21395837659569986,0.16991263135518653,0,0,0
2018-02-13,59.189998626708984,580600.0,62.720001220703125,38693.0,-0.001688087659558984,0.0020748721303877004,-0.23841321553228337,0.15334982209169937,0.2101353263687472,0.1646675444159382,0,0,0
2018-02-14,60.599998474121094,650324.0,64.36000061035156,40865.0,0.023542282394517684,0.025811936102688185,0.11340864864692997,0.05461524584582678,0.2296383263652886,0.19508739982708567,0,0,0
2018-02-15,61.34000015258789,340401.0,64.33000183105469,36176.0,0.012137293277932485,-0.000466217721208092,-0.6473463658222265,-0.12187803543247899,0.23425649398800089,0.19387651235722064,0,0,0
2018-02-16,61.68000030517578,181179.0,64.83999633789062,27034.0,0.005527573029119597,0.007896526501930536,-0.6306388415623223,-0.29130058247397805,0.23565570888918952,0.19779030123380686,0,0,0
2018-02-20,61.900001525878906,794481.0,65.25,34029.0,0.003560470138458665,0.00630340581449902,1.478203578426326,0.23011776918337923,0.23473525091730232,0.19868877232886456,0,0,0
2018-02-21,61.68000030517578,466924.0,65.41999816894531,26015.0,-0.003560470138458674,0.0026019479182159775,-0.5315225677534343,-0.26853980750274836,0.234614299083396,0.1971672991295533,0,0,0
2018-02-22,62.77000045776367,592603.0,66.38999938964844,29052.0,0.01751752541935391,0.014718439416622934,0.23835819403756764,0.11041403300165496,0.23670126031960026,0.19857748056039942,0,0,0
2018-02-23,63.54999923706055,460597.0,67.30999755859375,20948.0,0.012349726007966917,0.013762344213901347,-0.2520012234415921,-0.32704415132668047,0.23215486220103648,0.2032871810132198,0,0,0
2018-02-26,63.90999984741211,469853.0,67.5,20385.0,0.005648855644525698,0.002818820126940848,0.019896405703406228,-0.027243840146024538,0.2334788677643679,0.2040323004802699,0,0,0
2018-02-27,63.0099983215332,562670.0,66.62999725341797,9005.0,-0.01418242395878518,-0.01297271252544142,0.18027343081567657,-0.8170193576432974,0.23419913377434765,0.2070473911030028,0,0,0
2018-02-28,61.63999938964844,768409.0,65.77999877929688,1241.0,-0.0219824167658218,-0.012839063149491679,0.3116288328346096,-1.9818624724054492,0.24308392659271402,0.20544898053909316,0,0,0
2018-03-01,60.9900016784668,812505.0,65.70999908447266,44819.0,-0.010601056721314872,-0.001064715226621099,0.05579992455564083,3.586714650433312,0.23991686812035734,0.20504513675470537,0,0,0
2018-03-02,61.25,613514.0,64.37000274658203,39587.0,0.004253905596111183,-0.02060337824374035,-0.28091898425461453,-0.1241313751202333,0.24015575957600035,0.21420447506683263,0,0,0
2018-03-05,62.56999969482422,599266.0,65.54000091552734,31209.0,0.021322075708085825,0.018012928506464795,-0.023497510776724267,-0.23779426677868062,0.24561849330236782,0.22641666721479062,0,0,0
2018-03-06,62.599998474121094,634953.0,65.79000091552734,24251.0,0.00047932859806791545,0.003807207774156173,0.057845407405586656,-0.2522486611102,0.2455682136334733,0.22673241185460016,0,0,0
2018-03-07,61.150001525878906,879119.0,64.33999633789062,36313.0,-0.023435366644760786,-0.022286400121013766,0.32536928923152464,0.4037179502338323,0.24892846017281953,0.2339090053090393,0,0,0
2018-03-08,60.119998931884766,720510.0,63.61000061035156,44008.0,-0.016987339967843584,-0.011410764606870223,-0.19896097504310276,0.19219563169265683,0.2520017824565775,0.23396119143459765,0,0,0
2018-03-09,62.040000915527344,659722.0,65.48999786376953,33619.0,0.031436805947001524,0.02912672632484913,-0.08814076042926608,-0.26928005223493595,0.26343073034100434,0.2483433303517073,0,0,0
2018-03-12,61.36000061035156,537990.0,64.94999694824219,19165.0,-0.011021186059327283,-0.008279730480432094,-0.20397856153607272,-0.5620056845057027,0.26374814349990244,0.24714625313088004,0,0,0
2018-03-13,60.709999084472656,747738.0,64.63999938964844,34247.0,-0.010649752944055874,-0.004784291359824074,0.3292126766084088,0.5805132707985032,0.23955121684273847,0.21962163592506737,0,0,0
2018-03-14,60.959999084472656,665017.0,64.88999938964844,29439.0,0.0041094822978934254,0.0038601144566154,-0.11724004499797387,-0.15127864373855537,0.23976275212301532,0.21912933809399562,0,0,0
2018-03-15,61.189998626708984,430201.0,65.12000274658203,22542.0,0.0037658586714884213,0.003538244644391206,-0.4355600629077169,-0.2669400900725794,0.2396441513072847,0.21921794438125095,0,0,0
2018-03-16,62.34000015258789,202493.0,66.20999908447266,29187.0,0.018619521755477236,0.01659973123759865,-0.7535472232832848,0.2583431688415135,0.23451209969461134,0.20856131661037866,0,0,0
2018-03-19,62.060001373291016,115962.0,66.05000305175781,28050.0,-0.0045015956381889415,-0.002419417937040103,-0.5574427668164899,-0.03973477269269497,0.23193579689406058,0.2088850705261779,0,0,0
2018-03-20,63.400001525878906,717709.0,67.41999816894531,35782.0,0.021362204361996144,0.02052960547490465,1.8228016431845349,0.24345634169892572,0.24246027274907403,0.21831626900571213,0,0,0
2018-03-21,65.16999816894531,763768.0,69.47000122070312,43370.0,0.02753532673702921,0.02995333962945829,0.06219988371360563,0.19232298417964375,0.25892920948683706,0.23879522966294014,0,0,0
2018-03-22,64.30000305175781,689172.0,68.91000366210938,37699.0,-0.013439533542886002,-0.008093663763966556,-0.10277320111474013,-0.14013438894404812,0.26403058741066904,0.24186556836660442,0,0,0
2018-03-23,65.87999725341797,752994.0,70.44999694824219,49285.0,0.02427518491394428,0.02210183651413986,0.08856638262587174,0.26798620621417557,0.27001094980078993,0.24785313453057492,0,0,0
2018-03-26,65.55000305175781,585899.0,70.12000274658203,28882.0,-0.005021606852867193,-0.004695095803850353,-0.2509098398672718,-0.5344012114130289,0.26856829382535663,0.2458307251731877,0,0,0
2018-03-27,65.25,670811.0,70.11000061035156,15583.0,-0.004587210563088244,-0.00014265329826704284,0.13534000837156837,-0.617037987240896,0.2689047232220921,0.2459125249903723,0,0,0
2018-03-28,64.37999725341797,697678.0,69.52999877929688,16988.0,-0.01342306299418,-0.008307149370073041,0.03927025012593331,0.08632663598754736,0.2683772867643919,0.24289204957977192,0,0,0
2018-03-29,64.94000244140625,562819.0,70.2699966430664,37805.0,0.008660821060875384,0.010586620877743185,-0.2147995938279364,0.7999341565592084,0.25598531978261846,0.23833764762347856,0,0,0
2018-04-02,63.0099983215332,582742.0,67.63999938964844,25064.0,-0.030170386953636243,-0.03814540242532462,0.03478646536495693,-0.4110088153603426,0.2767247428584494,0.2779164498279283,0,0,0
2018-04-03,63.5099983215332,527289.0,68.12000274658203,22815.0,0.007903930070635121,0.007071381107396927,-0.0999957644790266,-0.09401433927052476,0.27746173744064134,0.2666421110793368,0,0,0
2018-04-04,63.369998931884766,760596.0,68.0199966430664,39674.0,-0.002206800906290759,-0.001469165887353392,0.36635355114540097,0.5532778469265509,0.2683447470208098,0.26102294849905283,0,0,0
2018-04-05,63.540000915527344,588597.0,68.33000183105469,28888.0,0.002679096769840704,0.004547205363023069,-0.25636059752785856,-0.3172697773307602,0.26843994770706714,0.2611083419085108,0,0,0
2018-04-06,62.060001373291016,753262.0,67.11000061035156,30749.0,-0.02356796210137278,-0.018015862324975044,0.2466713699029047,0.06243118942336969,0.26859057145028636,0.25652267198918155,0,0,0
2018-04-09,63.41999816894531,655831.0,68.6500015258789,23967.0,0.021677559089645637,0.022688081175971132,-0.13850997504669477,-0.24917958923051178,0.2698953515811155,0.26120242125927656,0,0,0
2018-04-10,65.51000213623047,840280.0,71.04000091552734,45123.0,0.03242359511469172,0.03422195713049319,0.2478320358248455,0.6327142101731713,0.27124463262674,0.26797740820694593,0,0,0
2018-04-11,66.81999969482422,963017.0,72.05999755859375,50064.0,0.019799597008466598,0.014255959868354675,0.1363358951820164,0.10391009258534041,0.2727634022592793,0.26646633565400585,0,0,0
2018-04-12,67.06999969482422,687468.0,72.0199966430664,38029.0,0.0037344132000591205,-0.0005552598301620498,-0.3370557818065884,-0.2749531603623177,0.2674901685529281,0.26491861738313105,0,0,0
2018-04-13,67.38999938964844,624203.0,72.58000183105469,36895.0,0.004759784339583373,0.007745615403414898,-0.09653964702590366,-0.03027298605387866,0.26748021103940106,0.2650224994161736,0,0,0
2018-04-16,66.22000122070312,560076.0,71.41999816894531,33532.0,-0.017514079347965616,-0.01611151048455295,-0.10840314717044532,-0.095575833734719,0.27842583267098225,0.27524364509115296,0,0,0
2018-04-17,66.5199966430664,486076.0,71.58000183105469,36784.0,0.004520053306543673,0.0022378143899543564,-0.14170749853110065,0.09256276124521487,0.27318026025858877,0.2716946476528061,0,0,0
2018-04-18,68.47000122070312,221664.0,73.4800033569336,34300.0,0.028893107101564203,0.026197575113506785,-0.7852022684352634,-0.06991761384893151,0.28569367173723603,0.2814647418535238,0,0,0
2018-04-19,68.29000091552734,125993.0,73.77999877929688,37579.0,-0.002632354581802357,0.004074369591431853,-0.5649363719875392,0.09130002956049302,0.2800768368153734,0.27579634693887073,0,0,0
2018-04-20,68.37999725341797,724906.0,74.05999755859375,32478.0,0.0013169876652411522,0.0037878668968654946,1.749815641423647,-0.14588244668949144,0.2661518574069111,0.2595367654662732,0,0,0
2018-04-23,68.63999938964844,740941.0,74.70999908447266,41835.0,0.0037951022429367686,0.008738397213076579,0.021879008717520444,0.25317037270466614,0.25994200999229655,0.25697036885473973,0,0,0
2018-04-24,67.69999694824219,832296.0,73.86000061035156,46897.0,-0.013789311447073672,-0.011442522045249749,0.11626714678728813,0.11422039777390582,0.2542730846577319,0.2531923166229881,0,0,0
2018-04-25,68.05000305175781,764049.0,74.0,38845.0,0.005156639102725636,0.0018936755161246424,-0.08555622354556958,-0.18837433911908377,0.2535293212428957,0.2519404788402972,0,0,0
2018-04-26,68.19000244140625,660549.0,74.73999786376953,26826.0,0.0020551883922655494,0.00995030227100992,-0.14556061580226462,-0.3702078019224855,0.25246857640243775,0.2529977146403291,0,0,0
2018-04-27,68.0999984741211,542549.0,74.63999938964844,15535.0,-0.001320771586534787,-0.0013388471133630318,-0.1967929035168559,-0.5462760236348878,0.24650392834534235,0.25019400036351214,0,0,0
2018-04-30,68.56999969482422,755186.0,75.16999816894531,1630.0,0.006877926096678816,0.0070756424687114265,0.3306856726074433,-2.2545155280263396,0.24603534887081505,0.24921292819398327,0,0,0
2018-05-01,67.25,694771.0,75.16999816894531,39208.0,-0.0194380983637517,0.0,-0.08338178165781683,3.1803007927885756,0.23033756369115782,0.19953597096539527,0,0,0
2018-05-02,67.93000030517578,789367.0,73.36000061035156,34769.0,0.010060749213765794,-0.024373354562368353,0.12764906358719433,-0.12015462242671966,0.23102436460029277,0.2237394409314308,0,0,0
2018-05-03,68.43000030517578,691219.0,73.62000274658203,35839.0,0.007333561728370286,0.0035379289902672437,-0.13277465291526988,0.030310500751226606,0.23057248530761365,0.2230011956409808,0,0,0
2018-05-04,69.72000122070312,690876.0,74.87000274658203,30457.0,0.018675908736386148,0.01683654766884664,-0.0004963479457517218,-0.16272083313789706,0.23630441878503058,0.22755960293129943,0,0,0
2018-05-07,70.7300033569336,758916.0,76.16999816894531,21266.0,0.01438262034866796,0.01721434741836949,0.09393074174206001,-0.359206299564962,0.21530543395435492,0.2163761651264295,0,0,0
2018-05-08,69.05999755859375,1253566.0,74.8499984741211,50813.0,-0.02389420189925151,-0.01748156986582983,0.5018564694507659,0.8710426741291225,0.2313749502094836,0.22207997156021553,0,0,0
2018-05-09,71.13999938964844,863386.0,77.20999908447266,34902.0,0.029674101330838587,0.031042879983284342,-0.37288570075922844,-0.3756080932013375,0.22728756911195253,0.21686178016051913,0,0,0
2018-05-10,71.36000061035156,749808.0,77.47000122070312,32445.0,0.0030877388841611363,0.0033618099378208057,-0.14104469426905508,-0.07299778608354766,0.21983199041492263,0.21360779636859664,0,0,0
2018-05-11,70.69999694824219,634145.0,77.12000274658203,25651.0,-0.009291967087251862,-0.004528094484235574,-0.1675395388443042,-0.23496379086152555,0.2239732452957473,0.2149846554483051,0,0,0
2018-05-14,70.95999908447266,592826.0,78.2300033569336,29917.0,0.003670795361668975,0.014290562691382748,-0.06737670224326485,0.15384432348788135,0.223867156804999,0.21788204522023982,0,0,0
2018-05-15,71.30999755859375,815289.0,78.43000030517578,41100.0,0.004920210704387577,0.0025532625075684705,0.3186417189425067,0.3175812408027014,0.21181343038362807,0.2059028064482888,0,0,0
2018-05-16,71.48999786376953,574279.0,79.27999877929688,31226.0,0.0025210140935399555,0.010779363508732633,-0.35042731066458194,-0.27475704038286036,0.21180846564946,0.2068658151327231,0,0,0
2018-05-17,71.48999786376953,562639.0,79.30000305175781,38385.0,0.0,0.0002522925001395829,-0.020477126284353688,0.20641567716053327,0.1906346821202318,0.19215574334964033,0,0,0
2018-05-18,71.27999877929688,211785.0,78.51000213623047,30828.0,-0.0029417838601425387,-0.010012134704682069,-0.9770666055331665,-0.21924339036411494,0.19073354116098767,0.19785640196307902,0,0,0
2018-05-21,72.23999786376953,119892.0,79.22000122070312,19520.0,0.01337811350034388,0.009002775182973044,-0.5689802715907162,-0.45698378693080044,0.19469206597626235,0.19895333412196403,0,0,0
2018-05-22,72.12999725341797,723458.0,79.56999969482422,29522.0,-0.0015238711000726678,0.004408325951333852,1.7974511557073338,0.4136961671298586,0.1951571424257879,0.1979997021365672,0,0,0
2018-05-23,71.83999633789062,702791.0,79.80000305175781,30786.0,-0.004028635419327346,0.0028864091442101646,-0.028982942934450456,0.04192429307307768,0.1877682731747152,0.19092476441710635,0,0,0
2018-05-24,70.70999908447266,640725.0,78.79000091552734,25431.0,-0.01585438034951958,-0.012737445820902924,-0.09245920260597315,-0.19109113889350457,0.19829445576597646,0.19920088848504716,0,0,0
2018-05-25,67.87999725341797,955354.0,76.44000244140625,42387.0,-0.0408455927648049,-0.0302799455665095,0.3994816047181194,0.5108728091574023,0.24730254400986568,0.22812927718097709,0,0,0
2018-05-29,66.7300033569336,1059750.0,75.38999938964844,19800.0,-0.017086722681981487,-0.013831519183240644,0.10370635780883511,-0.761159773751291,0.2541256967380719,0.23382562421863473,0,0,0
2018-05-30,68.20999908447266,726886.0,77.5,9673.0,0.02193649102271442,0.027603304231612953,-0.3770186537983142,-0.7163434385000795,0.26510042342082885,0.25128662068515606,0,0,0
2018-05-31,67.04000091552734,917563.0,77.58999633789062,1039.0,-0.017301698414179657,0.0011605693483421066,0.23295158598710627,-2.2310797870833197,0.26324894247592606,0.251234185763797,0,0,0
2018-06-01,65.80999755859375,781103.0,77.58999633789062,35684.0,-0.018517704460035086,0.0,-0.1610142190752411,3.536443696934447,0.26785810566028323,0.23313141466787735,0,0,0
2018-06-04,64.75,696050.0,75.29000091552734,31642.0,-0.01623806479057945,-0.030091169685600033,-0.11528552651172133,-0.12021705702466491,0.2704855208437933,0.259201284089737,0,0,0
2018-06-05,65.5199966430664,714674.0,75.37999725341797,43436.0,0.011821687729915256,0.00119461538046315,0.026404997829390823,0.31680323832778184,0.26466147645820426,0.25279596613148897,0,0,0
2018-06-06,64.7300033569336,708829.0,75.36000061035156,37262.0,-0.012130563891592018,-0.0002653130352539455,-0.008212181988840881,-0.15331454975649195,0.25864032201748605,0.2452181777054302,0,0,0
2018-06-07,65.94999694824219,675041.0,77.31999969482422,36710.0,0.01867200847154138,0.025676012025958605,-0.04884088290649978,-0.014924843089419144,0.2598745570819435,0.25302985204975437,0,0,0
2018-06-08,65.73999786376953,571224.0,76.45999908447266,21902.0,-0.0031892971485785113,-0.011184934098882972,-0.1669920028192104,-0.5164712406551756,0.23260012696109525,0.23245119258820618,0,0,0
2018-06-11,66.0999984741211,558281.0,76.45999908447266,22516.0,0.005461188032305954,0.0,-0.022919007094699316,0.0276482107482128,0.23362349434831123,0.23204524353278416,0,0,0
2018-06-12,66.36000061035156,524411.0,75.87999725341797,26330.0,0.003925750746586666,-0.0076146074239047574,-0.06258669183124417,0.15648280590643796,0.2340852035392233,0.23294399357568074,0,0,0
2018-06-13,66.63999938964844,626398.0,76.73999786376953,30468.0,0.004210514179824164,0.01126994811113388,0.17771022380000331,0.14596797900232367,0.23428686338255714,0.2307072771360564,0,0,0
2018-06-14,66.88999938964844,460168.0,75.94000244140625,24181.0,0.0037444813059607446,-0.010479470028754115,-0.3083943116246687,-0.2311097516860818,0.23382156784775232,0.23264731229397242,0,0,0
2018-06-15,65.05999755859375,512591.0,73.44000244140625,30144.0,-0.027739586485863523,-0.033474807397019496,0.10788661602728161,0.22041869756949264,0.24782047134540655,0.2527675367669446,0,0,0
2018-06-18,65.8499984741211,218933.0,75.33999633789062,31861.0,0.012069521497501344,0.025542374100340357,-0.8507125092906347,0.05539679291490127,0.25402380851117495,0.272120236683262,0,0,0
2018-06-19,65.06999969482422,122646.0,75.08000183105469,33282.0,-0.01191579620031723,-0.0034569175497676454,-0.5794635898895588,0.043634018992298754,0.25548933221235554,0.270765801829072,0,0,0
2018-06-20,66.22000122070312,801625.0,74.73999786376953,47160.0,0.017518941736223727,-0.004538840631176701,1.8773387604231317,0.3485293653680177,0.25947925145350087,0.2677994105446619,0,0,0
2018-06-21,65.54000091552734,760719.0,73.05000305175781,49077.0,-0.01032189331350062,-0.022871215502184482,-0.05237687878281836,0.039844417610973674,0.26014912810173957,0.2751553805734842,0,0,0
2018-06-22,68.58000183105469,1136232.0,75.55000305175781,59882.0,0.045340316494662865,0.033650549139634896,0.4012087650958422,0.19898546584711224,0.3123925141591914,0.3040748571642518,0,0,0
2018-06-25,68.08000183105469,816207.0,74.7300033569336,41565.0,-0.007317462573566154,-0.010913066249602782,-0.3308048045177911,-0.36511749214420475,0.30907704845905704,0.30337382625865866,0,0,0
2018-06-26,70.52999877929688,848537.0,76.30999755859375,41470.0,0.03535462275176336,0.020922296445246357,0.038845690823463334,-0.0022881927247614476,0.3003974655173782,0.29610166584922254,0,0,0
2018-06-27,72.76000213623047,775155.0,77.62000274658203,24472.0,0.03112824909736344,0.017021202017464463,-0.09045068073170999,-0.5274406674096876,0.30847755951750616,0.2973349188395045,0,0,0
2018-06-28,73.44999694824219,717347.0,77.8499984741211,14662.0,0.009438478061228498,0.0029587173540261613,-0.07750332487932614,-0.5122704940472075,0.30235968932366547,0.28180764729147534,0,0,0
2018-06-29,74.1500015258789,602399.0,79.44000244140625,37117.0,0.009485228091106789,0.020218171789859518,-0.17463966801894154,0.9288159728850592,0.29321248391949595,0.2902209071000133,0,0,0
2018-07-02,73.94000244140625,652167.0,77.30000305175781,30859.0,-0.0028361026349797824,-0.027308055396845818,0.07938064764127155,-0.18464664368347278,0.2823294086515203,0.30651117939724226,0,0,0
2018-07-03,74.13999938964844,667235.0,77.76000213623047,22785.0,0.002701202962933401,0.005933192551504872,0.022841643603218678,-0.3033260172871355,0.2713245398833342,0.2869962518185541,0,0,0
2018-07-05,72.94000244140625,841632.0,77.38999938964844,27678.0,-0.016317970638201288,-0.004769622228613259,0.23220055637204906,0.19453544908789264,0.28161846483850644,0.28782841159866296,0,0,0
2018-07-06,73.80000305175781,611419.0,77.11000061035156,25487.0,0.011721554106192323,-0.0036245836354643884,-0.3195603788818914,-0.08246935555512876,0.275270783983896,0.2882865798848889,0,0,0
2018-07-09,73.8499984741211,533003.0,78.06999969482422,14925.0,0.0006772153573633642,0.012372874462992286,-0.13725543252456524,-0.535130858969944,0.272073990620495,0.27747378459527183,0,0,0
2018-07-10,74.11000061035156,586829.0,78.86000061035156,19767.0,0.003514495883498062,0.01006827996596847,0.0962064129660719,0.28097622132112676,0.270397128144064,0.27599901870731103,0,0,0
2018-07-11,70.37999725341797,861726.0,73.4000015258789,48913.0,-0.051641391330616813,-0.07175017978015552,0.38420388907063496,0.9060293292202944,0.33555402524402916,0.3749847561298899,0,0,0
2018-07-12,70.33000183105469,707887.0,74.44999694824219,46443.0,-0.0007106165132889648,0.014203761730303757,-0.19665287826874614,-0.051817455593648726,0.3357749972011351,0.37842931921396783,0,0,0
2018-07-13,71.01000213623047,530277.0,75.33000183105469,27308.0,0.00962226592240436,0.011750768005399823,-0.28888496490969257,-0.5310460546704042,0.33659051352707203,0.3786278586979024,0,0,0
2018-07-16,68.05999755859375,530480.0,71.83999633789062,27134.0,-0.042431109076140665,-0.047437113126681335,0.0003827455345158387,-0.0063921454929170285,0.3715396033596412,0.41071510777912934,0,0,0
2018-07-17,68.08000183105469,440727.0,72.16000366210938,28197.0,0.00029387795937410675,0.004444553486186912,-0.18535662092190505,0.038428035243157216,0.3567806153127422,0.3955749156310363,0,0,0
2018-07-18,68.76000213623047,187313.0,72.9000015258789,25625.0,0.009938700421820984,0.010202733441516088,-0.8556446217293852,-0.09564715184770183,0.3561106830400126,0.38614230282507994,0,0,0
2018-07-19,69.45999908447266,103220.0,72.58000183105469,31672.0,0.010128822552714434,-0.004399232932722962,-0.5959183816887409,0.2118645723452573,0.35338783269819113,0.3862141823517628,0,0,0
2018-07-20,70.45999908447266,500967.0,73.06999969482422,24861.0,0.014294125784229126,0.006728454613628449,1.5796775979314013,-0.24213269926881445,0.3519044164671603,0.38710974695839634,0,0,0
2018-07-23,67.88999938964844,555915.0,73.05999755859375,29479.0,-0.03715642059626159,-0.000136893675960915,0.10407517421377178,0.17037783490820224,0.37610676721234204,0.37890579855736367,0,0,0
2018-07-24,68.5199966430664,524591.0,73.44000244140625,21747.0,0.009236885140638088,0.005187791605103308,-0.05799649350847191,-0.30420232845636697,0.3425975856263815,0.35938778037927255,0,0,0
2018-07-25,69.30000305175781,622913.0,73.93000030517578,25329.0,0.011319325768873434,0.0066499241411268626,0.17178795080865486,0.1524741673686221,0.34369174538043756,0.3586475723631133,0,0,0
2018-07-26,69.61000061035156,489059.0,74.54000091552734,26293.0,0.004463293715968441,0.008217202636564766,-0.24192372557249342,0.03735275970565074,0.3204863543774549,0.35171346769154643,0,0,0
2018-07-27,68.69000244140625,460450.0,74.29000091552734,15109.0,-0.013304580180562207,-0.0033595408460649974,-0.06027886442606771,-0.5540121513034193,0.30141037420871664,0.34550094703322753,0,0,0
2018-07-30,70.12999725341797,463011.0,74.97000122070312,9053.0,0.020746959616493442,0.009111684310114918,0.005546539735990841,-0.5121943982644006,0.30960240539745343,0.3472862448906584,0,0,0
2018-07-31,68.76000213623047,519070.0,74.25,1463.0,-0.01972841180209329,-0.0096502721147163,0.11428793692689135,-1.822607072455316,0.31223471039287637,0.33873915328786985,0,0,0
2018-08-01,67.66000366210938,576561.0,74.25,23660.0,-0.016126994104835788,0.0,0.1050423962092879,2.7832967365122534,0.3152087287130158,0.3272837272351925,0,0,0
2018-08-02,68.95999908447266,531071.0,73.44999694824219,21038.0,0.01903139560149259,-0.010832916611702447,-0.08218542275482257,-0.11745553223315836,0.3246653410267479,0.32737001968323065,0,0,0
2018-08-03,68.48999786376953,476615.0,73.20999908447266,15946.0,-0.00683889505981519,-0.003272849918051039,-0.10818668518206688,-0.2771223122367786,0.321577000903573,0.3272927271926,0,0,0
2018-08-06,69.01000213623047,495605.0,73.75,20253.0,0.007563734568471767,0.007348984066873682,0.03907020138271439,0.23909491664753946,0.3194948950832855,0.3290811683677987,0,0,0
2018-08-07,69.16999816894531,485027.0,74.6500015258789,18289.0,0.002315763552803334,0.012129549205710702,-0.021574678994317843,-0.10200314450540442,0.3197954338964533,0.3289471829398418,0,0,0
2018-08-08,66.94000244140625,760313.0,72.27999877929688,23735.0,-0.03277048388594873,-0.032263095590144786,0.4495256311109043,0.26065096578084274,0.3346701166097114,0.3416046728344435,0,0,0
2018-08-09,66.80999755859375,509401.0,72.06999969482422,15939.0,-0.0019439988598822337,-0.0029095841335811537,-0.400494664964692,-0.39818181586636553,0.288159645563504,0.23725200653917772,0,0,0
2018-08-10,67.62999725341797,524490.0,72.80999755859375,16195.0,0.012198897580101177,0.010215410173510936,0.02919083624040149,0.015933616486376798,0.2925937408049453,0.23444468548142341,0,0,0
2018-08-13,67.19999694824219,578219.0,72.61000061035156,17644.0,-0.006378428858918981,-0.0027506130773810645,0.09752632776654858,0.08569322961940073,0.2899169636280414,0.2297956469723798,0,0,0
2018-08-14,67.04000091552734,538484.0,72.45999908447266,20737.0,-0.002383732285778536,-0.002067988966047131,-0.07119490565260447,0.16152376207301006,0.2512495878483662,0.15897663314163163,0,0,0
2018-08-15,65.01000213623047,573473.0,70.76000213623047,25245.0,-0.03074833275385607,-0.023740773350609572,0.06295307213214545,0.19670857199517572,0.27184076320332284,0.17871858765563195,0,0,0
2018-08-16,65.45999908447266,383380.0,71.43000030517578,18403.0,0.006898118010571065,0.009424053957869303,-0.4026841917137425,-0.31611442150782154,0.27033026611281397,0.1781266324025066,0,0,0
2018-08-17,65.91000366210938,171403.0,71.83000183105469,15051.0,0.006850975539922858,0.005584288138956603,-0.8050091554823562,-0.20106926063283187,0.26865827492527294,0.17905979812926015,0,0,0
2018-08-20,66.43000030517578,112709.0,72.20999908447266,18514.0,0.007858535644195514,0.005276286206198882,-0.41920823304024146,0.20708276847479387,0.2644824274967001,0.1783911171883137,0,0,0
2018-08-21,67.3499984741211,437164.0,72.62999725341797,15578.0,0.013754113929317757,0.005799494017581991,1.3554991348471708,-0.17266754014726268,0.23870906881471446,0.17975021499873192,0,0,0
2018-08-22,67.86000061035156,581899.0,74.77999877929688,19801.0,0.007543888149947107,0.02917243142304816,0.28598848241822566,0.23987277897790066,0.2379203906460048,0.20620077611120488,0,0,0
2018-08-23,67.83000183105469,450690.0,74.7300033569336,14222.0,-0.0004421663976104578,-0.0006687903620150069,-0.25551715141037085,-0.33094238001433135,0.23403967365858863,0.20516790293740295,0,0,0
2018-08-24,68.72000122070312,517796.0,75.81999969482422,19745.0,0.01303569348668333,0.014480443200157673,0.1388016005548136,0.3281102332772866,0.23841379209784025,0.209238296127382,0,0,0
2018-08-27,68.87000274658203,332612.0,76.20999908447266,9993.0,0.0021804139978474028,0.005130569601623007,-0.44260469681464915,-0.6810154468589604,0.23402121910813792,0.20917315003681314,0,0,0
2018-08-28,68.52999877929688,426833.0,75.94999694824219,17281.0,-0.004949121652230478,-0.003417486804169961,0.24941619054361536,0.5477227841922023,0.2221161393592026,0.20771116348156476,0,0,0
2018-08-29,69.51000213623047,497095.0,77.13999938964844,8895.0,0.01419907006005148,0.015546756007185997,0.15238831868545713,-0.6641183109540562,0.21730355159919684,0.21033863006377687,0,0,0
2018-08-30,70.25,445584.0,77.7699966430664,9125.0,0.01058965036875404,0.008133764674135782,-0.1093953733859926,0.025528578350756725,0.21114149452618083,0.21133750162761952,0,0,0
2018-08-31,69.80000305175781,419739.0,77.41999816894531,17690.0,-0.006426254724070705,-0.00451058804338391,-0.059752691786466125,0.6619816087031386,0.20321454840040437,0.20752317395892733,0,0,0
2018-09-04,69.87000274658203,785981.0,78.16999816894531,36059.0,0.0010023583844642559,0.009640797309655152,0.627299529569824,0.7121569776604371,0.20141670213754612,0.20781294046631793,0,0,0
2018-09-05,68.72000122070312,542104.0,77.2699966430664,27811.0,-0.016596116434815854,-0.011580180306942843,-0.37147475415755976,-0.2597248599443556,0.20867774779875642,0.21323568888423247,0,0,0
2018-09-06,67.7699966430664,633824.0,76.5,31739.0,-0.013920725825625271,-0.010014997668798088,0.15631344842336894,0.13211458272802648,0.21372954744758738,0.2140658919981991,0,0,0
2018-09-07,67.75,530895.0,76.83000183105469,17798.0,-0.0002951098539973883,0.004304471879601385,-0.17720705179906296,-0.5784601171811311,0.17976173858134042,0.1762546533285275,0,0,0
2018-09-10,67.54000091552734,571174.0,77.37000274658203,23036.0,-0.003104431247053491,0.007003931348586209,0.07312963020631595,0.25797211820975546,0.18001121879462395,0.17547627965735588,0,0,0
2018-09-11,69.25,676869.0,79.05999755859375,29921.0,0.02500311655469109,0.02160788292743799,0.16978386166793252,0.26150236536322563,0.19529621571006892,0.18523504508049274,0,0,0
2018-09-12,70.37000274658203,800543.0,79.73999786376953,29906.0,0.016043929941590585,0.008564288175144456,0.16781249397128742,-0.0005014458459996643,0.1998317871272554,0.1842440198643534,0,0,0
2018-09-13,68.58999633789062,684937.0,78.18000030517578,28501.0,-0.02562037688911148,-0.019757450894949784,-0.15596338419159478,-0.04811995478330843,0.22156974024839876,0.2015218547291385,0,0,0
2018-09-14,68.98999786376953,611075.0,78.08999633789062,24296.0,0.0058148374737403115,-0.0011519034897375137,-0.11410716200041646,-0.15962744663489584,0.189212555349524,0.17652312911719187,0,0,0
2018-09-17,68.91000366210938,422294.0,78.05000305175781,21749.0,-0.001160177081185859,-0.0005122747170968389,-0.3695179472994202,-0.11074394827722397,0.18908839966909113,0.17652401448396926,0,0,0
2018-09-18,69.8499984741211,234202.0,79.02999877929688,22637.0,0.013548705345408137,0.012477825709334747,-0.5895177630930915,0.04001795625476513,0.1924480534798332,0.17879564088673186,0,0,0
2018-09-19,71.12000274658203,125208.0,79.4000015258789,19118.0,0.01801856596674123,0.0046708756998971816,-0.6262076364486023,-0.16895543607941788,0.19894507504746564,0.17877690293741322,0,0,0
2018-09-20,70.80000305175781,607520.0,78.69999694824219,22855.0,-0.004509586021033774,-0.008855270824452026,1.579408742095291,0.17853961214213687,0.19684198436638553,0.1845692469288414,0,0,0
2018-09-21,70.77999877929688,855943.0,78.80000305175781,36594.0,-0.00028258613272128186,0.0012699189454674546,0.34281868865607157,0.4707143807586666,0.1961201886269319,0.15994851232248097,0,0,0
2018-09-24,72.08000183105469,576894.0,81.19999694824219,21939.0,0.018200181032295953,0.03000217399268361,-0.3945452443468213,-0.5116184175854503,0.20367467721551835,0.18554755872247686,0,0,0
2018-09-25,72.27999877929688,551280.0,81.87000274658203,30081.0,0.00277081013232352,0.008217447352037856,-0.045415693743789856,0.3156278682529742,0.2003106605815384,0.18231081256928294,0,0,0
2018-09-26,71.56999969482422,464463.0,81.33999633789062,17271.0,-0.009871461349007222,-0.006494801479612178,-0.17136094751132586,-0.5548649488481157,0.20478176841980872,0.18554503076446036,0,0,0
2018-09-27,72.12000274658203,454549.0,81.72000122070312,14317.0,0.0076554489321280055,0.004660929430218396,-0.021576180950179664,-0.18758115198359174,0.2041773866327515,0.1840729358049731,0,0,0
2018-09-28,73.25,544047.0,82.72000122070312,38868.0,0.015546811478560787,0.012162640630117013,0.1797299215953082,0.998723647599002,0.20520689007324674,0.18163646729200147,0,0,0
2018-10-01,75.30000305175781,601451.0,84.9800033569336,34024.0,0.027601927436662597,0.026954548672127654,0.10030942890454338,-0.13310513202586016,0.2214788344772644,0.1988035741737856,0,0,0
2018-10-02,75.2300033569336,463615.0,84.80000305175781,25338.0,-0.0009300431394371297,-0.002120395403729022,-0.2602906026662681,-0.2947609127714709,0.21924290931914714,0.19764977517499543,0,0,0
2018-10-03,76.41000366210938,698817.0,86.29000091552734,31424.0,0.015563493392167537,0.017418148344538587,0.41033443896139576,0.21526668699219387,0.22286889272611682,0.202066857378035,0,0,0
2018-10-04,74.33000183105469,687949.0,84.58000183105469,35552.0,-0.02759896221524061,-0.020015873436972694,-0.015674198103668446,0.12342448128516413,0.23855048344591373,0.21247840291683812,0,0,0
2018-10-05,74.33999633789062,613218.0,84.16000366210938,27778.0,0.0001344522361483967,-0.004978061190076832,-0.11499420650448863,-0.24675207296319226,0.23026670492544635,0.20888740887275756,0,0,0
2018-10-08,74.29000091552734,554938.0,83.91000366210938,31603.0,-0.0006727501200671998,-0.0029749529777778143,-0.09986410497976436,0.12900771230149585,0.2303675468143867,0.21050846402880197,0,0,0
2018-10-09,74.95999908447266,623537.0,85.0,39232.0,0.00897826022921113,0.012906416965038432,0.11655170998670683,0.21624068751822312,0.22921545119995526,0.21248366149391795,0,0,0
2018-10-10,73.16999816894531,652737.0,83.08999633789062,31715.0,-0.024169149845347494,-0.02272694288743602,0.04576618585861023,-0.21270298522788575,0.23816552319530337,0.22270794574559807,0,0,0
2018-10-11,70.97000122070312,783962.0,80.26000213623047,48195.0,-0.030528206134113146,-0.034652922147732405,0.18318625814815218,0.41846552615007093,0.25884007601169934,0.2554658220235368,0,0,0
2018-10-12,71.33999633789062,626668.0,80.43000030517578,37537.0,0.005199858860398922,0.002115853255132542,-0.22394365497477783,-0.24992816802851495,0.24121411186314384,0.24483263507479575,0,0,0
2018-10-15,71.77999877929688,568610.0,80.77999877929688,31577.0,0.006148740115727923,0.004342150313533727,-0.09722210869502039,-0.1728981057258443,0.24128564541535313,0.24486463944768083,0,0,0
2018-10-16,71.91999816894531,535003.0,81.41000366210938,33816.0,0.0019484959904731772,0.007768765545603589,-0.060922431761255565,0.06850505578291659,0.24103102027375958,0.24563824510747434,0,0,0
2018-10-17,69.75,651584.0,80.05000305175781,38202.0,-0.030636944002285952,-0.016846683003549145,0.19713396712781026,0.12195380699845441,0.2621165866275997,0.25083782654138925,0,0,0
2018-10-18,68.6500015258789,215337.0,79.29000091552734,41270.0,-0.015896266260562814,-0.009539448734993612,-1.1072020786514336,0.0772479735015472,0.2589396731495866,0.25276244364788697,0,0,0
2018-10-19,69.12000274658203,108311.0,79.77999877929688,34401.0,0.006823009791317145,0.006160802345518951,-0.687197524270448,-0.18205021004021343,0.26035308235589294,0.2515327899312691,0,0,0
2018-10-22,69.16999816894531,513770.0,79.83000183105469,37080.0,0.0007230519084597641,0.0006265654182377513,1.5567689759302539,0.07499210697337731,0.26041828314923876,0.25152265336039525,0,0,0
2018-10-23,66.43000030517578,853265.0,76.44000244140625,60226.0,-0.040418449869593934,-0.0433932452837027,0.5072944729809715,0.48502641206559516,0.28380938723795457,0.2712178190727329,0,0,0
2018-10-24,66.81999969482422,775963.0,76.16999816894531,57413.0,0.005853666090383047,-0.0035384909652858977,-0.09496532883997368,-0.04783339424440483,0.28491937680150553,0.2681993966250185,0,0,0
2018-10-25,67.33000183105469,573096.0,76.88999938964844,33325.0,0.00760349739093885,0.00940816076046246,-0.303051596685481,-0.5439628924540724,0.28660694584861174,0.27155130200650385,0,0,0
2018-10-26,67.58999633789062,595211.0,77.62000274658203,33549.0,0.0038540591786137028,0.009449340219632363,0.03786272258228315,0.006699190649388701,0.2851403390789383,0.27368041187328734,0,0,0
2018-10-29,67.04000091552734,477487.0,77.33999633789062,17057.0,-0.008170519100769042,-0.003613922497368868,-0.2203790301116186,-0.676446380055425,0.2773389508773485,0.2684730550738964,0,0,0
2018-10-30,66.18000030517578,680441.0,75.91000366210938,19196.0,-0.012911162725496344,-0.01866276255691427,0.3542041829583114,0.1181412473372631,0.253231476986034,0.249763795149963,0,0,0
2018-10-31,65.30999755859375,666487.0,75.47000122070312,2451.0,-0.013233180572013841,-0.005813233799997675,-0.020720482825273914,-2.0582058194500235,0.25362355429923616,0.2494849881482421,0,0,0
2018-11-01,63.689998626708984,790286.0,75.5,33938.0,-0.02511758371159087,0.0003974137835218123,0.17037427070984792,2.628039226004659,0.247641229158682,0.23636297762925934,0,0,0
2018-11-02,63.13999938964844,708906.0,72.83000183105469,36090.0,-0.008673069357953655,-0.03600467288366601,-0.10867196861983412,0.0614804881040628,0.2379011967385072,0.25384433646389093,0,0,0
2018-11-05,63.099998474121094,609129.0,73.16999816894531,28438.0,-0.0006337280979558382,0.004657492499960838,-0.15169286870359205,-0.23828953968051456,0.23759430577579535,0.25704425191186026,0,0,0
2018-11-06,62.209999084472656,761240.0,72.12999725341797,32871.0,-0.014205001555045851,-0.014315467433913733,0.22291861471008317,0.14486453111718317,0.23709902685363365,0.25799400578385473,0,0,0
2018-11-07,61.66999816894531,866628.0,72.06999969482422,36648.0,-0.00871818449797804,-0.0008321437354462252,0.12966113631272577,0.10876804649307509,0.22847659202404363,0.24872388816023186,0,0,0
2018-11-08,60.66999816894531,764546.0,70.6500015258789,39896.0,-0.016348247538583063,-0.01989973397365796,-0.12532762535679853,0.08491721165938038,0.22361506561993308,0.24677950991133285,0,0,0
2018-11-09,60.189998626708984,821729.0,70.18000030517578,32611.0,-0.007943109029898072,-0.00667475622471482,0.0721284633955111,-0.20162641347271953,0.20934895379847965,0.22650967059852647,0,0,0
2018-11-12,59.93000030517578,806219.0,70.12000274658203,39814.0,-0.004328983181448226,-0.0008552752807702894,-0.01905523924189124,0.19956895446063982,0.20441154708658774,0.22533451558800643,0,0,0
2018-11-13,55.689998626708984,1095643.0,65.47000122070312,56981.0,-0.073376646620283,-0.06861605812454244,0.3067412667610643,0.3584992697015708,0.2978617028600213,0.307664079211028,0,0,0
2018-11-14,56.25,844696.0,66.12000274658203,47372.0,0.010005468142514734,0.009879273393947102,-0.26011988520622015,-0.18468654207406388,0.30389154071442587,0.3092830622964382,0,0,0
2018-11-15,56.459999084472656,256499.0,66.62000274658203,35140.0,0.0037263655253099107,0.007533559500946718,-1.191852033345471,-0.29869125410029745,0.3002058573202029,0.31388622237236236,0,0,0
2018-11-16,56.459999084472656,159001.0,66.76000213623047,37139.0,0.0,0.0020992567991701353,-0.4782142744591169,0.05532754765503192,0.301364083495027,0.31609664415546207,0,0,0
2018-11-19,56.7599983215332,699684.0,66.79000091552734,29353.0,0.005299416110705423,0.00044925165280286153,1.481718313038793,-0.23527287471267253,0.3003810678193771,0.31343723624915687,0,0,0
2018-11-20,53.43000030517578,983120.0,62.529998779296875,44030.0,-0.06045943103917139,-0.0659069603877688,0.34010238342891874,0.4054764640663519,0.3457876444745241,0.3689494982049833,0,0,0
2018-11-21,54.630001068115234,734277.0,63.47999954223633,41292.0,0.022210810278059955,0.015078466389733505,-0.2918448463571463,-0.06420244316431882,0.34964572208628,0.3610400307245045,0,0,0
2018-11-23,50.41999816894531,1014667.0,58.79999923706055,56080.0,-0.08019531651569936,-0.07658304651764002,0.3234294172093289,0.3061104661229909,0.42215886554877285,0.42965683772254476,0,0,0
2018-11-26,51.630001068115234,663108.0,60.47999954223633,35607.0,0.023715034135703316,0.028170882373013392,-0.4253778859811611,-0.4542369949838569,0.4357348739738231,0.4462122578695853,0,0,0
2018-11-27,51.560001373291016,764010.0,60.209999084472656,47106.0,-0.0013567148736369913,-0.004474288031646933,0.14164300523873244,0.27985813370169554,0.4336178647620685,0.4405737028535619,0,0,0
2018-11-28,50.290000915527344,831688.0,58.7599983215332,18435.0,-0.02493993631696902,-0.024377113529896154,0.0848764924050298,-0.9381493497580656,0.4352058502295508,0.44140813357964465,0,0,0
2018-11-29,51.45000076293945,812721.0,59.5099983215332,8794.0,0.0228042087199823,0.012683014711083997,-0.023069493272526498,-0.7401813609274894,0.45322386151283756,0.4496938550970569,0,0,0
2018-11-30,50.93000030517578,796714.0,58.709999084472656,39344.0,-0.010158330220237167,-0.013534282969941558,-0.019892108500166216,1.4982738147152184,0.4532426656032953,0.4492391563294908,0,0,0
2018-12-03,52.95000076293945,758010.0,61.689998626708984,33207.0,0.038895939567516,0.04951176647835314,-0.04979919055094574,-0.1695827884022401,0.4828945492938937,0.4960392608390692,0,0,0
2018-12-04,53.25,738130.0,62.08000183105469,35475.0,0.005649718133442082,0.006302084409658754,-0.026576617318396827,0.06606752597450971,0.4854818167824866,0.4892885904881785,0,0,0
2018-12-06,51.4900016784668,987266.0,60.060001373291016,60772.0,-0.03361015793356702,-0.03307981994954258,0.29081954582093344,0.5383009335354136,0.49247056735306444,0.4948042391402451,0,0,0
2018-12-07,52.61000061035156,987717.0,61.66999816894531,59861.0,0.02151858068818452,0.026453473891725005,0.0004567127998968968,-0.015103948649996406,0.503755959187327,0.5096356533456377,0,0,0
2018-12-10,51.0,733225.0,59.970001220703125,34114.0,-0.031080594619826298,-0.027953101776579333,-0.29794360697709865,-0.5623173507128424,0.5100844970318015,0.5138334889140157,0,0,0
2018-12-11,51.650001525878906,665262.0,60.20000076293945,31823.0,0.012664592383991308,0.003827907452540263,-0.09727166446625783,-0.06951855842631265,0.5147314773283793,0.5139214611785621,0,0,0
2018-12-12,51.150001525878906,730810.0,60.150001525878906,31651.0,-0.009727702879227465,-0.0008308971996052058,0.09397256001804077,-0.005419555124693803,0.5147807599090697,0.5144556336714217,0,0,0
2018-12-13,52.58000183105469,733627.0,61.45000076293945,29600.0,0.0275733318968116,0.021382380639074272,0.0038472170186253474,-0.06699538233766004,0.5291147020405484,0.5236744339219046,0,0,0
2018-12-14,51.20000076293945,526839.0,60.279998779296875,24871.0,-0.02659630717927811,-0.019223494919912328,-0.33110572604366895,-0.17407189523581132,0.47651548370857527,0.4753181730062761,0,0,0
2018-12-17,49.880001068115234,211257.0,59.61000061035156,32165.0,-0.026119404721090145,-0.01117699803682981,-0.9138195972365919,0.25717643876876034,0.4795566754483436,0.47320054534325723,0,0,0
2018-12-18,46.2400016784668,120101.0,56.2599983215332,41690.0,-0.07577488156238919,-0.057839582243310705,-0.5647423463370248,0.2593823870297419,0.5356197830725103,0.5046392443849764,0,0,0
2018-12-19,47.20000076293945,817721.0,57.2400016784668,47399.0,0.020548648092337266,0.017269210783964626,1.918188147182603,0.12833983953936592,0.5448664757061695,0.5111767381811179,0,0,0
2018-12-20,45.880001068115234,794130.0,54.349998474121094,40553.0,-0.028364593213682888,-0.05180839851939987,-0.029274026823673804,-0.15599137086987608,0.5465769559784173,0.5327593322761518,0,0,0
2018-12-21,45.59000015258789,694003.0,53.81999969482422,40930.0,-0.006340917969488425,-0.009799445863713858,-0.13477089254084199,0.009253529942116112,0.5150322698478034,0.4922395540437164,0,0,0
2018-12-24,42.529998779296875,415859.0,50.470001220703125,19160.0,-0.06947871700893406,-0.06426601508957717,-0.5121300227643877,-0.7590385179615972,0.5453095564439165,0.5228911020851182,0,0,0
2018-12-26,46.220001220703125,698408.0,54.470001220703125,16444.0,0.08320295069357107,0.0762709892672633,0.5184571987138658,-0.1528641035070825,0.5801965248593843,0.548509973986921,0,0,0
2018-12-27,44.61000061035156,665590.0,52.15999984741211,8946.0,-0.03545456843482844,-0.043334199113125194,-0.048129593857834725,-0.6087541640249755,0.5806066568365053,0.5521716687424731,0,0,0
2018-12-28,45.33000183105469,564385.0,52.20000076293945,31833.0,0.016011042524521263,0.0007665948112751663,-0.16493722262600694,1.2692969825489067,0.58581210130842,0.552777527037337,0,0,0
2018-12-31,45.40999984741211,476970.0,53.79999923706055,21966.0,0.0017632364029936884,0.030190943482416716,-0.16828304690094095,-0.37100768419340885,0.582302721123787,0.5631355338148321,0,0,0
2019-01-02,46.540000915527344,850480.0,54.90999984741211,43517.0,0.024579835796350404,0.020422025525200796,0.5783473001516223,0.6836558629819585,0.583397103297066,0.5666858050599536,0,0,0
2019-01-03,47.09000015258789,788718.0,55.95000076293945,36535.0,0.011748489949825535,0.01876296988211938,-0.07539205347091218,-0.1748809611049314,0.585781375918088,0.5707474544064167,0,0,0
2019-01-04,47.959999084472656,817277.0,57.060001373291016,42426.0,0.018306643574110024,0.0196449214588163,0.035569240175337524,0.14949067660697762,0.5710594110243462,0.5454048730696933,0,0,0
2019-01-07,48.52000045776367,819939.0,57.33000183105469,41677.0,0.011608782440465858,0.004720709006303803,0.003251864562529944,-0.017811963962883887,0.5727924448732339,0.5450663175894466,0,0,0
2019-01-08,49.779998779296875,765981.0,58.720001220703125,34135.0,0.02563717890710155,0.02395632623565265,-0.06807258199188805,-0.1996261670170312,0.5715300719800612,0.5422516480288663,0,0,0
2019-01-09,52.36000061035156,891922.0,61.439998626708984,38989.0,0.050529680281041586,0.045280661392873726,0.15222131955495935,0.13295630419340773,0.5946881079841528,0.5579882616657104,0,0,0
2019-01-10,52.59000015258789,821782.0,61.68000030517578,31333.0,0.004383037804186959,0.003898667715126005,-0.08190353174039415,-0.21860769981621656,0.5840997075543546,0.5488453101498841,0,0,0
2019-01-11,51.59000015258789,812339.0,60.47999954223633,31369.0,-0.019198132288453507,-0.019647009900367003,-0.011557412347310643,0.001148288856996639,0.5868221087474913,0.5535084215495555,0,0,0
2019-01-14,50.5099983215332,791527.0,58.9900016784668,31241.0,-0.021156554964686724,-0.024944757834037812,-0.025953749538695652,-0.00408880940198526,0.5905195314640355,0.5603467668378881,0,0,0
2019-01-15,52.11000061035156,664183.0,60.63999938964844,29948.0,0.03118557738430152,0.027586764800556062,-0.17540627726927108,-0.0422687903340074,0.5928190595455771,0.563860410469112,0,0,0
2019-01-16,52.310001373291016,694182.0,61.31999969482422,32025.0,0.003830703001577877,0.011151317757887446,0.04417646004976269,0.06705430341435908,0.5852169809307398,0.5610519016393063,0,0,0
2019-01-17,52.06999969482422,288560.0,61.18000030517578,30131.0,-0.004598622321521806,-0.002285705315919485,-0.8778311373691841,-0.06096230567923354,0.5773366234649314,0.5595007262268594,0,0,0
2019-01-18,53.79999923706055,193099.0,62.70000076293945,39637.0,0.032684491672775574,0.024541116096048442,-0.40170002583812886,0.27420848336409015,0.5116446577629842,0.5213783977524773,0,0,0
2019-01-22,52.56999969482422,951158.0,61.5,53602.0,-0.023127843960483143,-0.019324284994496097,1.5944771788926753,0.3018233553458089,0.5196072457151117,0.5260595355904042,0,0,0
2019-01-23,52.619998931884766,702866.0,61.13999938964844,35364.0,0.0009506462872664309,-0.0058708683326356235,-0.30251392767217306,-0.4158920272699054,0.5055290245571473,0.48798552465855777,0,0,0
2019-01-24,53.130001068115234,714415.0,61.09000015258789,35861.0,0.009645505253166787,-0.0008181173204053084,0.016297764004743486,0.013956000468820515,0.5034306730739121,0.48539796353301173,0,0,0
2019-01-25,53.689998626708984,593385.0,61.63999938964844,30262.0,0.010484978289667176,0.008962811390609006,-0.18562059650381965,-0.16975755398299955,0.41890424859927516,0.4125922804863599,0,0,0
2019-01-28,51.9900016784668,650667.0,59.93000030517578,34315.0,-0.03217531417628511,-0.028133780987742323,0.09215456112129795,0.12568977633121897,0.35436331313871094,0.35414161521526744,0,0,0
2019-01-29,53.310001373291016,660527.0,61.31999969482422,18715.0,0.025072531915106076,0.022928829464541608,0.01504001064964789,-0.6062572350042056,0.3269756354411642,0.313287694916147,0,0,0
2019-01-30,54.22999954223633,731312.0,61.650001525878906,12039.0,0.017110295816671183,0.005367205334185172,0.10180218002716858,-0.44117396140350296,0.32731647063630803,0.3124081346306014,0,0,0
2019-01-31,53.790000915527344,718650.0,61.88999938964844,1288.0,-0.008146659106265738,0.0038853515283686166,-0.01746572927945443,-2.2350607522707278,0.3316715408931053,0.30189643409631123,0,0,0
2019-02-01,55.2599983215332,689566.0,61.869998931884766,30044.0,0.026961695815726383,-0.00032321361035935023,-0.041312037807552424,3.1495723461416034,0.33326473841484316,0.2985245873252083,0,0,0
2019-02-04,54.560001373291016,622472.0,62.5099983215332,36025.0,-0.012748250415781795,0.010291124813514302,-0.10236376678213134,0.18155016806182048,0.34067919809104047,0.2952722718348729,0,0,0
2019-02-05,53.65999984741211,609756.0,61.97999954223633,27285.0,-0.016633196551623958,-0.00851477211861337,-0.0206397702615398,-0.27787604124739046,0.3475148701154272,0.29412112202961543,0,0,0
2019-02-06,54.0099983215332,606720.0,62.689998626708984,26542.0,0.0065013413739636915,0.011390178405880486,-0.00499147751941495,-0.027608716623137776,0.3468050761980953,0.29524986646545776,0,0,0
2019-02-07,52.63999938964844,749010.0,61.630001068115234,33982.0,-0.025692908105598683,-0.017053141074570954,0.210684934936338,0.2471025886485094,0.3540220534211054,0.2949488332441178,0,0,0
2019-02-08,52.720001220703125,621003.0,62.099998474121094,36111.0,0.0015186379264741983,0.007597182062869693,-0.187416421723256,0.06076655540214046,0.30827581224894707,0.2514418179852668,0,0,0
2019-02-11,52.40999984741211,750242.0,61.5099983215332,35285.0,-0.005897503446063548,-0.009546228435543314,0.18905990831164496,-0.023139583612913902,0.3086280430738322,0.2534633039163973,0,0,0
2019-02-12,53.099998474121094,708312.0,62.41999816894531,36801.0,0.01307948960929561,0.01468597157563929,-0.05751114656152602,0.04206707426593104,0.30376063240684437,0.2479999633878627,0,0,0
2019-02-13,53.900001525878906,706552.0,63.61000061035156,33859.0,0.014953606712449281,0.01888499277771698,-0.002487872909049861,-0.08332017582256518,0.29566162420931924,0.23525351379367548,0,0,0
2019-02-14,54.40999984741211,623546.0,64.56999969482422,39526.0,0.009417451469032376,0.014979201626170592,-0.12497426221710013,0.1547538403220831,0.2787324884831476,0.22277295581550624,0,0,0
2019-02-15,55.59000015258789,276907.0,66.25,36154.0,0.021455374016833284,0.02568556295423412,-0.8117408297218331,-0.08917109066558,0.2867180657510578,0.23484424544020235,0,0,0
2019-02-19,56.09000015258789,153728.0,66.44999694824219,46238.0,0.008954214530398831,0.003014274367296156,-0.5884969027243565,0.24601437828088316,0.2860974597012874,0.23386279353693457,0,0,0
2019-02-20,56.91999816894531,685111.0,67.08000183105469,29155.0,0.014689194812078006,0.009436225017961517,1.4943960619127044,-0.46117554615942646,0.2692988209894943,0.22267918250586688,0,0,0
2019-02-21,56.959999084472656,546202.0,67.06999969482422,27113.0,0.0007025099778222755,-0.0001491186900519486,-0.2265919982348726,-0.07261310701297945,0.2526570068231005,0.20762163012196513,0,0,0
2019-02-22,57.2599983215332,513439.0,67.12000274658203,23973.0,0.0052530193263338135,0.0007452575178838218,-0.061857640982887555,-0.12308512060070434,0.25248104435484703,0.20485324272764135,0,0,0
2019-02-25,55.47999954223633,723012.0,64.76000213623047,31914.0,-0.03157968316122804,-0.03579394128310552,0.34229458981899297,0.28611658792780004,0.2798230360554514,0.2475523934406495,0,0,0
2019-02-26,55.5,538919.0,65.20999908447266,18661.0,0.00036043355672539453,0.006924655569117942,-0.2938605382084534,-0.536609000436901,0.27817570860687746,0.24701089028075848,0,0,0
2019-02-27,56.939998626708984,577227.0,66.38999938964844,10200.0,0.025615036979289976,0.017933616172208,0.06867032202951034,-0.6040480642611091,0.2613458113877875,0.22518429237253867,0,0,0
2019-02-28,57.220001220703125,496678.0,66.02999877929688,28959.0,0.004905451223789678,-0.0054372678182606675,-0.1502936745494613,1.0434933162443625,0.250281837628196,0.2178486949011687,0,0,0
2019-03-01,55.79999923706055,684186.0,65.06999969482422,38355.0,-0.025129653240953367,-0.014645556902449782,0.32028788167790173,0.2810038608766719,0.26348857514188867,0.22657138435079793,0,0,0
2019-03-04,56.59000015258789,549396.0,65.66999816894531,28931.0,0.014058438136292851,0.009178563503283327,-0.21941031751605083,-0.281971212826351,0.2646203740078482,0.22769746020247061,0,0,0
2019-03-05,56.560001373291016,538399.0,65.86000061035156,28346.0,-0.0005302479822395995,0.00288911389541259,-0.020219571991180806,-0.020427757840194953,0.24917610044956884,0.22740992003107624,0,0,0
2019-03-06,56.220001220703125,637677.0,65.98999786376953,41210.0,-0.006029458677213597,0.0019718968076693232,0.16923196458092626,0.37419501860601234,0.24552903476201282,0.2258588260539016,0,0,0
2019-03-07,56.65999984741211,628824.0,66.30000305175781,35738.0,0.007795904517971459,0.00468676019804871,-0.0139804772290422,-0.14246639689425647,0.23733446289086232,0.22228952781237296,0,0,0
2019-03-08,56.06999969482422,747358.0,65.73999786376953,49867.0,-0.010467587016509156,-0.008482407480412051,0.17269291233817513,0.3331449128854352,0.2410614910177993,0.2237283333086903,0,0,0
2019-03-11,56.790000915527344,597156.0,66.58000183105469,37538.0,0.01275936531780135,0.012696723907517499,-0.22436593487306639,-0.2840057081078466,0.22187836839821337,0.21492881662780838,0,0,0
2019-03-12,56.869998931884766,652798.0,66.66999816894531,37897.0,0.0014076725263905405,0.0013507895170703145,0.08908935412905415,0.009518200048523787,0.22189190185853214,0.21458290092404186,0,0,0
2019-03-13,58.2599983215332,610616.0,67.55000305175781,36739.0,0.024147780184344395,0.013113060418447517,-0.06679945622821613,-0.03103309215671803,0.2299379390638318,0.21171984448743947,0,0,0
2019-03-14,58.61000061035156,567604.0,67.2300033569336,32817.0,0.0059896181807630134,-0.00474848317094676,-0.07304429121409205,-0.1128921873201004,0.22811859448683272,0.21059371412304428,0,0,0
2019-03-15,58.52000045776367,507393.0,67.16000366210938,34969.0,-0.001536756927847183,-0.0010417396755509206,-0.1121381412292242,0.0635152809212728,0.22592229051971352,0.20348593944348392,0,0,0
2019-03-18,59.09000015258789,157241.0,67.54000091552734,31752.0,0.00969312396561028,0.005642141775285756,-1.1715061910098352,-0.09650623924627195,0.22600887350178994,0.19883828665126763,0,0,0
2019-03-19,59.029998779296875,114822.0,67.61000061035156,30329.0,-0.0010159393666503095,0.0010358816173634152,-0.3143965570823634,-0.04585136497993457,0.21728983844858715,0.17945192429764817,0,0,0
2019-03-20,59.83000183105469,786342.0,68.5,35132.0,0.013461469433001087,0.013077835138059308,1.9240087091421751,0.1470080455540414,0.21943324985424437,0.18422086242969501,0,0,0
2019-03-21,59.97999954223633,655380.0,67.86000061035156,35417.0,0.0025039276826943103,-0.00938697691781971,-0.18217659221465116,0.008079534801961025,0.21532764296868537,0.18547066411093613,0,0,0
2019-03-22,59.040000915527344,738840.0,67.02999877929688,45565.0,-0.01579596988980815,-0.012306506191789095,0.11986616862761236,0.25194794709125823,0.22444829077325637,0.1907546487708242,0,0,0
2019-03-25,58.81999969482422,705399.0,67.20999908447266,36691.0,-0.0037332678615669994,0.0026817702014118273,-0.046317788545556474,-0.21660838456938256,0.22481829996968547,0.1909714429169401,0,0,0
2019-03-26,59.939998626708984,685988.0,67.97000122070312,38187.0,0.018862111039872825,0.011244416958003902,-0.027903465304046877,0.03996365017769956,0.19825929812057158,0.14323686887041098,0,0,0
2019-03-27,59.40999984741211,732150.0,67.83000183105469,26692.0,-0.008881479178159507,-0.0020618473652370107,0.06512527613975048,-0.35813124851504713,0.20274436818094171,0.142966544141265,0,0,0
2019-03-28,59.29999923706055,712209.0,67.81999969482422,11876.0,-0.0018532666613410818,-0.00014746975504730705,-0.027614003337686467,-0.8098443381398467,0.18620592355666274,0.1305599595122534,0,0,0
2019-03-29,60.13999938964844,705559.0,68.38999938964844,43566.0,0.014065874273615876,0.008369473987729133,-0.009381011235214365,1.2997574727246513,0.1906975990145957,0.13072318413152614,0,0,0
2019-04-01,61.59000015258789,670808.0,69.01000213623047,49439.0,0.023824354764892586,0.009024846402454082,-0.050507440491988694,0.1264625567814946,0.17663158231304235,0.11865295949067979,0,0,0
2019-04-02,62.58000183105469,793227.0,69.37000274658203,46166.0,0.01594624532372839,0.00520308440254869,0.1676264794642812,-0.06849598998585288,0.1780073876919486,0.11674374628210164,0,0,0
2019-04-03,62.459999084472656,799672.0,69.30999755859375,46550.0,-0.0019194303030447386,-0.0008653762849861895,0.008092208194288754,0.008283407301269705,0.17859472319763503,0.11735356604018986,0,0,0
2019-04-04,62.099998474121094,684973.0,69.4000015258789,37531.0,-0.005780372829000089,0.0012977287940380946,-0.1548222221679487,-0.21535974558074125,0.17840771997799498,0.11741004545467094,0,0,0
2019-04-05,63.08000183105469,686862.0,70.33999633789062,36491.0,0.015657826754223118,0.013453685483377718,0.0027539772551500767,-0.028101603301052616,0.1821458154656827,0.12334019580129478,0,0,0
2019-04-08,64.4000015258789,895767.0,71.0999984741211,40966.0,0.020709865681742396,0.010746740365305407,0.2655469358324544,0.11567679953718178,0.18055936223774538,0.11905741198716775,0,0,0
2019-04-09,63.97999954223633,790677.0,70.61000061035156,37189.0,-0.0065431294375007925,-0.006915529175932217,-0.12479079401053017,-0.09672943575164164,0.18459317937785621,0.11983284838761095,0,0,0
2019-04-10,64.61000061035156,722216.0,71.7300033569336,46506.0,0.009798679650199642,0.015737330765680815,-0.09056527737829112,0.22356831790060713,0.1844365854432464,0.1277448433950548,0,0,0
2019-04-11,63.58000183105469,760504.0,70.83000183105469,39968.0,-0.01607022273489772,-0.012626451320986847,0.051657108257301715,-0.15150220258426217,0.18738016528185855,0.13424960150208692,0,0,0
2019-04-12,63.88999938964844,625588.0,71.55000305175781,32729.0,0.004863860779208567,0.010113883037628627,-0.19528936392162818,-0.19981759890630216,0.187282303289884,0.13434860075980332,0,0,0
2019-04-15,63.400001525878906,555858.0,71.18000030517578,28582.0,-0.00769895955041857,-0.005184664285132205,-0.11817914151335696,-0.13548438597726198,0.19080570387781265,0.13665241353058644,0,0,0
2019-04-16,64.05000305175781,547469.0,71.72000122070312,43907.0,0.010200190478563506,0.007557781387904967,-0.015207026865037566,0.42929661161315724,0.19101053670235274,0.13731952191138355,0,0,0
2019-04-17,63.7599983215332,235376.0,71.62000274658203,40910.0,-0.0045380678320363745,-0.0013952628376744374,-0.844121603575204,-0.0706992287314531,0.19252203107736562,0.1379829726727898,0,0,0
2019-04-18,64.0,148238.0,71.97000122070312,38122.0,0.003757075202474104,0.004874979561332032,-0.46236514525695077,-0.07058298863442608,0.1892100522137731,0.13308103280306569,0,0,0
2019-04-22,65.69999694824219,763527.0,74.04000091552734,48893.0,0.02621579568100129,0.028356117589613764,1.6391293972402698,0.24884269364285488,0.20524751426652138,0.15374894788009025,0,0,0
2019-04-23,66.30000305175781,700598.0,74.51000213623047,50165.0,0.009091064180672303,0.006327873165418013,-0.08601423142783816,0.025683335427840098,0.19217736097423427,0.1416957092247129,0,0,0
2019-04-24,65.88999938964844,678386.0,74.56999969482422,46326.0,-0.006203267558806443,0.0008049042272076805,-0.032217808591038004,-0.0796142138228424,0.1938594115811509,0.14223704568856071,0,0,0
2019-04-25,65.20999908447266,603001.0,74.3499984741211,62237.0,-0.01037385829710521,-0.0029546250799829714,-0.11779759237169586,0.2952463196395814,0.1947405632233854,0.14282126363447847,0,0,0
2019-04-26,63.29999923706055,1000836.0,72.1500015258789,32803.0,-0.029727500268059214,-0.0300363460146641,0.506672074628171,-0.640429703572106,0.22341035079559476,0.185078500267283,0,0,0
2019-04-29,63.5,654076.0,72.04000091552734,16694.0,0.003154588801271559,-0.0015257733522299752,-0.42536737707212585,-0.6754706011936643,0.22270634335164316,0.18542947512393845,0,0,0
2019-04-30,63.90999984741211,750494.0,72.80000305175781,43783.0,0.0064359353760011,0.010494464106037212,0.13750810371469105,0.9641962407588635,0.2195876687554755,0.18636666006122832,0,0,0
2019-05-01,63.599998474121094,676872.0,72.18000030517578,32617.0,-0.004862394920377627,-0.008552993679764464,-0.10324947075887016,-0.2944119893415864,0.20727792167654366,0.18910513377122068,0,0,0
2019-05-02,61.810001373291016,914661.0,70.75,51722.0,-0.02854826046514547,-0.020010466919278016,0.3010713192107288,0.46104959807042634,0.2248466799819885,0.2035739220900481,0,0,0
2019-05-03,61.939998626708984,646866.0,70.8499984741211,39000.0,0.002100966484621207,0.0014124080765898453,-0.3464143415097296,-0.2823215767866019,0.22497834838853834,0.20347257131519303,0,0,0
2019-05-06,62.25,768810.0,71.23999786376953,36208.0,0.004992382971071717,0.0054894838351330225,0.17270470154209955,-0.07428155723846484,0.22482602473342866,0.20405508682855036,0,0,0
2019-05-07,61.400001525878906,842810.0,69.87999725341797,48729.0,-0.013748675340272491,-0.019274982473479717,0.09189768221527585,0.2969942465141868,0.22227381277758113,0.21077022323260494,0,0,0
2019-05-08,62.119998931884766,791769.0,70.37000274658203,45312.0,0.011658121081556191,0.0069876290474481986,-0.06247186446607914,-0.07270243733411388,0.21300620589957905,0.20867684760650548,0,0,0
2019-05-09,61.70000076293945,769583.0,70.38999938964844,46554.0,-0.006784037809451362,0.00028412394000363244,-0.02842087289433151,0.027041031068612734,0.2130766115115232,0.20737048055533858,0,0,0
2019-05-10,61.65999984741211,786494.0,70.62000274658203,50395.0,-0.0006485232933106442,0.003262230443608004,0.021736284023899054,0.07927903466697393,0.20898986904759612,0.19968964349030519,0,0,0
2019-05-13,61.040000915527344,1003106.0,70.2300033569336,62747.0,-0.010106018008327439,-0.005537811422582254,0.24327137159470033,0.21921880429723642,0.20499458624437808,0.19584711415187062,0,0,0
2019-05-14,61.779998779296875,751668.0,71.23999786376953,57905.0,0.012050265756552167,0.014278810465002028,-0.2885617282260165,-0.08030703146773657,0.2094634336346667,0.19916898224847296,0,0,0
2019-05-15,62.02000045776367,723001.0,71.7699966430664,48596.0,0.003877253321643771,0.007412086233416617,-0.03888413181934339,-0.17526251364384532,0.20905408120867752,0.1999806161906762,0,0,0
2019-05-16,62.869998931884766,545679.0,72.62000274658203,56835.0,0.013612164352495307,0.011773889138991876,-0.2813797145147566,0.1566111101461781,0.2116847713610103,0.20240250525941286,0,0,0
2019-05-17,62.7599983215332,215802.0,72.20999908447266,43365.0,-0.0017511842850836798,-0.005661876023066196,-0.9276695701472348,-0.27049966900225475,0.21129865942611523,0.20346765873356662,0,0,0
2019-05-20,63.099998474121094,131888.0,71.97000122070312,48963.0,0.005402844244632368,-0.0033291453034220955,-0.4924082430508096,0.1214122467002494,0.2118175265246241,0.20317400624038615,0,0,0
2019-05-21,62.9900016784668,641680.0,72.18000030517578,55652.0,-0.0017447350848541015,0.0029136209616350346,1.5821366594877972,0.12805310514296186,0.18788609733631245,0.17568999313736056,0,0,0
2019-05-22,61.41999816894531,766728.0,70.98999786376953,57458.0,-0.025240525079747975,-0.016624011483322376,0.178042372990633,0.031936230143604624,0.19961091808935322,0.18118425759792425,0,0,0
2019-05-23,57.90999984741211,1108052.0,67.76000213623047,80487.0,-0.058845406597864997,-0.04656691008908053,0.3682266875646252,0.3370414345770287,0.27658330985161134,0.2367380299689978,0,0,0
2019-05-24,58.630001068115234,758099.0,68.69000244140625,66452.0,0.012356450591235276,0.013631581897949916,-0.3795448136397307,-0.1916157981760311,0.2833327230314014,0.24498417851751228,0,0,0
2019-05-28,59.13999938964844,1020323.0,70.11000061035156,65297.0,0.008660974909859199,0.020461782156331963,0.2970605388424804,-0.017533789104248517,0.2722192975512982,0.239151147696383,0,0,0
2019-05-29,58.810001373291016,1124959.0,69.44999694824219,32769.0,-0.005595572280696202,-0.0094584206659494,0.09762734671328428,-0.6894631468904681,0.271316696822037,0.24079113915792885,0,0,0
2019-05-30,56.59000015258789,842281.0,66.87000274658203,19076.0,-0.03847963797237444,-0.03785654811921186,-0.28938818174669073,-0.5410519460935379,0.29394125204942995,0.2666887069808469,0,0,0
2019-05-31,53.5,1031488.0,64.48999786376953,67969.0,-0.05615063994884718,-0.036240337242045215,0.20264401111698235,1.2706207184412353,0.34170905315320704,0.28890582323591885,0,0,0
2019-06-03,53.25,984308.0,61.279998779296875,60640.0,-0.004683849312426314,-0.05105663438505207,-0.046818842694743144,-0.11409697754309685,0.3337409980773087,0.3263303213131455,0,0,0
2019-06-04,53.47999954223633,831625.0,61.970001220703125,58666.0,0.0043099390846778034,0.011196911160061893,-0.16855723814345827,-0.03309439866500432,0.3345948356751328,0.33117337101826216,0,0,0
2019-06-05,51.68000030517578,943186.0,60.630001068115234,67012.0,-0.03423687829476168,-0.021860578971725605,0.1258818879635877,0.13301136516217402,0.34434312854522175,0.3323756267558534,0,0,0
2019-06-06,52.59000015258789,790067.0,61.66999816894531,51701.0,0.017455125123264293,0.017007721611645286,-0.17714575403416533,-0.2593945841441956,0.355546356935677,0.3401007634948473,0,0,0
2019-06-07,53.9900016784668,828133.0,63.290000915527344,44888.0,0.026272884815955747,0.025929793940579073,0.047056017513810326,-0.14130662523841944,0.36876308168811334,0.35517686069276333,0,0,0
2019-06-10,53.2599983215332,687146.0,62.290000915527344,34096.0,-0.013613326447470066,-0.01592643928893012,-0.18662698166667688,-0.2749904230924095,0.36954549733714437,0.3565461652684155,0,0,0
2019-06-11,53.27000045776367,642940.0,62.290000915527344,41448.0,0.00018778065098034392,0.0,-0.06649538055208,0.19525955415622592,0.36973804602354726,0.35567699011792026,0,0,0
2019-06-12,51.13999938964844,786105.0,59.970001220703125,47691.0,-0.04080637159405574,-0.03795645642822838,0.20103896400688473,0.14030307133435732,0.38787435536393217,0.3725038566828176,0,0,0
2019-06-13,52.279998779296875,945024.0,61.310001373291016,72728.0,0.02204690747856272,0.022098526638084214,0.1841199527032333,0.4219837539727126,0.39598509195768566,0.379194683998137,0,0,0
2019-06-14,52.5099983215332,574229.0,62.0099983215332,38166.0,0.00438973027837189,0.011352651120374797,-0.4981820525345141,-0.6447813878948349,0.3961818982121466,0.38134080608527043,0,0,0
2019-06-17,51.93000030517578,397868.0,60.939998626708984,46699.0,-0.011106931952156299,-0.017405884271677333,-0.3669079794799257,0.20177768424463077,0.38842721851266676,0.37664617802346007,0,0,0
2019-06-18,53.900001525878906,181640.0,62.13999938964844,46430.0,0.03723384249148919,0.01950014312027087,-0.7840935857524554,-0.005776949137522563,0.4199246635514391,0.3887986407102769,0,0,0
2019-06-19,53.7599983215332,122838.0,61.81999969482422,51499.0,-0.002600841230979677,-0.0051629623752520405,-0.3911602921312537,0.10361658797361029,0.41779665340830763,0.3886233170543846,0,0,0
2019-06-20,56.650001525878906,854514.0,64.44999694824219,64896.0,0.05236234941579883,0.041662750266966274,1.93966647217314,0.2312235985232225,0.46659081193376184,0.42303663538897995,0,0,0
2019-06-21,57.43000030517578,676047.0,65.19999694824219,51282.0,0.013674805780867093,0.011569740092090141,-0.2342702860183175,-0.23544617511672727,0.46484539446965245,0.4248763306869284,0,0,0
2019-06-24,57.900001525878906,597164.0,64.86000061035156,39427.0,0.008150590742564535,-0.005228311837040552,-0.12407081771806822,-0.2628889526167975,0.41951661919313876,0.3958998170920944,0,0,0
2019-06-25,57.83000183105469,673140.0,65.05000305175781,37722.0,-0.0012097070998043228,0.002925141583081484,0.1197615492496773,-0.04420738216615938,0.4171038307508203,0.392265720308317,0,0,0
2019-06-26,59.380001068115234,686817.0,66.48999786376953,26217.0,0.02644978349056884,0.02189527641321962,0.02011454940730222,-0.36383542331546215,0.42655445990147056,0.3933571873129229,0,0,0
2019-06-27,59.43000030517578,531405.0,66.55000305175781,13127.0,0.0008416671902070649,0.0009020624119706115,-0.2565434388027662,-0.6917368774922465,0.4260363529738517,0.39269276532570685,0,0,0
2019-06-28,58.470001220703125,556101.0,66.55000305175781,32575.0,-0.016285331448609858,0.0,0.045425490040164246,0.9088739451896385,0.40696091362692943,0.37044311491510157,0,0,0
2019-07-01,59.09000015258789,674887.0,65.05999755859375,46308.0,0.010547884874874095,-0.022643707177988474,0.19359533702130977,0.3517696093325732,0.3492958312891922,0.3565214952874256,0,0,0
2019-07-02,56.25,878938.0,62.400001525878906,47774.0,-0.04925566685535001,-0.04174458369117816,0.2641690910480287,0.031166826114285912,0.3955044194536081,0.3406885352990376,0,0,0
2019-07-03,57.34000015258789,600131.0,63.81999969482422,35881.0,0.019192422031801496,0.02250131623970765,-0.381566395780741,-0.2862736509755082,0.3996488203531344,0.3471975470417203,0,0,0
2019-07-05,57.5099983215332,698015.0,64.2300033569336,34614.0,0.00296035342368015,0.006403827465685416,0.15109262778458685,-0.0359496829794524,0.3756586151973271,0.336993258901509,0,0,0
2019-07-08,57.65999984741211,540861.0,64.11000061035156,29582.0,0.0026048730239061554,-0.001870076014416507,-0.2550782782770451,-0.15709215625362913,0.37301255050189674,0.33325163014795967,0,0,0
2019-07-09,57.83000183105469,551872.0,64.16000366210938,28731.0,0.0029440142689219125,0.0007796531164759836,0.020153821104091193,-0.02918938904158633,0.3644176976481524,0.321534138909717,0,0,0
2019-07-10,60.43000030517578,690656.0,67.01000213623047,40838.0,0.043977971590698606,0.043461873228335626,0.22432573524670063,0.35163634129325105,0.3848322785117369,0.34770621806387664,0,0,0
2019-07-11,60.20000076293945,573019.0,66.5199966430664,37676.0,-0.0038133104353498433,-0.007339290004658953,-0.1867229955982982,-0.08058973354027232,0.3858438283334997,0.34955583092549164,0,0,0
2019-07-12,60.209999084472656,469029.0,66.72000122070312,31996.0,0.00016607128259863723,0.003002172486702639,-0.20025427475490684,-0.16341239197399532,0.34767007190534227,0.31609221713841384,0,0,0
2019-07-15,59.58000183105469,566818.0,66.4800033569336,35583.0,-0.010518458252943931,-0.0036035753038188615,0.1893736643225122,0.10625710072867289,0.34912487261011727,0.3111560367462065,0,0,0
2019-07-16,57.619998931884766,712540.0,64.3499984741211,41087.0,-0.03345026689869134,-0.03256429071262901,0.22879778637200504,0.143823774049843,0.3752595875127241,0.3341630135250602,0,0,0
2019-07-17,56.779998779296875,504432.0,63.65999984741211,34392.0,-0.014685581573148858,-0.01078049087292614,-0.3454030071265219,-0.17786779057111093,0.3773246429444913,0.33013798494342944,0,0,0
2019-07-18,55.29999923706055,215361.0,61.93000030517578,48628.0,-0.026411234814087123,-0.02755169957930414,-0.8511173539579522,0.3463755174995671,0.37159624056532214,0.33897149050575953,0,0,0
2019-07-19,55.630001068115234,105217.0,62.470001220703125,36709.0,0.005949748555631908,0.008681741168384636,-0.7162908056269959,-0.28117754008974916,0.3716686589818773,0.33978924825131634,0,0,0
2019-07-22,56.220001220703125,619483.0,63.2599983215332,33851.0,0.010549943903807289,0.012566730298565093,1.7728603750012017,-0.08105341558438464,0.3250534942034587,0.3089221927688604,0,0,0
2019-07-23,56.77000045776367,521876.0,63.83000183105469,31220.0,0.009735438054758645,0.008970136609720562,-0.17145524743665527,-0.08090962593212778,0.3231910462999994,0.3077303132579364,0,0,0
2019-07-24,55.880001068115234,745248.0,63.18000030517578,42616.0,-0.015801471742906505,-0.010235527750194904,0.35628703712043075,0.31117085452741194,0.3257069364335686,0.30908078198880745,0,0,0
2019-07-25,56.02000045776367,559282.0,63.38999938964844,27929.0,0.002502224500188504,0.0033183104633617263,-0.2870632306677242,-0.42256419409378615,0.32602970647429447,0.30915068869467727,0,0,0
2019-07-26,56.20000076293945,476785.0,63.459999084472656,26232.0,0.0032079924716849895,0.0011036610606482526,-0.15958816269892664,-0.06268553597856484,0.31048221581397717,0.29773256851265123,0,0,0
2019-07-29,56.869998931884766,529742.0,63.709999084472656,14517.0,0.011851172061928476,0.003931750029958579,0.1053244400466974,-0.5916596630630558,0.31434756830445537,0.2983174033762513,0,0,0
2019-07-30,58.04999923706055,547401.0,64.72000122070312,11005.0,0.02053675246409296,0.015728769853365857,0.03279152785116758,-0.27697066150086624,0.3192474608273789,0.3046065669097867,0,0,0
2019-07-31,58.58000183105469,614001.0,65.16999816894531,34287.0,0.009088677655820023,0.006928920636167162,0.11481493338771763,1.1364165586051456,0.3186596963617137,0.29562538524843196,0,0,0
2019-08-01,53.95000076293945,886748.0,60.5,63060.0,-0.08233566681117595,-0.0743558472109041,0.3675642814137549,0.6093203805333441,0.39419747911395225,0.36678095790596027,0,0,0
2019-08-02,55.65999984741211,739810.0,61.88999938964844,47421.0,0.031204047510570605,0.02271524085259737,-0.1811674417502668,-0.2850214855535466,0.40439358527826463,0.3669578457453055,0,0,0
2019-08-05,54.689998626708984,823844.0,59.810001373291016,47722.0,-0.017580901108094796,-0.03418571187203467,0.10758779512395587,0.006327338936465158,0.4078383234493859,0.3825993784118347,0,0,0
2019-08-06,53.630001068115234,682794.0,58.939998626708984,34335.0,-0.01957221933701239,-0.014652940007623709,-0.1877879880623001,-0.32922726542719355,0.4116311332597696,0.3845150759313939,0,0,0
2019-08-07,51.09000015258789,1063214.0,56.22999954223633,52628.0,-0.048519846581853925,-0.047069539846539825,0.4428584715722207,0.42708305543095204,0.4392378588230166,0.4117747751425463,0,0,0
2019-08-08,52.540000915527344,724762.0,57.380001068115234,36965.0,0.027986015353377906,0.020245415004789057,-0.38320835000938586,-0.3532767784945284,0.4194016664506986,0.38330589812915683,0,0,0
2019-08-09,54.5,726386.0,58.529998779296875,34015.0,0.03662589998646518,0.019843593279120816,0.0022382288753113196,-0.08316991521203929,0.44544938431006514,0.3947450125132069,0,0,0
2019-08-12,54.93000030517578,611027.0,58.56999969482422,30960.0,0.007858951241052098,0.0006831924441410312,-0.17294040592564808,-0.0941055550754977,0.4473094921409815,0.3941530441351561,0,0,0
2019-08-13,57.099998474121094,783486.0,61.29999923706055,45522.0,0.03874443702879064,0.045557215604925726,0.24861204504986947,0.3854996768624664,0.47071801076964626,0.433104439193519,0,0,0
2019-08-14,55.22999954223633,718293.0,59.47999954223633,45545.0,-0.03329781431426064,-0.030139716600311017,-0.08687562929634898,0.0005051226127804844,0.4705900478611361,0.4311570078071092,0,0,0
2019-08-15,54.470001220703125,527866.0,58.22999954223633,45864.0,-0.01385616181863913,-0.02123943590813465,-0.3080351001835934,0.0069796474093083306,0.47031740770137825,0.43481341026210707,0,0,0
2019-08-16,54.869998931884766,168345.0,58.63999938964844,25244.0,0.007316617798454183,0.007016369182219496,-1.1428270184815514,-0.5970919918840886,0.4626902738955917,0.4279015546741195,0,0,0
2019-08-19,56.209999084472656,113571.0,59.7400016784668,30652.0,0.02412792912176381,0.01858479371421518,-0.39358725312933585,0.19410940938616478,0.47004621896494647,0.43254118419052445,0,0,0
2019-08-20,56.34000015258789,659258.0,60.029998779296875,30782.0,0.0023101044302072968,0.004842576044706732,1.7586867681546707,0.0042321904496044034,0.4686897821095427,0.43005528492802586,0,0,0
2019-08-21,55.68000030517578,704035.0,60.29999923706055,33717.0,-0.0117837436495157,0.004487674151877249,0.0657131106696749,0.09107205764647751,0.4690444617035255,0.42882805892249143,0,0,0
2019-08-22,55.349998474121094,621573.0,59.91999816894531,33800.0,-0.005944389920226798,-0.006321782430103127,-0.12457470901472012,0.0024586412847334804,0.46633990785782914,0.4281763763361301,0,0,0
2019-08-23,54.16999816894531,807151.0,59.34000015258789,41613.0,-0.021549415719023725,-0.009726691216548197,0.26125740171324174,0.20795181596028955,0.47182945278714916,0.42831871626905366,0,0,0
2019-08-26,53.63999938964844,679022.0,58.70000076293945,26628.0,-0.009832168832987298,-0.010843877602777193,-0.17285723590695007,-0.44644932471080556,0.4723175905943766,0.42882512902416237,0,0,0
2019-08-27,54.93000030517578,596624.0,59.5099983215332,30198.0,0.023764605875437318,0.01370459762065899,-0.1293664283929534,0.12581240328382082,0.4785514773851377,0.43234219744660146,0,0,0
2019-08-28,55.779998779296875,674048.0,60.4900016784668,17141.0,0.01535570740484831,0.016333752414687208,0.12201422576377827,-0.5663024424973581,0.4758534633920757,0.43268172064640825,0,0,0
2019-08-29,56.709999084472656,630760.0,61.08000183105469,10658.0,0.016535185566818395,0.00970642046174417,-0.06637588345634873,-0.4751624706503294,0.4787106395436059,0.43360847103211553,0,0,0
2019-08-30,55.099998474121094,708268.0,60.43000030517578,41940.0,-0.028800857415950763,-0.010698834904867777,0.11589711160496739,1.3699292415991835,0.3931445030752128,0.349736400498093,0,0,0
2019-09-03,53.939998626708984,970804.0,58.2599983215332,51149.0,-0.021277396213986333,-0.036569952702184626,0.3153020410147482,0.19850291639062018,0.384283990668539,0.3612114720673736,0,0,0
2019-09-04,56.2599983215332,682298.0,60.70000076293945,36192.0,0.04211148097562434,0.04102798791311799,-0.3526580816019282,-0.34590484193068416,0.40771898342556584,0.3728527874429413,0,0,0
2019-09-05,56.29999923706055,712466.0,60.95000076293945,37813.0,0.0007107483667177496,0.004110157810273293,0.04326567915078445,0.04381485891042124,0.4005979409050103,0.3687586216914897,0,0,0
2019-09-06,56.52000045776367,714294.0,61.540000915527344,37585.0,0.0039000443211493754,0.00963351632609823,0.002562450587686654,-0.006047924214698913,0.3553910547545097,0.32407641552894145,0,0,0
2019-09-09,57.849998474121094,646993.0,62.59000015258789,31505.0,0.023258861347741525,0.016918138603662796,-0.09895916701665035,-0.17645877123541343,0.3518665990325176,0.3222128793588628,0,0,0
2019-09-10,57.400001525878906,755472.0,62.380001068115234,32170.0,-0.007809097354436675,-0.0033607950721293435,0.15500724420036047,0.020888077856916192,0.3341035937827636,0.317960585666767,0,0,0
2019-09-11,55.75,858772.0,60.810001373291016,37485.0,-0.029166919568548437,-0.025490456587049366,0.128160742362785,0.15290651170409036,0.35078034370592165,0.33297134404016193,0,0,0
2019-09-12,55.09000015258789,845977.0,60.380001068115234,44952.0,-0.0119091960858101,-0.007096329746749773,-0.015011289364712466,0.18165440085487175,0.32447010993183034,0.29336257946513095,0,0,0
2019-09-13,54.849998474121094,599470.0,60.220001220703125,26153.0,-0.004366055352302385,-0.0026533986442635956,-0.3444462409614039,-0.5416313471257708,0.303797276073569,0.27340431116746483,0,0,0
2019-09-16,62.900001525878906,1404916.0,69.0199966430664,69899.0,0.13694402906308503,0.13639172570842875,0.8516868619896718,0.9830874363016593,0.5601560744872557,0.534988381387774,0,0,0
2019-09-17,59.34000015258789,993237.0,64.55000305175781,87185.0,-0.05826257053110785,-0.06695610446266652,-0.3467634872409777,0.2209809547836717,0.6038334889688726,0.5948835394532058,0,0,0
2019-09-18,58.11000061035156,216961.0,63.599998474121094,37459.0,-0.020945840843696155,-0.014826718215806384,-1.521251692376766,-0.8447852962513205,0.6048344719862053,0.5962251818491008,0,0,0
2019-09-19,58.130001068115234,112327.0,64.4000015258789,36971.0,0.00034412349745777213,0.012500210449810064,-0.6583033536130598,-0.0131131799767974,0.6048430350245211,0.5971157971153918,0,0,0
2019-09-20,58.09000015258789,576019.0,64.27999877929688,23355.0,-0.0006883654566636566,-0.0018651349251711422,1.634726385990081,-0.45932272758726783,0.6029935088615156,0.5973682503666339,0,0,0
2019-09-23,58.63999938964844,526785.0,64.7699966430664,25895.0,0.009423512538754246,0.007593959487390615,-0.08934815060333332,0.10323880592178342,0.6027866440042677,0.5965637985829241,0,0,0
2019-09-24,57.290000915527344,591529.0,63.099998474121094,30503.0,-0.023290942768880194,-0.02612173600104777,0.11591821445215586,0.16377513955615675,0.603700694897646,0.6038740285940951,0,0,0
2019-09-25,56.4900016784668,563550.0,62.38999938964844,25272.0,-0.014062443351258782,-0.011315749025398902,-0.0484546494237077,-0.1881279759322275,0.6049807256283868,0.6040117955421528,0,0,0
2019-09-26,56.40999984741211,599653.0,62.7400016784668,11043.0,-0.0014172160029007803,0.005594233175417871,0.06209509389549706,-0.8279003204347903,0.6000791054695016,0.6028365980442629,0,0,0
2019-09-27,55.90999984741211,712966.0,61.90999984741211,9063.0,-0.0089031927375213,-0.013317514448802022,0.17308257885920375,-0.1975965519923492,0.5987850252209839,0.6030242269501557,0,0,0
2019-09-30,54.06999969482422,532522.0,60.779998779296875,34510.0,-0.03346375455955752,-0.018420947661781824,-0.29180952215864026,1.3370489460372674,0.6065047509904464,0.6058342907754029,0,0,0
2019-10-01,53.619998931884766,589176.0,58.88999938964844,41174.0,-0.008357384862103622,-0.031589480812471794,0.10110073927715182,0.1765578520772045,0.5993289727447236,0.6146390201715872,0,0,0
2019-10-02,52.63999938964844,590306.0,57.689998626708984,40386.0,-0.018445837465485726,-0.020587462128079714,0.0019160959569127147,-0.019323798930485588,0.5982187655632681,0.6054854499940421,0,0,0
2019-10-03,52.45000076293945,642466.0,57.709999084472656,49093.0,-0.003615926033897722,0.0003466283944646246,0.08467285056300244,0.19523326818887243,0.577141759067831,0.5864568724857596,0,0,0
2019-10-04,52.810001373291016,541104.0,58.369998931884766,41717.0,0.006840243334876458,0.011371588058055477,-0.17170240011092996,-0.1628077388562469,0.5780735493776868,0.5880107751098009,0,0,0
2019-10-07,52.75,549019.0,58.349998474121094,28765.0,-0.0011368203670400682,-0.000342708334542745,0.014521552319259919,-0.37174934927399983,0.5775739306451264,0.5865247736504774,0,0,0
2019-10-08,52.630001068115234,658324.0,58.2400016784668,38868.0,-0.0022774526956901692,-0.001886899873853769,0.1815641620618798,0.30101191966193586,0.5695033855413976,0.5822683502074586,0,0,0
2019-10-09,52.59000015258789,632666.0,58.31999969482422,36036.0,-0.000760329157770791,0.0013726497593633939,-0.03975457459099644,-0.07565285118799901,0.5695112850984533,0.5825062833709452,0,0,0
2019-10-10,53.54999923706055,613944.0,59.099998474121094,36561.0,0.01808979214380738,0.01328581612583646,-0.030038917984460657,0.01446365972028154,0.5668954717732971,0.5792926807694015,0,0,0
2019-10-11,54.70000076293945,467643.0,60.5099983215332,51613.0,0.021247940729117943,0.023577714302103633,-0.27219853446675424,0.3447914802314936,0.5711517581759807,0.5851797360382827,0,0,0
2019-10-14,53.59000015258789,467643.0,59.349998474121094,39154.0,-0.020501237021561078,-0.019356517549723434,0.0,-0.2762709903866177,0.5753052824742366,0.5890188672458778,0,0,0
2019-10-15,52.810001373291016,511249.0,58.7400016784668,49695.0,-0.014661893630863183,-0.010331141000853432,0.08915156705566485,0.238401736065618,0.28172692261932963,0.31371201333676146,0,0,0
2019-10-16,53.36000061035156,451643.0,59.41999816894531,43443.0,0.010360820322524973,0.011509884874015318,-0.12396470661602278,-0.13445459040539368,0.2225405121969426,0.2347094752759137,0,0,0
2019-10-17,53.93000030517578,418422.0,59.90999984741211,44951.0,0.010625501962133566,0.008212594329881433,-0.07640155211853841,0.03412327359664024,0.2210092831907639,0.23481790054287227,0,0,0
2019-10-18,53.779998779296875,174477.0,59.41999816894531,33528.0,-0.00278528686524312,-0.008212594329881372,-0.8746975648324917,-0.2931920969884449,0.22057911954585757,0.2286426052086763,0,0,0
2019-10-21,53.310001373291016,95979.0,58.959999084472656,35588.0,-0.00877767154748516,-0.007771606865859227,-0.5976635102592602,0.05962759175975059,0.22096535473846535,0.22891755479312623,0,0,0
2019-10-22,54.15999984741211,506573.0,59.70000076293945,37803.0,0.015818669191519606,0.012472800824970588,1.6635390221223216,0.06037996217314495,0.22692315342941605,0.23265492172213675,0,0,0
2019-10-23,55.970001220703125,620202.0,61.16999816894531,37010.0,0.0328732289265564,0.024324810142493658,0.20237679176646664,-0.021200318157601216,0.2484731168345981,0.2374732221385572,0,0,0
2019-10-24,56.22999954223633,480764.0,61.66999816894531,35367.0,0.004634559449972859,0.008140715991621921,-0.2546687262176307,-0.045408964419964545,0.24460396407689697,0.23688247571552737,0,0,0
2019-10-25,56.65999984741211,445020.0,62.02000045776367,31392.0,0.007618077546131343,0.005659361740979828,-0.07725728023320115,-0.11922609859514746,0.24604485563897313,0.23690387681753114,0,0,0
2019-10-28,55.810001373291016,437020.0,61.56999969482422,24870.0,-0.015115402302443957,-0.0072821870866544005,-0.01814026433780102,-0.23289082556763935,0.24985577550280622,0.2337063944442033,0,0,0
2019-10-29,55.540000915527344,521457.0,61.59000015258789,16903.0,-0.004849591044121093,0.0003247882098775938,0.17664785594425722,-0.3861711368472726,0.21951009207785468,0.22418178055345744,0,0,0
2019-10-30,55.060001373291016,659328.0,60.61000061035156,13275.0,-0.008679973706581781,-0.016039616143090435,0.2345943179200874,-0.2416085538400381,0.21969126567248154,0.20132926014931476,0,0,0
2019-10-31,54.18000030517578,677419.0,60.22999954223633,36213.0,-0.016111682366602334,-0.006289346577970372,0.02706885390768757,1.0035356032590972,0.21718748642164137,0.187282771473185,0,0,0
2019-11-01,56.20000076293945,538117.0,61.689998626708984,28361.0,0.036604928185503524,0.023951261505016745,-0.23021397977364277,-0.24440320841393634,0.24804491991679753,0.2018581491184942,0,0,0
2019-11-04,56.540000915527344,580350.0,62.130001068115234,28961.0,0.006031597982923683,0.007107160306834359,0.07555536117752167,0.02093513533493266,0.24791480437489877,0.20021035328817374,0,0,0
2019-11-05,57.22999954223633,435319.0,62.959999084472656,27103.0,0.012129859964340392,0.01327060830051453,-0.2875522741501185,-0.06630567444234496,0.24921324207804352,0.202905596247582,0,0,0
2019-11-06,56.349998474121094,623258.0,61.7400016784668,34901.0,-0.015496015015156009,-0.019567543307670975,0.358881462597408,0.2528710592272617,0.25740172220728885,0.21766024909763054,0,0,0
2019-11-07,57.150001525878906,678165.0,62.290000915527344,33158.0,0.014097203533174212,0.008868867703812141,0.08443006290240244,-0.051231467275739136,0.2596194851170258,0.2185969619193643,0,0,0
2019-11-08,57.2400016784668,636941.0,62.5099983215332,34325.0,0.0015735670712062738,0.0035256031286718392,-0.0627135915458617,0.03458993683676121,0.2545478937416944,0.21547934663119755,0,0,0
2019-11-11,56.86000061035156,498981.0,62.18000030517578,23316.0,-0.006660867054428262,-0.005293107553999163,-0.2441090107441629,-0.3867341314707315,0.24784964870910625,0.20303505036828684,0,0,0
2019-11-12,56.79999923706055,586568.0,62.060001373291016,30687.0,-0.0010558046620677683,-0.0019317283898745428,0.16172058452745913,0.2746992919596767,0.2345572882759912,0.18920335572809147,0,0,0
2019-11-13,57.119998931884766,547635.0,62.369998931884766,33278.0,0.005617987036759496,0.004982692263892031,-0.06867959676333997,0.0810574058503354,0.2259285056913063,0.18386051227199623,0,0,0
2019-11-14,56.77000045776367,516832.0,62.279998779296875,27803.0,-0.006146274085719035,-0.0014440460470118196,-0.057891136582315504,-0.17975258944992045,0.22706314006334327,0.18164024412222698,0,0,0
2019-11-15,57.720001220703125,375993.0,63.29999923706055,32240.0,0.016595729808259362,0.016244989731819925,-0.3181473438607836,0.14806398909503254,0.23052157074936971,0.18702046873028627,0,0,0
2019-11-18,57.04999923706055,159328.0,62.439998626708984,29294.0,-0.011675692119459942,-0.013679243443913651,-0.8586055557355468,-0.09582520074231209,0.23545115590290458,0.19190545514259544,0,0,0
2019-11-19,55.209999084472656,121214.0,60.90999984741211,32258.0,-0.032783983221595855,-0.024808711310204533,-0.2734073919443486,0.09638335759887531,0.26336936626047924,0.2113315500969463,0,0,0
2019-11-20,57.11000061035156,674891.0,62.400001525878906,39331.0,0.03383516365075204,0.02416793748531304,1.7169936178360865,0.19824693750904449,0.2822823899394032,0.22253459337552023,0,0,0
2019-11-21,58.58000183105469,593533.0,63.970001220703125,36374.0,0.02541412929285303,0.02484894271590792,-0.1284583814886533,-0.07815877829920913,0.27321525212120534,0.22320037283059987,0,0,0
2019-11-22,57.77000045776367,508244.0,63.38999938964844,33785.0,-0.013923754939848373,-0.009108131876917286,-0.15513116763805243,-0.07383731670068827,0.2786163571482127,0.2253365546535224,0,0,0
2019-11-25,58.0099983215332,420642.0,63.650001525878906,25178.0,0.004145762826804945,0.0040932383088152545,-0.18917953159497033,-0.29404631966007044,0.27788080461960163,0.22502075413384504,0,0,0
2019-11-26,58.40999984741211,443816.0,64.2699966430664,23433.0,0.006871724895980583,0.009693558175083323,0.0536279464945916,-0.07182531204779757,0.27207094096172596,0.2246079752055063,0,0,0
2019-11-27,58.11000061035156,454256.0,64.05999755859375,15263.0,-0.005149328849462195,-0.00327280108169071,0.023250853650202876,-0.42871368636328494,0.27217032133138197,0.2252995597137269,0,0,0
2019-11-29,55.16999816894531,718724.0,62.43000030517578,47386.0,-0.051918482495376124,-0.02577417210782786,0.4588165017695964,1.1328952274913002,0.32911446734207106,0.23725733688904654,0,0,0
2019-12-02,55.959999084472656,616423.0,60.91999816894531,39023.0,0.014217839341871078,-0.024484435991688067,-0.15354400136155721,-0.19417561053530571,0.327059676440158,0.25257381374441534,0,0,0
2019-12-03,56.099998474121094,560554.0,60.81999969482422,32863.0,0.002498651892490984,-0.0016428207387213956,-0.09500783575980515,-0.171803811038113,0.3013117105241657,0.23781547184620316,0,0,0
2019-12-04,58.43000030517578,760541.0,63.0,41730.0,0.04069367645989251,0.03521604916000201,0.30510444172335643,0.2388728897525948,0.332488870336363,0.2674900186927796,0,0,0
2019-12-05,58.43000030517578,649461.0,63.38999938964844,38903.0,0.0,0.006171384276027408,-0.15788723402778587,-0.07014892613009623,0.3302806357180066,0.2643861648142394,0,0,0
2019-12-06,59.20000076293945,679609.0,64.38999938964844,43303.0,0.013092092988175418,0.01565222140355153,0.045374844675822035,0.10715054819971429,0.3271347230697757,0.25909576904864345,0,0,0
2019-12-09,59.02000045776367,511561.0,64.25,32410.0,-0.003045177506580201,-0.002176608295782254,-0.2840507974261362,-0.2897548995196234,0.3247592824348207,0.25823066163782515,0,0,0
2019-12-10,59.2400016784668,566822.0,64.33999633789062,31170.0,0.0037206404620627933,0.0013997411174678665,0.10257848609175972,-0.03901092337421033,0.32484780335667685,0.25812296790538675,0,0,0
2019-12-11,58.7599983215332,589650.0,63.720001220703125,31647.0,-0.00813569499204254,-0.009682960693649902,0.03948381907610019,0.015187263588535643,0.3253621584489988,0.25999281794021906,0,0,0
2019-12-12,59.18000030517578,530851.0,64.19999694824219,32866.0,0.007122329387911304,0.007504658961598909,-0.10504776130686114,0.03779533139131674,0.32576518604665156,0.2606308051297941,0,0,0
2019-12-13,60.06999969482422,512288.0,65.22000122070312,34575.0,0.014926891652932052,0.015763025917126205,-0.03559441233343398,0.05069218879172364,0.3286672938914487,0.2650246416962262,0,0,0
2019-12-16,60.209999084472656,347395.0,65.33999633789062,31476.0,0.0023278924890526263,0.0018381610480748504,-0.3884245058232273,-0.09390552687808496,0.3271992126347734,0.2647109932627494,0,0,0
2019-12-17,60.939998626708984,163744.0,66.0999984741211,35092.0,0.012051314751642811,0.011564373647292243,-0.7521582284497754,0.10874783359340048,0.3251575530827881,0.2620841239968064,0,0,0
2019-12-18,60.93000030517578,131071.0,66.16999816894531,31943.0,-0.000164081753397313,0.0010584365787517699,-0.22256507150938337,-0.0940201197785931,0.321217536352244,0.2558293851766134,0,0,0
2019-12-19,61.220001220703125,426341.0,66.54000091552734,29280.0,0.004748284187847286,0.005576123997391666,1.179500334434808,-0.08704837539443358,0.29345152363795574,0.23540603776902236,0,0,0
2019-12-20,60.439998626708984,552517.0,66.13999938964844,33986.0,-0.01282283877389983,-0.0060295860239122576,0.2592447066012078,0.14904398601880298,0.27971424827353686,0.22621007214384262,0,0,0
2019-12-23,60.52000045776367,314711.0,66.38999938964844,21599.0,0.0013227818010167394,0.0037727352121710925,-0.5628294447654546,-0.45330165778979725,0.26723430065194237,0.2116030922189395,0,0,0
2019-12-24,61.11000061035156,204535.0,67.19999694824219,18562.0,0.009701632410580266,0.012126768578398346,-0.43091564740109256,-0.15153053714891537,0.2624857370666233,0.21063424140252257,0,0,0
2019-12-26,61.68000030517578,265091.0,67.91999816894531,10745.0,0.009284205308224065,0.010657312928060159,0.2593340532828808,-0.5466759500787274,0.2634499229368441,0.21237033487020512,0,0,0
2019-12-27,61.720001220703125,351899.0,68.16000366210938,8223.0,0.0006483130702395704,0.003527421205089033,0.28327103934145753,-0.2675054241057154,0.2631559710501514,0.21102514988372537,0,0,0
2019-12-30,61.68000030517578,427149.0,68.44000244140625,34100.0,-0.0006483130702396348,0.004099548447015521,0.1937886958898072,1.4223622783007126,0.2619396664099599,0.20989501482487818,0,0,0
2019-12-31,61.060001373291016,494535.0,66.0,30892.0,-0.010102724405223808,-0.03630274266977947,0.14648502862537643,-0.09880013358245371,0.17858848158659216,0.23034784148158258,0,0,0
2020-01-02,61.18000030517578,486873.0,66.25,25810.0,0.001963333913342911,0.0037807228399061523,-0.015614618336265066,-0.1797352369764949,0.17549057577960694,0.20813741919716228,0,0,0
2020-01-03,63.04999923706055,885861.0,68.5999984741211,78848.0,0.030107706599462162,0.03485704762237492,0.5985567446354915,1.1167599347404773,0.1967937411472345,0.2326442399632573,0,0,0
2020-01-06,63.27000045776367,724236.0,68.91000366210938,51933.0,0.003483240083493363,0.004508846023775064,-0.20144274730062162,-0.4175675222082977,0.14966516785947553,0.20645388395469721,0,0,0
2020-01-07,62.70000076293945,582649.0,68.2699966430664,41178.0,-0.009049830586907184,-0.009330976253724733,-0.21753235939932677,-0.23205029310814954,0.1557135130752214,0.211575584435202,0,0,0
2020-01-08,59.61000061035156,1205710.0,65.44000244140625,85232.0,-0.05053810433605316,-0.042336652656713075,0.7272389373044358,0.7274728170200908,0.23921738698650669,0.25962412619018455,0,0,0
2020-01-09,59.560001373291016,750933.0,65.37000274658203,50520.0,-0.0008391245978369541,-0.0010702499614657563,-0.47350745062253297,-0.5230076526923529,0.23894727086315876,0.25949415400386283,0,0,0
2020-01-10,59.040000915527344,596186.0,64.9800033569336,46595.0,-0.008769035073961774,-0.005983897738596964,-0.23076373448820867,-0.0808760582446716,0.240693110483274,0.26054579159722835,0,0,0
2020-01-13,58.08000183105469,584002.0,64.19999694824219,35430.0,-0.016393793756152603,-0.012076418741234857,-0.020648291435363793,-0.2739343203602382,0.245786668203494,0.26184978756237853,0,0,0
2020-01-14,58.22999954223633,507714.0,64.48999786376953,34682.0,0.0025792759447617526,0.0045069767365515856,-0.13998611056697366,-0.021338098501023132,0.24449928802068496,0.2610234212566943,0,0,0
2020-01-15,57.810001373291016,433169.0,64.0,34164.0,-0.007238883138090941,-0.007627056537625708,-0.158790344826809,-0.015048362292456784,0.23855289711902877,0.25599546598871903,0,0,0
2020-01-16,58.52000045776367,182871.0,64.62000274658203,38391.0,0.012206789124634515,0.00964091954027014,-0.8623469658490188,0.11665059903966785,0.2431311015372016,0.25846183505031556,0,0,0
2020-01-17,58.540000915527344,122561.0,64.8499984741211,35541.0,0.00034171292881695064,0.0035528843331520867,-0.4001721210091716,-0.0771360974828368,0.2383315745398572,0.2552086942899588,0,0,0
2020-01-21,58.34000015258789,648335.0,64.58999633789062,50484.0,-0.003422329848017347,-0.004017343886490598,1.6657986728472962,0.3509694947556525,0.23829752083252834,0.2553213049726153,0,0,0
2020-01-22,56.7400016784668,620119.0,63.209999084472656,35127.0,-0.02780850809264395,-0.021597041346296558,-0.044496142969470305,-0.3626863888616869,0.2528089675824675,0.2635206999368768,0,0,0
2020-01-23,55.59000015258789,703995.0,62.040000915527344,43330.0,-0.02047612725216664,-0.01868314893491948,0.12685985875434408,0.2098751702171207,0.2576632843859676,0.26927233679928725,0,0,0
2020-01-24,54.189998626708984,586195.0,60.689998626708984,43263.0,-0.025506967474384107,-0.022000435845585885,-0.18311875513179027,-0.0015474695037750686,0.2672843972975526,0.2757700709899615,0,0,0
2020-01-27,53.13999938964844,712880.0,59.31999969482422,39367.0,-0.019566435389934456,-0.022832405094638304,0.19566060457616066,-0.09436986434817633,0.26586601772443447,0.2761624277964964,0,0,0
2020-01-28,53.47999954223633,633963.0,59.5099983215332,41537.0,0.006377814828272337,0.0031978253268112916,-0.11732251019167848,0.05365669439271819,0.263853621269387,0.2716865572543624,0,0,0
2020-01-29,53.33000183105469,624979.0,59.810001373291016,21453.0,-0.002808684727280703,0.005028556565383941,-0.014272543940877002,-0.6607201005582164,0.26289520280328726,0.2724191236687297,0,0,0
2020-01-30,52.13999938964844,720123.0,58.290000915527344,17435.0,-0.02256666214758982,-0.02574232625347812,0.14170398158117334,-0.2073848156067541,0.2671965295358387,0.277733400696022,0,0,0
2020-01-31,51.560001373291016,827907.0,58.15999984741211,68547.0,-0.011186192093541391,-0.0022327371622046545,0.1394787984833646,1.3690399612469024,0.2673302230861606,0.25779793579930554,0,0,0
2020-02-03,50.11000061035156,876044.0,54.45000076293945,66338.0,-0.02852560355393241,-0.06591496721096247,0.05651548874904768,-0.03275675603390923,0.2737237115055113,0.32792261587201077,0,0,0
2020-02-04,49.61000061035156,859357.0,53.959999084472656,52393.0,-0.010028162535915923,-0.00903984901793625,-0.01923188280446284,-0.23598989072351392,0.23278818927029918,0.2859457556756564,0,0,0
2020-02-05,50.75,887946.0,55.279998779296875,56117.0,0.022719179305944578,0.02416814300445346,0.032726495151275445,0.06866580231017808,0.25661825828784457,0.3070824362522023,0,0,0
2020-02-06,50.95000076293945,750659.0,54.93000030517578,50605.0,0.003933156721114826,-0.006351504466979818,-0.1679594429368623,-0.10338841128640748,0.2614384720743163,0.30739800024623753,0,0,0
2020-02-07,50.31999969482422,768345.0,54.470001220703125,43796.0,-0.012442168315527937,-0.008409539104109088,0.023287363633691723,-0.144507896629686,0.21618247060492632,0.284536778868135,0,0,0
2020-02-10,49.56999969482422,715894.0,53.27000045776367,35920.0,-0.015016800451462193,-0.022276784283960287,-0.07070673972092541,-0.19824824557717954,0.21578773790956687,0.28681085816468543,0,0,0
2020-02-11,49.939998626708984,725733.0,54.0099983215332,36294.0,0.007436451476786668,0.013795854005654683,0.013650067278088816,0.01035819491883333,0.22294627208786386,0.29804550565119947,0,0,0
2020-02-12,51.16999816894531,795256.0,55.790000915527344,43350.0,0.024331129680438008,0.03242547473984197,0.09148189681172554,0.1776542648737187,0.24690751981127837,0.33004198055793776,0,0,0
2020-02-13,51.41999816894531,745400.0,56.34000015258789,48775.0,0.004873779194720807,0.009810106888889,-0.06474308835286724,0.11791118328262415,0.24804113780823728,0.33280778238680375,0,0,0
2020-02-14,52.04999923706055,607343.0,57.31999969482422,41913.0,0.012177614175192553,0.017244832479332707,-0.20482728144483933,-0.1516218451727154,0.25574270934372695,0.34268982912521173,0,0,0
2020-02-18,52.04999923706055,221774.0,57.75,47337.0,0.0,0.007473751766003469,-1.0074348602783465,0.12169618938518219,0.24879717112899677,0.34158379510559955,0,0,0
2020-02-19,53.290000915527344,113683.0,59.119998931884766,36217.0,0.023543933085628042,0.023445909171141414,-0.6682449720150421,-0.2677636088640444,0.2679964537208176,0.35481338904530985,0,0,0
2020-02-20,53.779998779296875,676179.0,59.310001373291016,34207.0,0.009152914653843927,0.0032086904320504698,1.7830439605839898,-0.0570983203702229,0.2721270386575575,0.3557945212563184,0,0,0
2020-02-21,53.380001068115234,707555.0,58.5,39006.0,-0.007465464156601151,-0.013751194767284064,0.045357531120891956,0.13128517896301234,0.258360385819862,0.3519393277059081,0,0,0
2020-02-24,51.43000030517578,765515.0,56.29999923706055,28258.0,-0.0372144982653966,-0.03833223264348862,0.07873344492987065,-0.32233887710677056,0.2784295604323982,0.3686727122677478,0,0,0
2020-02-25,49.900001525878906,764989.0,54.95000076293945,27751.0,-0.030200632384425365,-0.024270826860443455,-0.0006873553034939426,-0.018104727764418897,0.28348943878213995,0.3701022155504655,0,0,0
2020-02-26,48.72999954223633,884482.0,53.43000030517578,26216.0,-0.02372618587467126,-0.028051303052505274,0.14514070827408024,-0.05690196418268369,0.2867285782027932,0.3737420163579696,0,0,0
2020-02-27,47.09000015258789,1011915.0,52.18000030517578,9616.0,-0.03423417996572771,-0.023673106124270874,0.13459769131274696,-1.0029415336036616,0.30208604920019677,0.37790243993885686,0,0,0
2020-02-28,44.7599983215332,1101659.0,50.52000045776367,53362.0,-0.05074582155134353,-0.0323299790137735,0.08497265021564744,1.713670504371482,0.338975977356915,0.38591631614354477,0,0,0
2020-03-02,46.75,949471.0,51.900001525878906,47286.0,0.043499409790230405,0.026949513028877783,-0.14866751704548292,-0.12088461356476621,0.3789451895419145,0.39842251811984647,1,0,0
2020-03-03,47.18000030517578,1011933.0,51.86000061035156,42862.0,0.009155824713162283,-0.000771027692472155,0.06371265472695069,-0.09822861608708347,0.3814372759585934,0.39860703079744453,1,0,0
2020-03-04,46.779998779296875,745856.0,51.130001068115234,39712.0,-0.008514345386377319,-0.01417636189764057,-0.3050850900415766,-0.07633224349028737,0.3715462692465987,0.3349441484303165,1,0,0
2020-03-05,45.900001525878906,704591.0,49.9900016784668,39679.0,-0.018990584751432945,-0.02254841098056453,-0.05691505945965027,-0.0008313285359938577,0.3748811299747667,0.3412255163591469,1,0,0
2020-03-06,41.279998779296875,1276180.0,45.27000045776367,69464.0,-0.1060870587080379,-0.09917844744180751,0.5940090271657034,0.5599865522721411,0.5038548785882218,0.46105682072082516,1,0,0
2020-03-09,31.1299991607666,1774383.0,34.36000061035156,76517.0,-0.2822061341074851,-0.27575145668023454,0.3295815160602636,0.09670430560866763,1.066349090418452,1.030547653702989,1,0,0
2020-03-10,34.36000061035156,1064632.0,37.220001220703125,67054.0,0.09872115738496252,0.07995316913158396,-0.510823557322118,-0.13201467344632192,1.147281106889574,1.0893789133924285,1,0,0
2020-03-11,32.97999954223633,874646.0,35.790000915527344,60513.0,-0.040991811628073416,-0.039177733652602534,-0.1965652454568103,-0.10264004693338434,1.1499079302400945,1.0917594773416641,1,0,0
2020-03-12,31.5,1025036.0,33.220001220703125,67484.0,-0.045913757419826826,-0.0745164094272906,0.1586637798390241,0.10903231475642312,1.1490683932015837,1.101216840507125,1,0,0
2020-03-13,31.729999542236328,743129.0,33.849998474121094,50707.0,0.007275045336675495,0.018786813349441232,-0.32161336280189073,-0.28582656461582645,1.1419103317697343,1.0935318426127145,1,0,0
2020-03-16,28.700000762939453,698829.0,30.049999237060547,43527.0,-0.10036544181943158,-0.11907631868840345,-0.061463572992468865,-0.1526825329262442,1.167726809953039,1.1340243364801847,1,0,0
2020-03-17,26.950000762939453,545820.0,28.729999542236328,32969.0,-0.06291382368438383,-0.044920778534316815,-0.24711682605058174,-0.2778137091815791,1.1643286282594798,1.1218209356202429,1,0,0
2020-03-18,20.3700008392334,309481.0,24.8799991607666,47500.0,-0.27992005422625427,-0.14387762291816714,-0.5673925501594185,0.3651619850205169,1.440425191850288,1.174485546166905,1,0,0
2020-03-19,25.219999313354492,136722.0,28.469999313354492,41724.0,0.21357403187235055,0.13478664303200127,-0.8169470337645832,-0.1296532082268709,1.68369782100095,1.3063185666013746,1,0,0
2020-03-20,22.43000030517578,1133808.0,26.979999542236328,51866.0,-0.11723794117272994,-0.05375504335890181,2.115387490645438,0.21758696670941327,1.6982097388619326,1.300327356377596,1,0,0
2020-03-23,23.360000610351562,852951.0,27.030000686645508,31642.0,0.040625821950275774,0.0018515518786137634,-0.2846350562559557,-0.4941781174962657,1.7184555001796544,1.3050340095466118,1,0,0
2020-03-24,24.010000228881836,659697.0,27.149999618530273,30946.0,0.02744523567784364,0.004429646638048709,-0.2569214628306216,-0.022241601959391257,1.7339966125971742,1.3127713412207513,1,0,0
2020-03-25,24.489999771118164,618725.0,27.389999389648438,27352.0,0.019794441852212866,0.008800928661755294,-0.06411972967065364,-0.12345409773048067,1.7448180036784056,1.321063870922713,1,0,0
2020-03-26,22.600000381469727,633877.0,26.34000015258789,26819.0,-0.08031493846071446,-0.03908925888310411,0.024194020280188425,-0.019679060786348672,1.751661738155218,1.3210799691947845,1,0,0
2020-03-27,21.510000228881836,603124.0,24.93000030517578,23547.0,-0.04943196923707529,-0.05501679233137187,-0.04973211524563152,-0.13011216773786524,1.7521955080699663,1.3225495121497222,1,0,0
2020-03-30,20.09000015258789,758711.0,22.760000228881836,9112.0,-0.06829576749829713,-0.09106729046232354,0.22949812666238872,-0.9494061976679053,1.7549434534837731,1.3365366759179764,1,0,0
2020-03-31,20.479999542236328,660082.0,22.739999771118164,40694.0,0.019226591397505894,-0.0008791410572241768,-0.13925687099591363,1.4964884352888301,1.7426862388291064,1.32291223443857,1,0,0
2020-04-01,20.309999465942383,703286.0,24.739999771118164,43466.0,-0.0083354285225757,0.08429587945562718,0.06339956723188972,0.06589836184979936,1.737603793099046,1.385466151670869,1,0,0
2020-04-02,25.31999969482422,1095972.0,29.940000534057617,65518.0,0.22048123592622998,0.19077403911622495,0.44363328277721137,0.41034589076488015,1.957297519842308,1.59134601664994,1,0,0
2020-04-03,28.34000015258789,1007577.0,34.11000061035156,55373.0,0.11267965442350314,0.1303952174951018,-0.08409320203689738,-0.16823280371682914,2.018177005919493,1.6805950380481545,1,0,0
2020-04-06,26.079999923706055,752710.0,33.04999923706055,36779.0,-0.08310550551365159,-0.031569071110885624,-0.29162369024171825,-0.40916508021451076,2.0077936398681113,1.6556832745118109,1,0,0
2020-04-07,23.6299991607666,797707.0,31.8700008392334,36246.0,-0.09865167844984535,-0.03635638845102778,0.0580613346496162,-0.014597999732391589,1.7975887168839009,1.3622954723549392,1,0,0
2020-04-08,25.09000015258789,823554.0,32.84000015258789,39293.0,0.059952310776727226,0.02998213446836474,0.031887759130956546,0.08071735557748493,1.7720296818274495,1.334398931987503,1,0,0
2020-04-09,22.760000228881836,1122149.0,31.479999542236328,48214.0,-0.09746474714550284,-0.04229488022284128,0.30937175460134547,0.20460304935164267,1.7931502915547042,1.3354198911134283,1,0,0
2020-04-13,22.40999984741211,775120.0,31.739999771118164,28098.0,-0.015497338310533872,0.008225298879325292,-0.369983019762918,-0.5399510358843271,1.7902052622171418,1.3125805068128047,1,0,0
2020-04-14,20.110000610351562,785478.0,29.600000381469727,32146.0,-0.10829004686870611,-0.06980333366960965,0.01327459358825917,0.13458962671748956,1.8156801830397309,1.3305112523219533,1,0,0
2020-04-15,19.8700008392334,544797.0,27.690000534057617,32129.0,-0.012006135335279871,-0.06670301774761381,-0.36587920145279607,-0.0005289770640655375,1.7931142708535013,1.2862542259875336,1,0,0
2020-04-16,19.8700008392334,350942.0,27.81999969482422,30922.0,0.0,0.004683819055751004,-0.4397922805655788,-0.038291144402480846,1.7862727286686177,1.277768919361454,1,0,0
2020-04-17,18.270000457763672,240628.0,28.079999923706055,44417.0,-0.08395070335453195,0.009302400914947061,-0.37736879514983573,0.36215437435971287,1.5300079686658934,1.1682431242872418,1,0,0
2020-05-20,33.4900016784668,406431.0,35.75,25571.0,0.030006847588867402,0.03125249946719612,-0.05828316001803298,0.024504917562956554,1.9506893316373557,0.8192394391787158,1,0,0
2020-05-21,33.91999816894531,372814.0,36.060001373291016,29933.0,0.012757820017576561,0.008633986718653938,-0.08633453712831178,0.15750265385212037,1.705336198965313,0.8177023667174387,1,0,0
2020-05-22,33.25,429036.0,35.130001068115234,31482.0,-0.01994998984027262,-0.026128759176288832,0.14046119573679122,0.05045440321205064,1.6421229032553726,0.8347817291919393,1,0,0
2020-05-26,34.349998474121094,466737.0,36.16999816894531,29328.0,0.03254720714498309,0.029174498658048966,0.08422509837352214,-0.07087326283528048,1.6419277431671544,0.8321762521406544,1,0,0
2020-05-27,32.810001373291016,415246.0,34.7400016784668,16676.0,-0.04586858541796931,-0.0403381862123667,-0.11689481416904328,-0.5645721310787988,1.2199771089977918,0.7950304080659027,1,0,0
2020-05-28,33.709999084472656,440168.0,35.290000915527344,9367.0,0.027061113258167634,0.015707854502082244,0.058285356524457904,-0.576777685791557,1.1872379596847813,0.7958254765983062,1,0,0
2020-05-29,35.4900016784668,443647.0,35.33000183105469,32101.0,0.051456511865436545,0.0011328495680979934,0.007872728951140648,1.231694308071718,1.0526193808154427,0.7565324376149326,1,0,0
2020-06-01,35.439998626708984,385710.0,38.31999969482422,26475.0,-0.0014099269653480996,0.08123943194053808,-0.1399434094069857,-0.19268629081124145,0.8230979796005592,0.7127402731203216,1,0,0
2020-06-02,36.810001373291016,343483.0,39.56999969482422,27662.0,0.037928497711348784,0.032099302546248765,-0.11594817186513377,0.0438587387150461,0.8208750881991187,0.7082669219370795,1,0,0
2020-06-03,37.290000915527344,494253.0,39.790000915527344,34099.0,0.012955634043798544,0.005544399762786702,0.36390991193590305,0.20920842814375715,0.8228769696994717,0.7089621436335856,1,0,0
2020-06-04,37.40999984741211,307612.0,39.9900016784668,22661.0,0.0032128255389749396,0.005013817383071267,-0.4742082832609733,-0.4086226730934857,0.5944767632771739,0.5816116905935861,1,0,0
2020-06-05,39.54999923706055,396856.0,42.29999923706055,28827.0,0.05562763064190295,0.05615760318494942,0.25473424591114746,0.24066706271045268,0.5845859822654907,0.5666327524317029,1,0,0
2020-06-08,38.189998626708984,416639.0,40.79999923706055,28718.0,-0.03499200964517405,-0.036105005305218985,0.04864664493844873,-0.00378834409105534,0.6021421523383972,0.589616809267414,1,0,0
2020-06-09,38.939998626708984,396033.0,41.18000030517578,26258.0,0.019448299399222043,0.009270646299800497,-0.050722598307875025,-0.0895533993602665,0.5945614207785596,0.5763375199751973,1,0,0
2020-06-10,39.599998474121094,385868.0,41.72999954223633,23565.0,0.01680711505093236,0.013267574623386852,-0.026002199047572866,-0.10820814413622447,0.5709021556691521,0.536738227674875,1,0,0
2020-06-11,36.34000015258789,513912.0,38.54999923706055,36881.0,-0.08591001256121708,-0.07926420341537527,0.2865567025038136,0.44793395291255683,0.6638959405803464,0.6308257427431953,1,0,0
2020-06-12,36.2599983215332,406508.0,38.72999954223633,29653.0,-0.0022039081299802367,0.004658401488872677,-0.23444843558101058,-0.2181332125244633,0.6549869809408987,0.6157731972337218,1,0,0
2020-06-15,37.119998931884766,387546.0,39.720001220703125,30674.0,0.023440720106402163,0.025240388202374158,-0.04776905756562985,0.03385208946480036,0.6062351315383054,0.5893961091222568,1,0,0
2020-06-16,38.380001068115234,366323.0,40.959999084472656,35087.0,0.03338063926620576,0.03074108846983184,-0.056319093549039564,0.1344153012688163,0.5815183052768679,0.5826123620813395,1,0,0
2020-06-17,37.959999084472656,239516.0,40.709999084472656,29078.0,-0.011003568786034795,-0.006122218353626866,-0.42489523741127505,-0.18784881698817046,0.5352527141640705,0.5458108925003982,1,0,0
2020-06-18,38.84000015258789,113384.0,41.5099983215332,31042.0,0.022917697728237152,0.019460581603823416,-0.747839932600466,0.06535925171975891,0.5358193883931126,0.5454763766379369,1,0,0
2020-06-19,39.75,64113.0,42.189998626708984,34079.0,0.023159193748589307,0.016248871956385465,-0.5701331363884403,0.09334023257861129,0.5328709810644107,0.5400756670027638,1,0,0
2020-06-22,40.459999084472656,315264.0,43.08000183105469,24433.0,0.01770396801129618,0.020875701205685198,1.5927632315818543,-0.33274668124097084,0.5336835425033394,0.5419505445831958,1,0,0
2020-06-23,40.369998931884766,368730.0,42.630001068115234,27036.0,-0.002226900704931012,-0.010500638959176096,0.15665428583698102,0.10123463367147441,0.5252881377398486,0.5319917119345943,1,0,0
2020-06-24,38.0099983215332,499490.0,40.310001373291016,28537.0,-0.06023766956410786,-0.05595864463528123,0.3035229089731859,0.05403217965835801,0.5698585201581097,0.5719838648370065,1,0,0
2020-06-25,38.720001220703125,451640.0,41.04999923706055,32530.0,0.01850705509220127,0.018191206115502866,-0.10070217555586351,0.1309612495887943,0.5405894264850871,0.5487859486565274,1,0,0
2020-06-26,38.4900016784668,356712.0,41.02000045776367,13481.0,-0.005957783031278778,-0.0007310535090646587,-0.23595666879761795,-0.8808814537763331,0.5379269586882903,0.5488115262619084,1,0,0
2020-06-29,39.70000076293945,343913.0,41.709999084472656,9783.0,0.030952696007242243,0.016681122455266886,-0.03654001510441196,-0.3206351012336352,0.5206587886577407,0.549301076210782,1,0,0
2020-06-30,39.27000045776367,370059.0,41.150001525878906,29381.0,-0.01089032666401585,-0.013516922055050208,0.07327373397512973,1.0997020214509026,0.5232363286548688,0.48411247643013716,1,0,0
2020-07-01,39.81999969482422,407170.0,42.029998779296875,26731.0,0.013908410725421134,0.021159655769435213,0.09556833626650485,-0.09452426632662402,0.5105873085800259,0.4773753866739556,1,0,0
2020-07-02,40.650001525878906,347096.0,43.13999938964844,21825.0,0.020629582558647216,0.026067006839441444,-0.15962938990705589,-0.20276783887390437,0.5130182017073901,0.484069688813016,1,0,0
2020-07-06,40.630001068115234,373236.0,43.099998474121094,28969.0,-0.0004921372423485878,-0.0009276651063729722,0.07260952859856837,0.2831701909924371,0.5132601673943615,0.48432707763309074,1,0,0
2020-07-07,40.619998931884766,256596.0,43.08000183105469,18827.0,-0.0002462064315321451,-0.00046406691470096575,-0.37470806374794025,-0.43093428297552816,0.47760850905627744,0.4449766452185723,1,0,0
2020-07-08,40.900001525878906,286740.0,43.290000915527344,19171.0,0.006869570499373449,0.004862787810814128,0.11107301822262342,0.018106710795337537,0.45922120975679037,0.42423092742986696,1,0,0
2020-07-09,39.619998931884766,367386.0,42.349998474121094,23249.0,-0.03179608604489484,-0.02195329753472752,0.24783718462989843,0.19286339981777578,0.4706346734244506,0.43196780270743035,1,0,0
2020-07-10,40.54999923706055,393149.0,43.2400016784668,24083.0,0.023201747435225455,0.020797646520598415,0.06777560842783172,0.035244077042508724,0.4738810238832592,0.4353631590199312,1,0,0
2020-07-13,40.099998474121094,370715.0,42.720001220703125,22911.0,-0.011159465485958973,-0.012098808362012454,-0.058755101550758894,-0.04988905282384011,0.357293403620209,0.32657369764343214,1,0,0
2020-07-14,40.290000915527344,426971.0,42.900001525878906,21724.0,0.004727025666014587,0.004204638275793083,0.14128252190628998,-0.05319950440175796,0.3564143882957337,0.32658155276766665,1,0,0
2020-07-15,41.20000076293945,352542.0,43.790000915527344,23596.0,0.022334952946734196,0.02053364021828735,-0.19154633114056024,0.08265956596823006,0.3557141367752961,0.32327256038849467,1,0,0
2020-07-16,40.75,200101.0,43.369998931884766,20484.0,-0.01098243518655676,-0.009637568501230345,-0.5663475250123732,-0.141433112540525,0.3440686161806638,0.31227677200739085,1,0,0
2020-07-17,40.59000015258789,88220.0,43.13999938964844,21774.0,-0.003934105076817023,-0.005317306406448919,-0.818988544401656,0.06107250385868445,0.3413419581068921,0.3120018479285288,1,0,0
2020-07-20,40.810001373291016,60179.0,43.279998779296875,18019.0,0.005405448458504835,0.0032399795205883255,-0.38251024042917336,-0.18928984071431113,0.3338988605094819,0.3060657789988039,1,0,0
2020-07-21,41.959999084472656,389117.0,44.31999969482422,24167.0,0.02778957864048651,0.023745429219853145,1.86655661535646,0.2935613094561666,0.33789520099215675,0.311519878283138,1,0,0
2020-07-22,41.900001525878906,333647.0,44.290000915527344,19676.0,-0.0014308983637969963,-0.0006770969469888953,-0.15379652175300287,-0.20558844726775033,0.333575253061813,0.3042277525527209,1,0,0
2020-07-23,41.06999969482422,389412.0,43.310001373291016,25759.0,-0.020007942807407225,-0.022375351671364563,0.1545543612531851,0.26938446167377217,0.3417754776744336,0.31270367332299026,1,0,0
2020-07-24,41.290000915527344,353159.0,43.34000015258789,21918.0,0.005342441533257796,0.0006924126939906257,-0.09771952865264483,-0.1614758635656652,0.25983979188455886,0.23522953868709345,1,0,0
2020-07-27,41.599998474121094,377714.0,43.40999984741211,22507.0,0.007479768516335761,0.0016138261675317847,0.06721891503470775,0.02651815489525853,0.25481039536902944,0.2290699383198267,1,0,0
2020-07-28,41.040000915527344,276804.0,43.220001220703125,17828.0,-0.013552907416750533,-0.004386446473781735,-0.3108276209801717,-0.23305611685214958,0.2596435156083319,0.2300998054742759,1,0,0
2020-07-29,41.27000045776367,295855.0,43.75,10911.0,0.005588631685728557,0.01218823348094314,0.06655979493005063,-0.4909988004113477,0.2393806576050777,0.22711488887147463,1,0,0
2020-07-30,39.91999816894531,487325.0,42.939998626708984,8373.0,-0.03325844928125482,-0.01868785233461492,0.49906178219600433,-0.26475921145066694,0.26549343710922507,0.23229224987226996,1,0,0
2020-07-31,40.27000045776367,318788.0,43.29999923706055,23641.0,0.008729380655566133,0.008348856919586712,-0.4244049465789235,1.0379702496053658,0.26286013589336865,0.2230530180006168,1,0,0
2020-08-03,41.0099983215332,338326.0,44.150001525878906,26883.0,0.018209112245010078,0.01944034422261683,0.05948362264274194,0.12851162374253133,0.26065317229256335,0.21485656775013173,1,0,0
2020-08-04,41.70000076293945,451575.0,44.43000030517578,27305.0,0.01668524862493082,0.0063219622052924996,0.28873154432259396,0.015575719033924965,0.26661967596618213,0.2154604979893817,1,0,0
2020-08-05,42.189998626708984,491268.0,45.16999816894531,29337.0,0.011682046485426563,0.01651818531304302,0.0842483317149506,0.07177968239413074,0.26897464761397943,0.22150855831745075,1,0,0
2020-08-06,41.95000076293945,359610.0,45.09000015258789,23131.0,-0.00570474248600124,-0.0017726133124807252,-0.31196969284645365,-0.2376758087940839,0.2695183921201214,0.22171712446408431,1,0,0
2020-08-07,41.220001220703125,398997.0,44.400001525878906,20363.0,-0.017554846023437824,-0.015420992012246164,0.10393378717748662,-0.12745418063578595,0.2514553099386933,0.21386297276300184,1,0,0
2020-08-10,41.939998626708984,367796.0,44.9900016784668,13672.0,0.017316387652937554,0.013200776355812464,-0.08142546142932448,-0.3983695827550881,0.24593483951814066,0.20707324912629338,1,0,0
2020-08-11,41.61000061035156,432843.0,44.5,19786.0,-0.007899455066354505,-0.01095109098843846,0.16284663901171176,0.369624671087741,0.24405501550312253,0.20613240468224436,1,0,0
2020-08-12,42.66999816894531,397831.0,45.43000030517578,16995.0,0.025155516624679724,0.020683497316612006,-0.08434778365605597,-0.15205543375295144,0.2570953992744135,0.21607408697325883,1,0,0
2020-08-13,42.2400016784668,329507.0,44.959999084472656,13877.0,-0.010128375153480898,-0.010399501266523828,-0.18842969396447135,-0.20268638975920597,0.25041677516530103,0.21045434527989698,1,0,0
2020-08-14,42.0099983215332,310866.0,44.79999923706055,16681.0,-0.005460033907127467,-0.0035650628312419866,-0.05823564686479374,0.1840375537830449,0.24775180086153845,0.2075249004032111,1,0,0
2020-08-17,42.88999938964844,208429.0,45.369998931884766,19441.0,0.020731039070855134,0.012642947742507515,-0.39976349549343393,0.1531138908665843,0.25560669059735075,0.20936013897068464,1,0,0
2020-08-18,42.88999938964844,111628.0,45.459999084472656,18063.0,0.0,0.0019817281516637426,-0.6244265411328311,-0.07351859088808228,0.2555515786507862,0.2093419040748084,1,0,0
2020-08-19,42.93000030517578,81299.0,45.369998931884766,18063.0,0.000932205046990039,-0.001981728151663667,-0.31703819818028944,0.0,0.2382360752941324,0.19465117175883676,1,0,0
2020-08-20,42.58000183105469,377070.0,44.900001525878906,24042.0,-0.008186186877126777,-0.010413241401400354,1.5342971302497392,0.28593665373164207,0.24027668348320422,0.1986612233650631,1,0,0
2020-08-21,42.34000015258789,345368.0,44.349998474121094,25495.0,-0.005652433157436007,-0.01232515438194692,-0.08782033139149849,0.05868005362505662,0.22954405638254227,0.18667216127356476,1,0,0
2020-08-24,42.619998931884766,294731.0,45.130001068115234,21033.0,0.006591332298519188,0.01743456315622975,-0.15854743928157583,-0.19238972161417875,0.22985144581857872,0.1950012572027707,1,0,0
2020-08-25,43.349998474121094,330800.0,45.86000061035156,23808.0,0.016983066418389196,0.016046053232345373,0.11545088721775472,0.12392902575774098,0.23525555255135544,0.2010248447261111,1,0,0
2020-08-26,43.38999938964844,262243.0,45.63999938964844,16657.0,0.0009223177161198882,-0.004808779118073258,-0.23224240831707238,-0.3571911101557107,0.22847323935544173,0.2012154010072481,1,0,0
2020-08-27,43.040000915527344,320968.0,45.09000015258789,10776.0,-0.008099048618543214,-0.012124015803636272,0.20206987485480568,-0.4355091093869079,0.23116044866646085,0.2042125972783455,1,0,0
2020-08-28,42.970001220703125,272800.0,45.04999923706055,21040.0,-0.0016277109299070451,-0.0008875286981128289,-0.16260250371796245,0.6691039487614463,0.19322810664117054,0.1909916454551374,1,0,0
2020-08-31,42.61000061035156,236877.0,45.279998779296875,18967.0,-0.008413244359208306,0.005092439816982031,-0.14119790689649267,-0.10372476086732382,0.19648674803996946,0.19001943972167396,1,0,0
2020-09-01,42.7599983215332,285146.0,45.58000183105469,19914.0,0.00351406506768507,0.006603657053929012,0.1854603107266275,0.048722374963707335,0.18828508833315843,0.18023556940179505,1,0,0
2020-09-02,41.5099983215332,421771.0,44.43000030517578,31416.0,-0.029668725273937598,-0.025554140173360444,0.39146118291814924,0.455894315309816,0.20992758444524626,0.20203688433086162,1,0,0
2020-09-03,41.369998931884766,417634.0,44.06999969482422,30615.0,-0.00337836697498113,-0.008135651887405384,-0.00985706183887597,-0.02582723234579072,0.2056094620270713,0.1945514823264541,1,0,0
2020-09-04,39.77000045776367,444184.0,42.65999984741211,32210.0,-0.03944308392485077,-0.03251756246273213,0.06163344012198695,0.050786878413189705,0.24492884260660408,0.22283872492062173,1,0,0
2020-09-08,36.7599983215332,720975.0,39.779998779296875,52172.0,-0.07870261890253123,-0.06989746672689436,0.48436557161928745,0.4822689891649292,0.3577619281010373,0.320652248524291,1,0,0
2020-09-09,38.04999923706055,455356.0,40.790000915527344,30286.0,0.034490812429379666,0.025072733034891142,-0.4595249320156925,-0.5438603929735729,0.3760154564495748,0.33169839597199235,1,0,0
2020-09-10,37.29999923706055,367555.0,40.060001373291016,24171.0,-0.019907758061094676,-0.018058611255837968,-0.21420656328538035,-0.22553199207129518,0.3796127147784177,0.3342986688650811,1,0,0
2020-09-11,37.33000183105469,363787.0,39.83000183105469,24576.0,0.0008040357813497115,-0.005757921353226758,-0.010304435793102753,0.016616789502092985,0.36412849571515915,0.32098028408225215,1,0,0
2020-09-14,37.2599983215332,347563.0,39.61000061035156,22118.0,-0.0018770218509551696,-0.005538816122446678,-0.04562258798888438,-0.10537860031209338,0.36417630227220243,0.3206327361001215,1,0,0
2020-09-15,38.279998779296875,348861.0,40.529998779296875,25333.0,0.027007214569933265,0.02296078347885669,0.0037276185283407425,0.1357161369837505,0.38169896661788494,0.3360036424050869,1,0,0
2020-09-16,40.15999984741211,367612.0,42.220001220703125,29327.0,0.04794393688801778,0.04085166081137687,0.0523544720619068,0.14640069977054576,0.4145280861790868,0.3671855675315011,1,0,0
2020-09-17,40.970001220703125,280669.0,43.29999923706055,27245.0,0.019968649769852957,0.02525854605550947,-0.2698519950483251,-0.07363857537240275,0.4221308290557607,0.38013065355460757,1,0,0
2020-09-18,41.11000061035156,85906.0,43.150001525878906,26032.0,0.0034112944027500885,-0.0034701644969594696,-1.1839223638667127,-0.04554346755837968,0.4224484248020716,0.38014902617878404,1,0,0
2020-09-21,39.310001373291016,66195.0,41.439998626708984,24298.0,-0.044772441387906724,-0.0404358880796707,-0.26064874382251935,-0.06893250804413159,0.4474046170988817,0.4017468276930955,1,0,0
2020-09-22,39.599998474121094,287807.0,41.720001220703125,19914.0,0.007350105359467696,0.006734094580029052,1.4696851852140045,-0.19897104046665778,0.4489926030267492,0.40208699213736965,1,0,0
2020-09-23,39.93000030517578,318754.0,41.77000045776367,23779.0,0.008298848989760854,0.0011977300762390673,0.10212952880988076,0.1773798362678677,0.44949977988554357,0.39561697274928503,1,0,0
2020-09-24,40.310001373291016,269992.0,41.939998626708984,21940.0,0.009471682479421088,0.004061603261357402,-0.1660273164837265,-0.08049138338667601,0.4460098424141524,0.39022763515021786,1,0,0
2020-09-25,40.25,229025.0,41.91999816894531,17141.0,-0.0014896073327479297,-0.00047699639654470016,-0.16456116102850665,-0.2468382003221643,0.4457892914947284,0.3904386244286818,1,0,0
2020-09-28,40.599998474121094,226425.0,42.43000030517578,11999.0,0.00865802515988958,0.012092670073640416,-0.011417403640260148,-0.35664994154266816,0.44742391945963644,0.3931305297034187,1,0,0
2020-09-29,39.290000915527344,379599.0,41.029998779296875,8209.0,-0.03279797215230347,-0.03355218970406972,0.5167016681193413,-0.37959219961612267,0.45928504267234943,0.4070657687972248,1,0,0
2020-09-30,40.220001220703125,340294.0,40.95000076293945,35524.0,0.023394357822996505,-0.001951647772538406,-0.1093054825305464,1.4649774110301286,0.4687826235941448,0.4057140832062284,1,0,0
2020-10-01,38.720001220703125,443442.0,40.93000030517578,36595.0,-0.03800812076035567,-0.000488530969725148,0.26475706544460753,0.029703094656932768,0.48362491357385307,0.40394535167296897,1,0,0
2020-10-02,37.04999923706055,391428.0,39.27000045776367,37290.0,-0.04408796278486181,-0.04140241771360606,-0.12476542482269218,0.018813575137538906,0.4954304440975898,0.4175465820259442,1,0,0
2020-10-05,39.220001220703125,378579.0,41.290000915527344,30456.0,0.056918520742768076,0.05015948182435251,-0.03337682074676513,-0.2024421751105332,0.5405284277090457,0.46022773369241854,1,0,0
2020-10-06,40.66999816894531,400531.0,42.650001525878906,37426.0,0.03630382300418181,0.03240694764334992,0.056366397033922655,0.2060826309754006,0.5390578196515732,0.46288924775885815,1,0,0
2020-10-07,39.95000076293945,433065.0,41.9900016784668,30170.0,-0.0178619835872461,-0.015595775045335965,0.07809666545085091,-0.215517596884627,0.4611973061122203,0.39245119054798433,1,0,0
2020-10-08,41.189998626708984,409787.0,43.34000015258789,33351.0,0.03056678379794882,0.03164446495981678,-0.05525031969971544,0.1002397037486178,0.4581145610501248,0.39782162617129657,1,0,0
2020-10-09,40.599998474121094,331703.0,42.849998474121094,26041.0,-0.014427446083128355,-0.011370390194918353,-0.21139752228075406,-0.24741553785881729,0.4549269709285924,0.3940412384829911,1,0,0
2020-10-12,39.43000030517578,322035.0,41.720001220703125,24754.0,-0.02924107339524113,-0.026724950042017824,-0.02957975493962331,-0.05068512694293971,0.46929603218805566,0.4065466562596816,1,0,0
2020-10-13,40.20000076293945,375470.0,42.45000076293945,22528.0,0.019340058974347804,0.017346271338022776,0.1535183392475316,-0.0942281121421987,0.47248672869808345,0.4087756142263717,1,0,0
2020-10-14,41.040000915527344,328295.0,43.31999969482422,28837.0,0.020680208567116512,0.02028748435808724,-0.13426598011818588,0.24690030483903222,0.46903587699261645,0.4072574062557507,1,0,0
2020-10-15,40.959999084472656,248251.0,43.15999984741211,40144.0,-0.0019512647911746782,-0.0037002782335708996,-0.27947226330443325,0.3308137048094023,0.44017577091674387,0.3838901806380109,1,0,0
2020-10-16,40.880001068115234,96488.0,42.93000030517578,24159.0,-0.0019549863559981595,-0.0053432475093805635,-0.9450216828336087,-0.5078160081425489,0.4347518668736889,0.374084777231395,1,0,0
2020-10-19,40.83000183105469,75335.0,42.619998931884766,26265.0,-0.0012238218462122124,-0.007247287736043632,-0.24747381402768998,0.08358027292440724,0.4345760110778929,0.3747025831301776,1,0,0
2020-10-20,41.459999084472656,360574.0,43.15999984741211,31677.0,0.015311934748149491,0.012590535245424164,1.565752371864352,0.18735361108656212,0.4060535993054458,0.34770240492901316,1,0,0
2020-10-21,40.029998779296875,366899.0,41.72999954223633,31681.0,-0.035099942415674726,-0.03369385322072633,0.017389399701624685,0.00012626661211890156,0.42585614626370566,0.3682693688058358,1,0,0
2020-10-22,40.63999938964844,307494.0,42.459999084472656,30590.0,0.015123645741958583,0.0173421510791892,-0.176631030958143,-0.03504397394179387,0.42807851869877744,0.3731389519173937,1,0,0
2020-10-23,39.849998474121094,268931.0,41.77000045776367,26207.0,-0.01963042130607216,-0.016384045244762887,-0.13400073373863639,-0.15464660750827913,0.43253165867607585,0.3775689203700485,1,0,0
2020-10-26,38.560001373291016,360184.0,40.459999084472656,28463.0,-0.03290686158892326,-0.03186458035659627,0.29216017086602347,0.08257844755511633,0.4468498697755198,0.3931981212055321,1,0,0
2020-10-27,39.56999969482422,339535.0,41.20000076293945,26720.0,0.025855742328293227,0.018124465761791213,-0.05903797751991227,-0.06319264954120431,0.45591820003610156,0.39640388610488186,1,0,0
2020-10-28,37.38999938964844,489954.0,39.119998931884766,21228.0,-0.056667975019934126,-0.05180445701037138,0.3667344746783187,-0.23009128370279638,0.48341642570864124,0.4194306047908713,1,0,0
2020-10-29,36.16999816894531,568816.0,37.650001525878906,14205.0,-0.03317327732466621,-0.038300823089163036,0.14924549834174625,-0.40172704965949735,0.48515646727241335,0.4375906617825667,1,0,0
2020-10-30,35.790000915527344,388971.0,37.459999084472656,43651.0,-0.010561444981961874,-0.00505932219808382,-0.38005221677771245,1.1226321762244869,0.47076929463180694,0.4374148199706135,1,0,0
2020-11-02,36.810001373291016,489204.0,38.970001220703125,40454.0,0.028101034340012734,0.03951847809898279,0.22927478968355774,-0.07606066539973419,0.45909915373580407,0.4405501572958644,1,0,0
2020-11-03,37.65999984741211,410611.0,39.709999084472656,39534.0,0.022828934478801577,0.01881087141303213,-0.1751332861051626,-0.023004464971165952,0.4189929567795507,0.40738623369814086,1,0,0
2020-11-04,39.150001525878906,437000.0,41.22999954223633,39329.0,0.038801942234723656,0.03756311352829917,0.062286900806282394,-0.005198900922812409,0.42194440230431074,0.41320067870901384,1,0,0
2020-11-05,38.790000915527344,298366.0,40.93000030517578,30961.0,-0.00923795635798285,-0.0073028376557711565,-0.38161227427652206,-0.23923381229542248,0.41885783956191847,0.4106553400617382,1,0,0
2020-11-06,37.13999938964844,411026.0,39.45000076293945,33078.0,-0.043467965563270684,-0.03682923132906704,0.3203355520169482,0.06614006089409859,0.42611041737370975,0.41011824093068494,1,0,0
2020-11-09,40.290000915527344,622921.0,42.400001525878906,55156.0,0.08140878243594095,0.07211433159433533,0.41576323213241334,0.5112971251438932,0.5185023745737126,0.48716879725857326,1,0,0
2020-11-10,41.36000061035156,457045.0,43.61000061035156,41973.0,0.026210923030528733,0.028138097624732464,-0.309637850650572,-0.2731389795602362,0.515162726415727,0.48703118823038527,1,0,0
2020-11-11,41.45000076293945,443772.0,43.79999923706055,43047.0,0.0021736550303402187,0.004347304113337351,-0.029470937292365145,0.025265987615120774,0.5114165439302959,0.4839793231098086,1,0,0
2020-11-12,41.119998931884766,401031.0,43.529998779296875,36578.0,-0.007993304816218995,-0.00618347244228653,-0.10127218597376758,-0.1628455752519953,0.5074678168193256,0.47969350350970685,1,0,0
2020-11-13,40.130001068115234,338187.0,42.779998779296875,34737.0,-0.024370384276141636,-0.017379652401580625,-0.1704397341196475,-0.05164156548413834,0.5144995318346058,0.4834317988174404,1,0,0
2020-11-16,41.34000015258789,378785.0,43.81999969482422,37770.0,0.029706347049466734,0.02401965208319272,0.11336976486295473,0.08370973542611988,0.5253161216597969,0.49031658807499123,1,0,0
2020-11-17,41.43000030517578,243677.0,43.75,27858.0,0.0021747055106989934,-0.001598714399393454,-0.44112518395180406,-0.30439495845852577,0.5253048468826331,0.4895125516030406,1,0,0
2020-11-18,41.81999969482422,107013.0,44.34000015258789,28668.0,0.009369423247754666,0.013395594825856639,-0.8228932554341787,0.028661339865833208,0.5236219910705262,0.48975551651826993,1,0,0
2020-11-19,41.7400016784668,88144.0,44.20000076293945,25836.0,-0.001914744841639954,-0.003162401284754138,-0.19397848167868878,-0.10401264996144649,0.5076395055380473,0.47342841832266075,1,0,0
2020-11-20,42.150001525878906,276340.0,44.959999084472656,24489.0,0.009774778787540888,0.01704837887755679,1.1426601508981629,-0.0535448310328977,0.5062323091964657,0.4733153175221486,1,0,0
2020-11-23,43.060001373291016,300717.0,46.060001373291016,35378.0,0.02135980317969149,0.024171738985519026,0.08453763152017588,0.3678661208839872,0.5043428737668162,0.4735354142370181,1,0,0
2020-11-24,44.90999984741211,418527.0,47.86000061035156,31692.0,0.042065959873293826,0.03833517102527878,0.330571780828787,-0.11002587491832035,0.5026643252414374,0.4677248211824148,1,0,0
2020-11-25,45.709999084472656,417182.0,48.61000061035156,24897.0,0.017656588612605124,0.015549188380373995,-0.0032188265563198666,-0.2413169688185748,0.499635629151192,0.46710699144060475,1,0,0
2020-11-27,45.529998779296875,365128.0,48.18000030517578,12454.0,-0.003945649778886596,-0.008885280092653337,-0.13327460038275668,-0.6927054578341603,0.4456190029615844,0.41922032148095834,1,0,0
2020-11-30,45.34000015258789,370755.0,47.59000015258789,37651.0,-0.004181774090930417,-0.012321345181480616,0.015293490065363081,1.1063176578678873,0.421395267601142,0.39022536771927857,1,0,0
2020-12-01,44.54999923706055,314919.0,47.41999816894531,31987.0,-0.017577511653443928,-0.0035786163156150677,-0.16322600420217578,-0.16302994406030816,0.4265376964097552,0.3894830780840048,1,0,0
2020-12-02,45.279998779296875,368854.0,48.25,35514.0,0.01625327014458243,0.017351785761289356,0.1580854388866542,0.10459741467880357,0.42230520176560865,0.37654995254734525,1,0,0
2020-12-03,45.63999938964844,350768.0,48.709999084472656,36526.0,0.00791910468476718,0.009488501237986221,-0.05027586551944169,0.02809735083320701,0.41968699359514544,0.3752374938663371,1,0,0
2020-12-04,46.2599983215332,335453.0,49.25,31658.0,0.013493108899260618,0.01102503859511686,-0.04464317908929006,-0.1430334545063033,0.4060950842198876,0.3614404521236155,1,0,0
2020-12-07,45.7599983215332,348871.0,48.790000915527344,23896.0,-0.01086731012820308,-0.00938397502570075,0.039220369186659464,-0.281279800349738,0.4070020455985655,0.362654185931541,1,0,0
2020-12-08,45.599998474121094,332641.0,48.84000015258789,27102.0,-0.003502627333677229,0.0010242597743471097,-0.047638396007988464,0.1258964449867135,0.3648487931791376,0.3249641430789368,1,0,0
2020-12-09,45.52000045776367,434976.0,48.86000061035156,36534.0,-0.0017558831836880042,0.00040942595469555134,0.26822702679464705,0.2986358079539698,0.25686249055826416,0.23529764191215852,1,0,0
2020-12-10,46.779998779296875,447529.0,50.25,30919.0,0.027303935187085942,0.0280514686177455,0.0284504829316276,-0.16687245218478933,0.2579816772713884,0.23519860829739692,1,0,0
2020-12-11,46.56999969482422,367305.0,49.970001220703125,25222.0,-0.004499184620250388,-0.005587697154352032,-0.19754877450096642,-0.20365425213602004,0.2602102980283941,0.23896458065720622,1,0,0
2020-12-14,46.9900016784668,403543.0,50.290000915527344,28782.0,0.008978298393152485,0.00638341860399824,0.09409048398266555,0.13203356221429918,0.25568578282423127,0.23463495145145774,1,0,0
2020-12-15,47.619998931884766,311169.0,50.7599983215332,24071.0,0.013317969794361985,0.009302341390633285,-0.2599468766196579,-0.17874239532367722,0.23073687173069662,0.21745993097788144,1,0,0
2020-12-16,47.81999969482422,275331.0,51.08000183105469,25996.0,0.00419113701967302,0.006284457231676039,-0.12236216270581846,0.0769348836077978,0.2172344109276674,0.20968621233826754,1,0,0
2020-12-17,48.36000061035156,96536.0,51.5,24947.0,0.011229082719173514,0.00818874065854965,-1.048058014469388,-0.0411891055450028,0.2169991869027914,0.20717865104569913,1,0,0
2020-12-18,49.099998474121094,83711.0,52.2599983215332,24749.0,0.01518596535591903,0.014649420305155892,-0.14254560516662593,-0.007968490329069568,0.21860561694790914,0.2076529003390177,1,0,0
2020-12-21,47.7400016784668,478098.0,50.90999984741211,33507.0,-0.028089347654327416,-0.026171863057810392,1.7424453417933676,0.30296928806876916,0.24962659180642383,0.2363141844110616,1,0,0
2020-12-22,47.02000045776367,295737.0,50.08000183105469,22381.0,-0.015196603221750324,-0.016437601562599994,-0.48034518654959646,-0.4035419875888069,0.26013437308735937,0.24615681490848557,1,0,0
2020-12-23,48.119998931884766,344306.0,51.20000076293945,18879.0,0.0231248160621361,0.02211778359218723,0.1520602510069848,-0.1701621914250861,0.26158314794616877,0.24425089630403865,1,0,0
2020-12-24,48.22999954223633,167390.0,51.290000915527344,11666.0,0.002283355680046922,0.0017562723045701886,-0.7212043777409011,-0.4813715648814604,0.22483227626594585,0.21218294263713194,1,0,0
2020-12-28,47.619998931884766,238462.0,50.86000061035156,9704.0,-0.012728405960871068,-0.00841904725659924,0.3538835493791702,-0.18414045668969684,0.2251873459681194,0.21098433335577496,1,0,0
2020-12-29,48.0,213778.0,51.09000015258789,5788.0,0.00794819227914568,0.00451201433476139,-0.10927187510376711,-0.5167513628725117,0.22503340507653527,0.20722217692387482,1,0,0
2020-12-30,48.400001525878906,266957.0,51.34000015258789,23958.0,0.008298834341118354,0.004881392085744301,0.2221495033514466,1.4205154885399018,0.22450565831071967,0.19985045890067588,1,0,0
2020-12-31,48.52000045776367,181894.0,51.79999923706055,18326.0,0.0024762482613758085,0.008919956121776582,-0.3836634969180035,-0.2679814807661177,0.21159889659795117,0.19887196738011909,1,0,0
2021-01-04,47.619998931884766,528525.0,51.09000015258789,50232.0,-0.018723274881639867,-0.013801348207520905,1.0666660080578212,1.0083314572687867,0.2207068269745994,0.20218013381049793,1,0,0
2021-01-05,49.93000030517578,643191.0,53.599998474121094,62791.0,0.04736921199584524,0.047960253279510354,0.19635161734835085,0.22315947729027344,0.2699529749120012,0.2553357172645642,1,0,0
2021-01-06,50.630001068115234,509365.0,54.29999923706055,49186.0,0.013922276453716168,0.01297517328057341,-0.23327687332896838,-0.24420272094219042,0.2701415938687323,0.25604667884297333,1,0,0
2021-01-07,50.83000183105469,369292.0,54.380001068115234,30800.0,0.003942460403614052,0.0014722459565775809,-0.3215771928816267,-0.46809434018036256,0.26447776839009624,0.2512673488366835,1,0,0
2021-01-08,52.2400016784668,499416.0,55.9900016784668,37597.0,0.027361749616170234,0.029176674492759236,0.30185175675963655,0.19940956999910683,0.2734296661845708,0.2640230422528693,1,0,0
2021-01-11,52.25,394822.0,55.65999984741211,33199.0,0.0001913737468295353,-0.005911379982459529,-0.23500438535438278,-0.12440450499175133,0.2727736557356161,0.266755819756363,1,0,0
2021-01-12,53.209999084472656,400200.0,56.58000183105469,27874.0,0.018206440557430974,0.016393844879329024,0.01352939172542761,-0.17482540028956647,0.2657900468269237,0.2576267722561516,1,0,0
2021-01-13,52.90999984741211,429898.0,56.060001373291016,32953.0,-0.005653977370225007,-0.0092330280021964,0.0715835490970731,0.1673879491476393,0.26640148846012257,0.25992944140019686,1,0,0
2021-01-14,53.56999969482422,390087.0,56.41999816894531,33446.0,0.012396850163976169,0.006401102886400397,-0.09717818007789414,0.014849894113973907,0.26713265148193627,0.25993022634171065,1,0,0
2021-01-15,52.36000061035156,165668.0,55.099998474121094,30604.0,-0.02284625149757445,-0.023673984653883217,-0.8563840054829418,-0.0888014785893257,0.2839088969836223,0.27826987578683565,1,0,0
2021-01-19,52.97999954223633,125964.0,55.900001525878906,36910.0,0.01177152250508464,0.014414718991668345,-0.27398963384420916,0.18735179767230173,0.2850109806733093,0.2805610361871165,1,0,0
2021-01-20,53.2400016784668,400301.0,56.08000183105469,33793.0,0.00489554984972133,0.0032148679194607074,1.1562206122801517,-0.08822883659293895,0.28407605528603547,0.28021987630106737,1,0,0
2021-01-21,53.130001068115234,352397.0,56.099998474121094,22792.0,-0.0020682644866759792,0.0003565099522874926,-0.12745838314937313,-0.393844083253361,0.2822397426140476,0.27777588517277985,1,0,0
2021-01-22,52.27000045776367,437484.0,55.40999984741211,33071.0,-0.01631915908415263,-0.012375705203921518,0.21628175272790698,0.3722471682281172,0.26809702743529606,0.2630030501727564,1,0,0
2021-01-25,52.77000045776367,349076.0,55.880001068115234,24457.0,0.009520254609766446,0.008446473377745437,-0.22575047016230487,-0.30174029190995083,0.2589457012690798,0.25251594457422044,1,0,0
2021-01-26,52.61000061035156,314538.0,55.90999984741211,19102.0,-0.0030366287481197332,0.0005366988061771741,-0.1041847679874435,-0.2471234319012278,0.25227437192496294,0.24528057823748467,1,0,0
2021-01-27,52.849998474121094,442376.0,55.810001373291016,20094.0,0.004551456100213201,-0.0017901629025017802,0.3410553036380463,0.050628221427576794,0.252174141500386,0.24603058645211517,1,0,0
2021-01-28,52.34000015258789,411406.0,55.529998779296875,6141.0,-0.009696783427044765,-0.005029696136134952,-0.07257963773000325,-1.1854336676928603,0.24979369357171674,0.24414403692809003,1,0,0
2021-01-29,52.20000076293945,410914.0,55.880001068115234,37454.0,-0.0026783905130293812,0.006283160232459482,-0.00119661459944387,1.8081259179910545,0.25065652300455366,0.2442511646250146,1,0,0
2021-02-01,53.54999923706055,416067.0,56.349998474121094,34234.0,0.025533273142231104,0.008375659903981713,0.01246235812597579,-0.08989421106484406,0.26127087743203703,0.24466141051677812,1,0,0
2021-02-02,54.7599983215332,463718.0,57.459999084472656,34815.0,0.022344187122395973,0.019506824210656127,0.10843030386025833,0.01682902612103757,0.2680080620633985,0.2498019538737786,1,0,0
2021-02-03,55.689998626708984,448693.0,58.459999084472656,34146.0,0.016840603173096404,0.017253706404506845,-0.03293769660920995,-0.019402879545468245,0.2550737664724326,0.24353398564163556,1,0,0
2021-02-04,56.22999954223633,381404.0,58.84000015258789,24732.0,0.0096498412211802,0.0064791543041532035,-0.1624797314479188,-0.3225474971527196,0.21022779961328397,0.19113001492362128,1,0,0
2021-02-05,56.849998474121094,400833.0,59.34000015258789,23510.0,0.010965779192911567,0.008461719107588115,0.049685700922326194,-0.050672089144344096,0.2090094152232783,0.18922085861749455,1,0,0
2021-02-08,57.970001220703125,399724.0,60.560001373291016,21098.0,0.019509463053032146,0.0203510143716361,-0.0027705727622068747,-0.1082476132923611,0.21441772945356438,0.1969036307598341,1,0,0
2021-02-09,58.36000061035156,514698.0,61.09000015258789,31230.0,0.006705077703834748,0.008713557353702227,0.2528060119440427,0.3922009220353702,0.2002756604979419,0.17718208988169573,1,0,0
2021-02-10,58.68000030517578,457535.0,61.470001220703125,28344.0,0.005468224362485355,0.0062010816180050905,-0.11772693637083315,-0.09696380373181637,0.19942024170538708,0.17344334498346065,1,0,0
2021-02-11,58.2400016784668,380445.0,61.13999938964844,26169.0,-0.007526525767200488,-0.005382964297599755,-0.18451176431691071,-0.07983986344397968,0.19872636508216673,0.17138087233461438,1,0,0
2021-02-12,59.470001220703125,480822.0,62.43000030517578,36933.0,0.020899571536612125,0.02087962748210367,0.23415551904100143,0.3445299562143965,0.20320366553448663,0.17448616782022625,1,0,0
2021-02-16,60.04999923706055,602332.0,63.349998474121094,65492.0,0.009705531576051956,0.014628948718721429,0.22531164906222206,0.5728225374436583,0.20227543320716693,0.1775454804877085,1,0,0
2021-02-17,61.13999938964844,335419.0,64.33999633789062,47339.0,0.01798877065891413,0.015506582212135545,-0.5854282917457384,-0.3245935176999007,0.17838193445940728,0.14533528377519542,1,0,0
2021-02-18,60.52000045776367,132035.0,63.93000030517578,43309.0,-0.010192409995840137,-0.0063927253405688935,-0.9323134576071341,-0.08897401447318022,0.18756215118741085,0.15043402669530923,1,0,0
2021-02-19,59.2400016784668,102427.0,62.90999984741211,54254.0,-0.02137687875106325,-0.016083608395784883,-0.2539166892299842,0.22531625681717465,0.21075157506733483,0.1692468641865657,1,0,0
2021-02-22,61.4900016784668,505773.0,65.23999786376953,32173.0,0.03727756952902632,0.0363676138521867,1.5969376023030541,-0.5225491309333261,0.2364332865760995,0.19890523762050077,1,0,0
2021-02-23,61.66999816894531,570677.0,65.37000274658203,34643.0,0.002922972050267851,0.0019907346319477173,0.12073542331813295,0.07396809353704879,0.22148665389542285,0.18696921405530392,1,0,0
2021-02-24,63.220001220703125,489933.0,67.04000091552734,27000.0,0.02482316678405671,0.025225990189683894,-0.1525547282845206,-0.24925881902073327,0.2291308647643363,0.19641588253442652,1,0,0
2021-02-25,63.529998779296875,510357.0,66.87999725341797,11746.0,0.004891489967564144,-0.0023895421211313534,0.040841833770890616,-0.8323241089040013,0.22567589033824578,0.19819626351005742,1,0,0
2021-02-26,61.5,472723.0,66.12999725341797,42394.0,-0.03247504125137606,-0.011277467555631823,-0.07660088756388228,1.2834940856902175,0.2674218235245897,0.20695293015937472,1,0,0
2021-03-01,60.63999938964844,456679.0,63.689998626708984,33869.0,-0.01408244354352033,-0.037594917332337864,-0.034528856180122094,-0.2245067010498113,0.27132019183327544,0.25751390525670864,1,0,0
2021-03-02,59.75,464133.0,62.70000076293945,37996.0,-0.014785540457331867,-0.01566608301419226,0.016190411995845942,0.11498074928720223,0.2798737898064328,0.2687573145314181,1,0,0
2021-03-03,61.279998779296875,465311.0,64.06999969482422,35401.0,0.02528431470062549,0.021614771080799934,0.002534850148618907,-0.07074082269962041,0.2796609549183304,0.2744060114818223,1,0,0
2021-03-04,63.83000183105469,694628.0,66.73999786376953,67790.0,0.040769822442147795,0.04082821042721123,0.4006704512347457,0.6496746231145587,0.2994627198049074,0.2965633607951372,1,0,0
2021-03-05,66.08999633789062,573168.0,69.36000061035156,40754.0,0.034794066117021245,0.03850589995706988,-0.1921975830087124,-0.5088606970641294,0.31283072253445365,0.3143117439308328,1,0,0
2021-03-08,65.05000305175781,533376.0,68.23999786376953,37511.0,-0.015861142198869006,-0.016279469393293035,-0.07195225109920492,-0.08291977108285717,0.3235901988184015,0.32551591245635736,1,0,0
2021-03-09,64.01000213623047,554564.0,67.5199966430664,30989.0,-0.01611689734524773,-0.01060707130867429,0.03895560306685721,-0.1910019204905703,0.33281171144947325,0.3311333475319239,1,0,0
2021-03-10,64.44000244140625,498488.0,67.9000015258789,37089.0,0.006695241667977896,0.0056122564670115565,-0.10660270253128826,0.17968812688758246,0.3290261364548423,0.3270801096877298,1,0,0
2021-03-11,66.0199966430664,441063.0,69.62999725341797,30629.0,0.024223079382547866,0.025159412471977827,-0.12239179450890934,-0.1913731571121473,0.335673160405648,0.3340366518333475,1,0,0
2021-03-12,65.61000061035156,321714.0,69.22000122070312,27364.0,-0.006229542918315965,-0.005905613666751599,-0.31552477028218695,-0.11271899168200078,0.3382865057282666,0.3366725758631712,1,0,0
2021-03-15,65.38999938964844,378009.0,68.87999725341797,30212.0,-0.0033588004203430662,-0.00492403559772953,0.16125505275554888,0.09901091555244988,0.33659682928159274,0.33648670786621837,1,0,0
2021-03-16,64.80000305175781,317537.0,68.38999938964844,27321.0,-0.009063681785908707,-0.007139214059158822,-0.1743236578838639,-0.10058355919741034,0.3353413835804294,0.3345283099390377,1,0,0
2021-03-17,64.5999984741211,254724.0,68.0,37607.0,-0.0030912632851165392,-0.005718901009324729,-0.22041374092578395,0.3195345660273,0.33556993513613176,0.334070025545394,1,0,0
2021-03-18,60.0,143597.0,63.279998779296875,61688.0,-0.07386982494603866,-0.07193840100721295,-0.5731698410193135,0.4948992192495682,0.42458569292837833,0.42026722204160877,1,0,0
2021-03-19,61.41999816894531,84171.0,64.52999877929688,54241.0,0.0233909229785483,0.019560908862023073,-0.5341603211604887,-0.12865234249029994,0.4312073439561176,0.42549261136539995,1,0,0
2021-03-22,61.54999923706055,404370.0,64.62000274658203,29644.0,0.00211435503437142,0.0013937898690251484,1.5694798565477832,-0.6041773359512471,0.4236638331048053,0.42122422470981535,1,0,0
2021-03-23,57.7599983215332,712317.0,60.790000915527344,43200.0,-0.06355337470977825,-0.0610986860788184,0.5661927366296721,0.37658075116095213,0.45978475100741656,0.45303243156165407,1,0,0
2021-03-24,61.18000030517578,566291.0,64.41000366210938,36451.0,0.0575238781856778,0.05784364059389785,-0.22941495669090178,-0.16987160232947618,0.5052713663946102,0.5002098877598119,1,0,0
2021-03-25,58.560001373291016,580105.0,61.95000076293945,27894.0,-0.04376845060685628,-0.03894133702446334,0.024101041281400944,-0.26755728098408577,0.5178737375805826,0.507631014037367,1,0,0
2021-03-26,60.970001220703125,471996.0,64.56999969482422,23364.0,0.04033006683703419,0.04142228152153926,-0.20623861066508437,-0.1772152357584397,0.5393407688834871,0.5312589945218826,1,0,0
2021-03-29,61.560001373291016,449360.0,64.9800033569336,18231.0,0.009630371337751558,0.0063296799898833415,-0.0491461627491975,-0.2480729343567351,0.5289453389770743,0.5307495787453516,1,0,0
2021-03-30,60.54999923706055,388188.0,64.13999938964844,4695.0,-0.0165428738799043,-0.013011397152899031,-0.14633458986813197,-1.3566253291611017,0.529841341306245,0.515921117467827,1,0,0
2021-03-31,59.15999984741211,414162.0,63.540000915527344,38444.0,-0.023223822135586915,-0.009398541499034614,0.06476744327751499,2.102704524300812,0.5335872272907891,0.5139247981401285,1,0,0
2021-04-01,61.45000076293945,605567.0,64.86000061035156,66715.0,0.03797821316429917,0.020561467039417178,0.37990800759149346,0.5512271782333461,0.543036109800461,0.5133956623149722,1,0,0
2021-04-05,58.650001525878906,438864.0,62.150001525878906,37285.0,-0.04663624731148257,-0.04268026778119327,-0.32197563913487326,-0.5818387141986259,0.545028153450335,0.5124136195579844,1,0,0
2021-04-06,59.33000183105469,457348.0,62.7400016784668,44319.0,0.011527510016582785,0.009448387006998987,0.04125501898415546,0.17282237801182257,0.5298946135627112,0.4919545955337855,1,0,0
2021-04-07,59.77000045776367,475537.0,63.15999984741211,42225.0,0.007388759362158414,0.006671957456276928,0.03900010271244961,-0.048401016313717043,0.5300872132334473,0.49161735739187506,1,0,0
2021-04-08,59.599998474121094,419913.0,63.20000076293945,32283.0,-0.0028483220256071977,0.0006331262530915522,-0.12439714482355906,-0.2684716868074989,0.5282650832790636,0.49116462801362787,1,0,0
2021-04-09,59.31999969482422,351436.0,62.95000076293945,29073.0,-0.0047090363441455035,-0.003963540614513474,-0.1780199291041579,-0.10473086746584223,0.5269949346614098,0.4901315866608881,1,0,0
2021-04-12,59.70000076293945,410218.0,63.279998779296875,36366.0,0.006385521052948414,0.00522853155876869,0.15466110785010959,0.22382436377668022,0.518537643153234,0.4801551028308601,1,0,0
2021-04-13,60.18000030517578,349733.0,63.66999816894531,26957.0,0.008008043094837287,0.006144161101524169,-0.15951871949215252,-0.29939126830911783,0.5203824680564952,0.48153997862746645,1,0,0
2021-04-14,63.150001525878906,419813.0,66.58000183105469,35988.0,0.0481727966863204,0.04469079437803289,0.18263936781723894,0.28894254566678723,0.5510393006530515,0.5101370311852376,1,0,0
2021-04-15,63.459999084472656,243370.0,66.94000244140625,23442.0,0.004896898768938579,0.005392472606289403,-0.5452264549802645,-0.4286562642538838,0.5507979311164612,0.5102748967748005,1,0,0
2021-04-16,63.130001068115234,87795.0,66.7699966430664,24035.0,-0.005213662429376805,-0.002542904661040013,-1.0195783676427062,0.0249818160449355,0.5509487554466755,0.5100249741865718,1,0,0
2021-04-19,63.380001068115234,74384.0,67.05000305175781,19740.0,0.0039522618165029255,0.0041848276486442905,-0.16576368646306505,-0.1968640673405885,0.4832205655275822,0.439693140846395,1,0,0
2021-04-20,62.439998626708984,476046.0,66.56999969482422,40194.0,-0.01494229746187343,-0.007184634214016132,1.8562736232694392,0.71107069674885,0.48068778552520974,0.4365632050188699,1,0,0
2021-04-21,61.349998474121094,431486.0,65.31999969482422,32764.0,-0.01761092736824245,-0.018955757598075343,-0.0982794231799784,-0.20438737910082988,0.48483879305386407,0.4422691036297759,1,0,0
2021-04-22,61.43000030517578,344700.0,65.4000015258789,26722.0,0.0013031738584799437,0.0012240183643813882,-0.22456059151487004,-0.20384315548665327,0.4265298816852125,0.38137667167707884,1,0,0
2021-04-23,62.13999938964844,345407.0,66.11000061035156,22397.0,0.011491573999002191,0.010797748783215913,0.0020489583422446103,-0.17656017484636868,0.37951247527557147,0.32795998026780515,1,0,0
2021-04-26,61.90999984741211,366865.0,65.6500015258789,27250.0,-0.0037081790762324026,-0.006982406586411758,0.06027050110560684,0.19612649978891938,0.34402628250149675,0.2957248018473735,1,0,0
2021-04-27,62.939998626708984,361536.0,66.41999816894531,33604.0,0.016500154750742322,0.01166056438934014,-0.014632311267874265,0.20959158639334757,0.32021942949159166,0.2628450752889985,1,0,0
2021-04-28,63.86000061035156,387683.0,67.2699966430664,24119.0,0.014511327027076103,0.0127161337543469,0.0698263736763777,-0.331645195872897,0.32221832272764284,0.26529074147067144,1,0,0
2021-04-29,65.01000213623047,384489.0,68.55999755859375,10592.0,0.01784794023211919,0.01899491654462169,-0.008272815425283882,-0.8229009124350514,0.3196353324614725,0.26617161687617114,1,0,0
2021-04-30,63.58000183105469,400515.0,67.25,31012.0,-0.02224215279452497,-0.01929222019779917,0.040836039036691,1.0742752271620601,0.31862215037595176,0.27414665665546495,1,0,0
2021-05-03,64.48999786376953,285969.0,67.55999755859375,17852.0,0.014211155615416915,0.004599037320790426,-0.33686780565391544,-0.5522586795896892,0.29598523745833577,0.26651464121984336,1,0,0
2021-05-04,65.69000244140625,370208.0,68.87999725341797,27613.0,0.01843660417265264,0.01934976444185151,0.2581815965098123,0.43617112955632825,0.24119417528705325,0.21783234758253922,1,0,0
2021-05-05,65.62999725341797,460066.0,68.95999908447266,32004.0,-0.0009138774338097392,0.0011607928346388217,0.21730494760551053,0.14757421866452577,0.2410609104974807,0.21754166962868743,1,0,0
2021-05-06,64.70999908447266,389214.0,68.08999633789062,25171.0,-0.014117131715124444,-0.01269630736772097,-0.16724063656406643,-0.2401683567927544,0.24952047525118018,0.2253141830188655,1,0,0
2021-05-07,64.9000015258789,431417.0,68.27999877929688,29163.0,0.0029319123002593084,0.002786574336830026,0.10294581887393177,0.1472082443119185,0.24838616274264685,0.22508279679885637,1,0,0
2021-05-10,64.91999816894531,448337.0,68.31999969482422,31833.0,0.0003080672203291072,0.0005856649651178476,0.03847004201119385,0.0876027050525214,0.24675792279290348,0.22368320352685966,1,0,0
2021-05-11,65.27999877929688,514949.0,68.55000305175781,40504.0,0.0055299775147506355,0.003360905513580224,0.13852268486076663,0.24089724710804514,0.24668441275857714,0.22363680365090804,1,0,0
2021-05-12,66.08000183105469,508519.0,69.31999969482422,31702.0,0.012180464966032653,0.011170009917948951,-0.012565287044820187,-0.24502096429190712,0.24790467784573936,0.22497166529389426,1,0,0
2021-05-13,63.81999969482422,547691.0,67.05000305175781,38726.0,-0.03479954085411063,-0.03329480520264059,0.07420867971219021,0.20013143870550565,0.22947132133966106,0.20909732156794,1,0,0
2021-05-14,65.37000274658203,383749.0,68.70999908447266,31042.0,0.023996863572300863,0.024456080476126345,-0.35572256626636545,-0.2211700828522137,0.24320746454225148,0.22474959856035995,1,0,0
2021-05-17,66.2699966430664,268476.0,69.45999908447266,26662.0,0.0136737758041529,0.010856298416815794,-0.35722716855588005,-0.1521017955375076,0.24551391583861998,0.22669048911298234,1,0,0
2021-05-18,65.48999786376953,167348.0,68.70999908447266,43138.0,-0.01183982883395468,-0.010856298416815884,-0.4726860478939139,0.48116494850869707,0.25023348895506775,0.230716493948301,1,0,0
2021-05-19,63.36000061035156,101902.0,66.66000366210938,42607.0,-0.03306466947153175,-0.030289607901744217,-0.4960639094635772,-0.012385720174960351,0.27220201485003764,0.2539635142552463,1,0,0
2021-05-20,62.04999923706055,524168.0,65.11000061035156,35448.0,-0.020892257784187393,-0.023526971193795685,1.6378006765019932,-0.18395172512803365,0.27520351680651994,0.25872616898875733,1,0,0
2021-05-21,63.58000183105469,530831.0,66.44000244140625,33829.0,0.024358484926823683,0.020221164868192993,0.012631459540710899,-0.0467484111039822,0.2873304635675595,0.2681963996924723,1,0,0
2021-05-24,66.05000305175781,466647.0,68.45999908447266,29400.0,0.03811309289020441,0.029950298237743568,-0.12887061997409013,-0.14032374844857023,0.312527701945024,0.2849210720504515,1,0,0
2021-05-25,66.06999969482422,497394.0,68.6500015258789,20377.0,0.00030270425073261365,0.0027715347120448085,0.06380938538031056,-0.3665878605258365,0.3117661075558413,0.2831900025744111,1,0,0
2021-05-26,66.20999908447266,376207.0,68.87000274658203,21097.0,0.0021167136863074172,0.0031995549963681194,-0.279242944752683,0.034724036459886864,0.3079326137151021,0.2811104540796719,1,0,0
2021-05-27,66.8499984741211,337542.0,69.45999908447266,6546.0,0.009619785613413053,0.008530324698006304,-0.10844957680322846,-1.1702766741996975,0.30597084979855155,0.2794171717576435,1,0,0
2021-05-28,66.31999969482422,390461.0,69.62999725341797,31275.0,-0.007959774497063515,0.0024444353737848564,0.14563814531871622,1.563964880273986,0.3023577778575397,0.2721672176774768,1,0,0
2021-06-01,67.72000122070312,570985.0,70.25,39925.0,0.020890069065199926,0.008864838704783724,0.3800348472755012,0.24418363774810123,0.29755096482042254,0.263394439893068,1,0,0
2021-06-02,68.83000183105469,332995.0,71.3499984741211,22202.0,0.0162581477221648,0.01553701432316103,-0.5392354647559765,-0.5868203191906207,0.2986050475389376,0.267408161510166,1,0,0
2021-06-03,68.80999755859375,351367.0,71.30999755859375,25178.0,-0.000290675278850572,-0.0005607867333246127,0.053703786416477564,0.12578822243361204,0.29349004548403185,0.2604989680807865,1,0,0
2021-06-04,69.62000274658203,326250.0,71.88999938964844,24006.0,0.011702874100352086,0.008100628702012601,-0.07416730263227676,-0.047666798240914555,0.295048301267109,0.26144200366265996,1,0,0
2021-06-07,69.2300033569336,365621.0,71.48999786376953,21019.0,-0.005617578654828633,-0.005579614608472627,0.11393331911843352,-0.13287700852531006,0.2903355224288304,0.25754100556120707,1,0,0
2021-06-08,70.05000305175781,441302.0,72.22000122070312,29742.0,0.01177497316892472,0.010159482854643425,0.18813217057425044,0.3471333976886489,0.29183897834993533,0.2589716414248779,1,0,0
2021-06-09,69.95999908447266,410820.0,72.22000122070312,31013.0,-0.0012856792844758449,0.0,-0.07157428596856058,0.04184628315269826,0.2921200750868001,0.25903901345069424,1,0,0
2021-06-10,70.29000091552734,492464.0,72.5199966430664,37080.0,0.004705917148853904,0.004145306845011569,0.1812661991327411,0.17867126927846427,0.2920640098046174,0.2590806320007783,1,0,0
2021-06-11,70.91000366210938,563575.0,72.69000244140625,36538.0,0.008781964747558756,0.0023415174862060485,0.13487905984642876,-0.014724925783276348,0.29102986008765025,0.2572342139576907,1,0,0
2021-06-14,70.87999725341797,319639.0,72.86000061035156,25816.0,-0.000423251413295855,0.002335942874371047,-0.5671081873584128,-0.3473583601647173,0.25655952991916064,0.22243903044606506,1,0,0
2021-06-15,72.12000274658203,336035.0,73.98999786376953,32191.0,0.017343168871537588,0.015390120108114717,0.050023087223116755,0.22069245562683878,0.25133277449165664,0.2139677591503889,1,0,0
2021-06-16,72.1500015258789,426775.0,74.38999938964844,42294.0,0.0004158699499665965,0.005391595932918977,0.2390416210619161,0.2729583216432939,0.24954443130462167,0.21244064495842951,1,0,0
2021-06-17,71.04000091552734,373780.0,73.08000183105469,42085.0,-0.01550419479717718,-0.017766759433208656,-0.13258955322466007,-0.004953849356254158,0.25278583305350943,0.21946129667484282,1,0,0
2021-06-18,71.63999938964844,139584.0,73.51000213623047,26417.0,0.00841045710140223,0.005866723881113683,-0.9850008184629927,-0.46568364035733917,0.21432689455986986,0.18324105550902314,1,0,0
2021-06-21,73.66000366210938,123662.0,74.9000015258789,38734.0,0.027806392060501745,0.018732430448986422,-0.12111453320091015,0.38271002499934,0.203907250611452,0.15808996121822044,1,0,0
2021-06-22,73.05999755859375,498555.0,74.80999755859375,39381.0,-0.008178972782628923,-0.0012023776458336068,1.394161876930602,0.016565699183839856,0.20250130222650398,0.15226388326987234,1,0,0
2021-06-23,73.08000183105469,429207.0,75.19000244140625,32883.0,0.00027376861460828335,0.0050667426102065545,-0.14977459427244807,-0.18032765958768404,0.16779915466928547,0.1240031094022811,1,0,0
2021-06-24,73.30000305175781,334833.0,75.55999755859375,26664.0,0.0030058939611201088,0.004908734462717795,-0.24830741997018285,-0.20964146589625748,0.16714297481973567,0.12385623740276043,1,0,0
2021-06-25,74.05000305175781,364721.0,76.18000030517578,31417.0,0.010179931399522607,0.008171954733961775,0.0855007776645511,0.16403480667786094,0.16775655920329238,0.12436126609248062,1,0,0
2021-06-28,72.91000366210938,354701.0,74.68000030517578,27711.0,-0.015514727879787098,-0.019886642296473134,-0.02785749667127186,-0.12551970140471685,0.18167402514538386,0.1499578856166363,1,0,0
2021-06-29,72.9800033569336,321448.0,74.76000213623047,4089.0,0.000959622960150255,0.0010706884019053417,-0.09843939229859867,-1.9135290048960776,0.1767547392446073,0.1501494032590915,1,0,0
2021-06-30,73.47000122070312,383626.0,75.12999725341797,33596.0,0.00669169924087882,0.004936898661468477,0.1768323308878817,2.1061065708808755,0.16678535977908984,0.1489549696802964,1,0,0
2021-07-01,75.2300033569336,615678.0,75.83999633789062,52210.0,0.023672955947228704,0.009405899836116562,0.4730559799424754,0.44086703515908027,0.17547041375096778,0.14398699050806385,0,0,0
2021-07-02,75.16000366210938,377531.0,76.16999816894531,31167.0,-0.0009309089249587357,0.004341850686185245,-0.4890714150684823,-0.5159142046659566,0.17569229560880262,0.14350038260800788,0,0,0
2021-07-06,73.37000274658203,714044.0,74.52999877929688,58679.0,-0.024104053108867266,-0.021765947830722297,0.6372919005679435,0.6327220687916085,0.19871167014546331,0.1660199810859596,0,0,0
2021-07-07,72.19999694824219,607971.0,73.43000030517578,51166.0,-0.016075166529910305,-0.014869136895392224,-0.16081740163053332,-0.1370066625898138,0.20721350280005316,0.17408724527060832,0,0,0
2021-07-08,72.94000244140625,529690.0,74.12000274658203,42366.0,0.010197215221299714,0.009352862853512382,-0.1378352536984468,-0.18872909519603417,0.20634599645474344,0.173590274212442,0,0,0
2021-07-09,74.55999755859375,422154.0,75.55000305175781,31967.0,0.021966918781187,0.019109290639589112,-0.2269217533861386,-0.28164203306667257,0.2172221026177287,0.1841740421212588,0,0,0
2021-07-12,74.0999984741211,397931.0,75.16000366210938,32255.0,-0.006188625923269611,-0.005175505843186665,-0.0590915529551048,0.008968949288612737,0.21943173072284375,0.18572327010009776,0,0,0
2021-07-13,75.25,444078.0,76.48999786376953,32219.0,0.015400391919102164,0.017540762136098776,0.10972159925823573,-0.0011167293402380059,0.22298293607295133,0.19367502330429495,0,0,0
2021-07-14,73.12999725341797,528360.0,74.76000213623047,49772.0,-0.028577261903654064,-0.022876974243669163,0.17377764687692693,0.4348962362694178,0.24807342527196277,0.21259311972939463,0,0,0
2021-07-15,71.6500015258789,368679.0,73.47000122070312,41748.0,-0.02044546615486415,-0.017405834914699665,-0.359851522813177,-0.17580103095557953,0.252146474197534,0.21539862922923428,0,0,0
2021-07-16,71.80999755859375,133926.0,73.58999633789062,33536.0,0.0022305325536214017,0.0016319209276507332,-1.0126389381375556,-0.2190320572592283,0.2522907363805848,0.2145310042315838,0,0,0
2021-07-19,66.41999816894531,82565.0,68.62000274658203,58659.0,-0.07802551974330925,-0.06992501971855172,-0.48370154668997856,0.5591215273136705,0.36692050416750305,0.31834734339766374,0,0,0
2021-07-20,67.41999816894531,561629.0,69.3499984741211,43067.0,0.014943494266210987,0.010582047301988126,1.9172556276400832,-0.3089839734237284,0.3702089065091362,0.3204142242514575,0,0,0
2021-07-21,70.30000305175781,503030.0,72.2300033569336,43341.0,0.04183015958012362,0.040689393780107636,-0.11019167908670043,0.006342026626834858,0.3876378050388653,0.34691562444959206,0,0,0
2021-07-22,71.91000366210938,435181.0,73.79000091552734,34425.0,0.02264354581357599,0.021367714939107708,-0.14488777396787886,-0.23031602460063552,0.3962794738342701,0.3560373536660337,0,0,0
2021-07-23,72.06999969482422,274778.0,74.0999984741211,23724.0,0.0022224766612245848,0.004192278232407083,-0.45979853758125494,-0.37229585063823833,0.3964007264400553,0.35587317162812265,0,0,0
2021-07-26,71.91000366210938,395743.0,74.5,31628.0,-0.002222476661224478,0.0053836136756307785,0.3648015117511857,0.2875556102322004,0.39620475723387044,0.3559711848970075,0,0,0
2021-07-27,71.6500015258789,333123.0,74.4800033569336,26028.0,-0.003622212470222602,-0.0002684473450921285,-0.1722532195206451,-0.19486992257594293,0.3942161615653281,0.3545266077163634,0,0,0
2021-07-28,72.38999938964844,318911.0,74.73999786376953,20863.0,0.010274984303148497,0.0034847174347579775,-0.04359972415696625,-0.22119562648500063,0.39284132268234273,0.3480866279595257,0,0,0
2021-07-29,73.62000274658203,294462.0,76.05000305175781,9158.0,0.016848605384811782,0.01737566335842925,-0.07976210448457603,-0.8233494409128332,0.39733428171272855,0.35324034929013204,0,0,0
2021-07-30,73.94999694824219,303700.0,76.33000183105469,27919.0,0.0044723826305266305,0.0036750109654332366,0.030890409543504145,1.1146796463989264,0.39696680418979197,0.3530818142596175,0,0,0
2021-08-02,71.26000213623047,448200.0,72.88999938964844,38106.0,-0.03705395773328977,-0.04611462277851875,0.3891991893151235,0.3110642894150626,0.4075329760627978,0.38672069672913556,0,0,0
2021-08-03,70.55999755859375,509938.0,72.41000366210938,41458.0,-0.009871813057557594,-0.006606985045159602,0.12904958833402927,0.08430911652842678,0.4082529496277526,0.38635759697420596,0,0,0
2021-08-04,68.1500015258789,582924.0,70.37999725341797,44616.0,-0.03475219656555923,-0.02843536910696152,0.13376766794617437,0.07341167250993313,0.41676371416464525,0.39122756053500274,0,0,0
2021-08-05,69.08999633789062,416331.0,71.29000091552734,32444.0,0.013698768963242736,0.012846985103431453,-0.33657620068885435,-0.31857701287915435,0.41821706571595135,0.39217015052299686,0,0,0
2021-08-06,68.27999877929688,537136.0,70.69999694824219,35762.0,-0.011793069447451964,-0.008310548234198974,0.25477070433151855,0.09737035094491289,0.4170079925046926,0.39083416767791507,0,0,0
2021-08-09,66.4800033569336,598381.0,69.04000091552734,42738.0,-0.02671567900575555,-0.0237594697016377,0.10797635352959012,0.17820257707126058,0.4141614560713398,0.38952579639009643,0,0,0
2021-08-10,68.29000091552734,452126.0,70.62999725341797,30525.0,0.026862155336878128,0.022768884497928955,-0.2802667727717523,-0.3365424342275033,0.42899045044380407,0.4005971386561146,0,0,0
2021-08-11,69.25,513292.0,71.44000244140625,34214.0,0.013959788687987345,0.011403026208536598,0.1268839819696459,0.11408889703333167,0.42820260749276967,0.3971891556332778,0,0,0
2021-08-12,69.08999633789062,352465.0,71.30999755859375,22952.0,-0.0023131955716578436,-0.0018214349387710993,-0.3758935574746526,-0.39922983835103637,0.4187361019999739,0.3907256120575374,0,0,0
2021-08-13,68.44000244140625,272033.0,70.58999633789062,26874.0,-0.009452464799585019,-0.010148096274897912,-0.25902794407622076,0.15775419777415428,0.4145791362289749,0.38797763315412753,0,0,0
2021-08-16,67.29000091552734,334844.0,69.51000213623047,33537.0,-0.01694583389028159,-0.015417781683692445,0.20774136925825942,0.22149003050308042,0.4173200327191361,0.3905068987086368,0,0,0
2021-08-17,66.58999633789062,235303.0,69.02999877929688,29163.0,-0.010457289678278662,-0.006929482813378128,-0.3527907063912661,-0.13974852444925678,0.31836666263197483,0.30565273378710534,0,0,0
2021-08-18,65.45999908447266,121197.0,68.2300033569336,34264.0,-0.017115106040668182,-0.011656775004134097,-0.6634567244796793,0.16119445780602815,0.3189297942413917,0.3059198876995497,0,0,0
2021-08-19,63.689998626708984,88237.0,66.44999694824219,35816.0,-0.027411712265815937,-0.026434660793961094,-0.31739094467308676,0.044299480625594606,0.28949757866407755,0.27841694098890357,0,0,0
2021-08-20,62.31999969482422,365009.0,65.18000030517578,27104.0,-0.021745146155583428,-0.019297061142166023,1.419895634632214,-0.2787134024690205,0.2772443063795148,0.26719440887576684,0,0,0
2021-08-23,65.63999938964844,397290.0,68.75,29582.0,0.05190286025784301,0.0533240584552189,0.08474448179423662,0.08748474977953438,0.3432165408557368,0.335954684321081,0,0,0
2021-08-24,67.54000091552734,335888.0,71.05000305175781,38685.0,0.028534771589336656,0.03290716094868432,-0.16788872154501613,0.2682858597522395,0.3617683025246612,0.35800172310026035,0,0,0
2021-08-25,68.36000061035156,353742.0,72.25,32345.0,0.01206783866312314,0.016748429497176472,0.05179006279877195,-0.17899247850546898,0.3654841791800889,0.36399620439250024,0,0,0
2021-08-26,67.41999816894531,344286.0,71.06999969482422,24373.0,-0.013846184528890084,-0.016467024447754646,-0.0270951265561769,-0.2829834872604797,0.36462910248742914,0.3671379045958578,0,0,0
2021-08-27,68.73999786376953,326056.0,72.69999694824219,13316.0,0.019389557697734143,0.02267604001727452,-0.05440356154909701,-0.6045096425226905,0.3665072772810456,0.37117176182607864,0,0,0
2021-08-30,69.20999908447266,360797.0,73.41000366210938,3291.0,0.0068141072807958,0.00971887344632933,0.10124632754255945,-1.3977748497515756,0.3672193354430586,0.3729521001197327,0,0,0
2021-08-31,68.5,325853.0,72.98999786376953,28933.0,-0.010311602357340006,-0.0057377998122904224,-0.1018691138718212,2.1737913422333004,0.3472560536660495,0.33708337325886023,0,0,0
2021-09-01,68.58999633789062,399497.0,71.58999633789062,32339.0,0.0013129528517474968,-0.01936706794193126,0.20375989636519748,0.11129112001688637,0.3461729354364445,0.34311008814603666,0,0,0
2021-09-02,69.98999786376953,403314.0,73.02999877929688,30185.0,0.020205646059582433,0.019914950662757985,0.0095091590981138,-0.06892881996300027,0.3313878667543467,0.3343529913622108,0,0,0
2021-09-03,69.29000091552734,313086.0,72.61000061035156,27095.0,-0.010051735327240165,-0.005767637118883045,-0.2532375017056958,-0.10799590323031195,0.33037457174595236,0.3327900580077484,0,0,0
2021-09-07,68.3499984741211,481704.0,71.69000244140625,35294.0,-0.013659068006801153,-0.012751359878217464,0.4308519043414832,0.2643637688029638,0.3312856188522801,0.33468442072082016,0,0,0
2021-09-08,69.30000305175781,389325.0,72.5999984741211,31671.0,0.013803409387297648,0.012613598893308136,-0.21291534714389923,-0.10831154214537389,0.31956693288480836,0.32481494220504503,0,0,0
2021-09-09,68.13999938964844,556451.0,71.44999694824219,35106.0,-0.016880546957262165,-0.015967039149054684,0.35716464614307514,0.10297062035848652,0.3124967350472052,0.32190337962455695,0,0,0
2021-09-10,69.72000122070312,411079.0,72.91999816894531,26654.0,0.02292283488496686,0.02036506303592312,-0.30279370638708647,-0.27543282287661885,0.31905324819152836,0.3271647334196286,0,0,0
2021-09-13,70.44999694824219,390939.0,73.51000213623047,26510.0,0.010415956866150763,0.008058555746399493,-0.05023387255306626,-0.0054172128566010195,0.3207709699402685,0.32788951450469045,0,0,0
2021-09-14,70.45999908447266,414231.0,73.5999984741211,27690.0,0.0001419648928943086,0.001223524556377764,0.057872251647536274,0.043549316881936216,0.31857307923951267,0.3251777666557214,0,0,0
2021-09-15,72.61000061035156,418665.0,75.45999908447266,35197.0,0.030057501878527924,0.024957697400766414,0.010647288228529641,0.23988951451640328,0.3260181562871212,0.3280131002686181,0,0,0
2021-09-16,72.61000061035156,298412.0,75.66999816894531,27363.0,0.0,0.002779054104988875,-0.3385959954621537,-0.25176911583314265,0.32231895159661467,0.3256861530859525,0,0,0
2021-09-17,71.97000122070312,119933.0,75.33999633789062,26771.0,-0.008853279317053821,-0.004370602852411224,-0.9115418284756219,-0.02187252378314739,0.3166815625077321,0.3221260809583763,0,0,0
2021-09-20,70.29000091552734,75837.0,73.91999816894531,28251.0,-0.023619828268174783,-0.019027751093457123,-0.4583469533202714,0.053809643113052294,0.31210415345468706,0.3140196710526296,0,0,0
2021-09-21,70.55999755859375,393403.0,74.36000061035156,25140.0,0.003833822885291427,0.005934768498639207,1.6462482315496696,-0.11666865203393452,0.2970136982400884,0.3012516646008337,0,0,0
2021-09-22,72.2300033569336,381061.0,76.19000244140625,26605.0,0.02339214144026172,0.024312081467268938,-0.031875064453871296,0.056638964886231165,0.2548124857105775,0.25778851773895506,0,0,0
2021-09-23,73.30000305175781,403405.0,77.25,26832.0,0.014705131988040446,0.013816663249279777,0.056981552790669444,0.008496037032520396,0.24262655880463074,0.23948116667878525,0,0,0
2021-09-24,73.9800033569336,350382.0,78.08999633789062,20417.0,0.009234181254129515,0.010815045000718271,-0.14091703220906543,-0.2732273179267905,0.24162067402434984,0.23635805225801584,0,0,0
2021-09-27,75.44999694824219,417829.0,79.52999877929688,20799.0,0.019675312985899165,0.018272332841506235,0.17604827003540524,0.01853702147440057,0.2387263528969866,0.22954501577662606,0,0,0
2021-09-28,75.29000091552734,476143.0,79.08999633789062,21656.0,-0.0021228087443940684,-0.005547895391819288,0.13064597136723322,0.0403776436835371,0.2343869746569563,0.22345246259076681,0,0,0
2021-09-29,74.83000183105469,424193.0,78.63999938964844,8319.0,-0.006128437460249712,-0.005705930150686414,-0.115529688938121,-0.9567404970102494,0.23693566161177398,0.22487258338889443,0,0,0
2021-09-30,75.02999877929688,583189.0,78.5199966430664,51076.0,0.002669118726309774,-0.001527141421907292,0.3183227787182589,1.814772664260684,0.23145471422114489,0.2232126124276222,0,0,0
2021-10-01,75.87999725341797,388996.0,79.27999877929688,31697.0,0.011265091582319942,0.009632547968700556,-0.4049422582732937,-0.4770926803815591,0.23238262496005602,0.20789635687455507,0,0,0
2021-10-04,77.62000274658203,458006.0,81.26000213623047,43286.0,0.02267205245531469,0.02466804222404493,0.16331322367582773,0.311607217911462,0.2345881184420188,0.21282719832996955,0,0,0
2021-10-05,78.93000030517578,449617.0,82.55999755859375,44439.0,0.01673622626098354,0.015871355313543518,-0.018486175212507033,0.02628820517568726,0.23136776424003083,0.21212362626561357,0,0,0
2021-10-06,77.43000030517578,459055.0,81.08000183105469,41389.0,-0.01918708124677745,-0.01808892799484756,0.02077391933753029,-0.07110231722447503,0.23804335463700715,0.21880587123323783,0,0,0
2021-10-07,78.30000305175781,545008.0,81.94999694824219,43830.0,0.011173335632008194,0.010672923783464494,0.17163044486451315,0.0573033693871681,0.2371211786700048,0.21815356381056777,0,0,0
2021-10-08,79.3499984741211,662010.0,82.38999938964844,48729.0,0.013320785770737873,0.005354794968848032,0.19448018810850626,0.10595582097465053,0.22338165579776517,0.20339013567596478,0,0,0
2021-10-11,80.5199966430664,653756.0,83.6500015258789,46216.0,0.01463713133821937,0.01517738275464265,-0.012546468405814516,-0.05294827692640397,0.2178330833928166,0.19978753501819957,0,0,0
2021-10-12,80.63999938964844,598181.0,83.41999816894531,47351.0,0.0014892376733052664,-0.002753378855092469,-0.08884080941838246,0.02426188025429473,0.2181905525503757,0.20224561754799203,0,0,0
2021-10-13,80.44000244140625,487220.0,83.18000030517578,39594.0,-0.0024832014991143163,-0.0028811288353448807,-0.2051776172826601,-0.17891034710391956,0.21933077565989137,0.2039652709160226,0,0,0
2021-10-14,81.30999755859375,399813.0,84.0,37348.0,0.01075738493874133,0.009809860859687831,-0.19771882866045518,-0.05839822900766013,0.2025463141105269,0.19249038519644543,0,0,0
2021-10-15,82.27999877929688,277953.0,84.86000061035156,33044.0,0.011859069754950442,0.010186048123318229,-0.36354490314640664,-0.12243935592142059,0.2027367827225083,0.19307169116224138,0,0,0
2021-10-18,82.44000244140625,134098.0,84.33000183105469,40153.0,0.0019427356878064283,-0.0062651516671127245,-0.7288811587160678,0.19485715070187376,0.196144079066233,0.1943939301714276,0,0,0
2021-10-19,82.95999908447266,82607.0,85.08000183105469,45141.0,0.006287767248904859,0.008854316554081327,-0.48447645323438726,0.11709376704271815,0.16288023783639158,0.1731381670329991,0,0,0
2021-10-20,83.87000274658203,530693.0,85.81999969482422,43107.0,0.010909460858902913,0.008660064153779679,1.8600892769216855,-0.0461055275296714,0.16250284783097896,0.1732446144961557,0,0,0
2021-10-21,82.5,567503.0,84.61000061035156,49004.0,-0.01646972040377106,-0.014199605857265951,0.06706233606458704,0.12821653051674484,0.1739049187096067,0.17561546619652443,0,0,0
2021-10-22,83.76000213623047,465355.0,85.52999877929688,41174.0,0.01515729872582991,0.010814707170354099,-0.19844548051036268,-0.17409493824480754,0.17418610326559605,0.17401528115098772,0,0,0
2021-10-25,83.76000213623047,568725.0,85.98999786376953,43061.0,0.0,0.005363808259558507,0.20059645808027424,0.04481072588863768,0.175195276442604,0.1726797328531948,0,0,0
2021-10-26,84.6500015258789,467716.0,86.4000015258789,32042.0,0.010569534538418943,0.004756707890618279,-0.19553573914476388,-0.29557017285123177,0.16890901669215058,0.16537804668759432,0,0,0
2021-10-27,82.66000366210938,529952.0,84.58000183105469,25643.0,-0.02378927321801602,-0.021289839777512674,0.12492516229673545,-0.22277691233637972,0.19573944028564005,0.18463359896801523,0,0,0
2021-10-28,82.80999755859375,491585.0,84.31999969482422,10576.0,0.001812944176717788,-0.003078772519337846,-0.07515157179259951,-0.8856833467788123,0.1922350493349284,0.18325680610443906,0,0,0
2021-10-29,83.56999969482422,507309.0,84.37999725341797,35155.0,0.009135802798020112,0.000711292972242865,0.03148542078246165,1.2011795725417942,0.1926259817706336,0.1826737908009579,0,0,0
2021-11-01,84.05000305175781,412309.0,84.70999908447266,36245.0,0.005727295801855394,0.0039032734896382224,-0.20734721715687024,0.030534585101716503,0.19135582150209438,0.18129460860269006,0,0,0
2021-11-02,83.91000366210938,429608.0,84.72000122070312,40105.0,-0.0016670566381836963,0.00011806806615199769,0.04110009675512508,0.10119957406604685,0.18112597845768755,0.16367862500277097,0,0,0
2021-11-03,80.86000061035156,546577.0,81.98999786376953,50062.0,-0.03702556776440232,-0.032754453148510505,0.24080202931122174,0.22176122244420912,0.22325616548513105,0.19531805266748758,0,0,0
2021-11-04,78.80999755859375,701119.0,80.54000091552734,72626.0,-0.02567941037369944,-0.017843295762647402,0.24900243581029988,0.37206074717734855,0.23168181527555978,0.19503830027025437,0,0,0
2021-11-05,81.2699966430664,531054.0,82.73999786376953,43130.0,0.030737042071998292,0.026949168424000882,-0.27781391913010317,-0.5211041737806936,0.251720315417572,0.21383888805637458,0,0,0
2021-11-08,81.93000030517578,393953.0,83.43000030517578,27655.0,0.008088324419384512,0.008304825357178327,-0.2986320981443227,-0.4444122672131104,0.24933705962906774,0.21493166150043483,0,0,0
2021-11-09,84.1500015258789,504832.0,84.77999877929688,34996.0,0.026735710891100963,0.01605169095416173,0.24799408781771307,0.23542722579737668,0.2606215032958721,0.21569892932270954,0,0,0
2021-11-10,81.33999633789062,555215.0,82.63999938964844,36273.0,-0.03396308331282692,-0.025565834100295486,0.09512972545869443,0.035839893616201365,0.289052642815547,0.23392540202231396,0,0,0
2021-11-11,81.58999633789062,475436.0,82.87000274658203,31162.0,0.003068805099583119,0.002779330578495924,-0.15512314835498375,-0.15187425906505647,0.28899189942839204,0.23400517028043694,0,0,0
2021-11-12,80.79000091552734,390304.0,82.16999816894531,27167.0,-0.009853453732612356,-0.008482898344852444,-0.19730635510288905,-0.13719640235308025,0.2887520956504794,0.2327441366750797,0,0,0
2021-11-15,80.87999725341797,343484.0,82.05000305175781,32804.0,0.0011133339296825187,-0.001461394929380259,-0.12778539141369663,0.18854745773208217,0.28542835266072436,0.22912913623238268,0,0,0
2021-11-16,80.76000213623047,325668.0,82.43000030517578,25767.0,-0.0014847208572589398,0.004620597297399024,-0.053262073715025525,-0.24145585572196734,0.2852576586675188,0.2294414380788472,0,0,0
2021-11-17,78.36000061035156,174471.0,80.27999877929688,38038.0,-0.0301682190308167,-0.026428943304810108,-0.6241199188123123,0.3894910566072719,0.30107005086479943,0.2423730838714942,0,0,0
2021-11-18,79.01000213623047,83984.0,81.23999786376953,30490.0,0.00826085290670058,0.01188720169431228,-0.7311322342098494,-0.22118689905930594,0.2996963434276387,0.2445380141331213,0,0,0
2021-11-19,76.0999984741211,623448.0,78.88999938964844,44180.0,-0.037526208955442356,-0.029353241046623558,2.0046390569717754,0.37087343699180764,0.3199520331939243,0.2588040740865889,0,0,0
2021-11-22,76.75,465768.0,79.69999694824219,39085.0,0.008505141650637774,0.010215078135350058,-0.29157770540381583,-0.12253343631967732,0.315776565654644,0.2583990687871864,0,0,0
2021-11-23,78.5,506987.0,82.30999755859375,41865.0,0.022545238321056222,0.032223029817832316,0.08479770615890173,0.0687113939841015,0.3289056048991916,0.28518947281304663,0,0,0
2021-11-24,78.38999938964844,328848.0,82.25,30734.0,-0.0014022643738215343,-0.0007291876779574276,-0.4328897243081524,-0.30908062202325454,0.3252357963991739,0.28416307601202556,0,0,0
2021-11-26,68.1500015258789,844630.0,72.72000122070312,29171.0,-0.1399851798819939,-0.1231469229899114,0.9433030237130514,-0.052194468544751745,0.5716133393175299,0.5038622376239302,0,0,0
2021-11-29,69.94999694824219,675090.0,73.44000244140625,12507.0,0.026069476951239148,0.009852312900213723,-0.22405264632394017,-0.8468865775216193,0.583548697265862,0.5071733693671928,0,0,0
2021-11-30,66.18000030517578,722475.0,70.56999969482422,77840.0,-0.05540235037902108,-0.03986365886748544,0.06783680199403277,1.82836695031098,0.6021483722457888,0.5191598288650008,0,0,0
2021-12-01,65.56999969482422,602447.0,68.87000274658203,56808.0,-0.009260037483435552,-0.02438441125101787,-0.18168312262127248,-0.3149782769979572,0.5990985289945576,0.5198845349601176,0,0,0
2021-12-02,66.5,668293.0,69.66999816894531,81072.0,0.014083678040478737,0.011549073322922888,0.10372700543377147,0.35566048785376136,0.6049192987134044,0.5241389074387038,0,0,0
2021-12-03,66.26000213623047,449974.0,69.87999725341797,43639.0,-0.003615518549937394,0.0030096632013869857,-0.39553689680690834,-0.6193864027883345,0.5978897906251088,0.518598204651838,0,0,0
2021-12-06,69.48999786376953,401060.0,73.08000183105469,32294.0,0.04759639747281211,0.04477531060369844,-0.11507876126850004,-0.30106979148579016,0.6260957989039639,0.5475853692900661,0,0,0
2021-12-07,72.05000305175781,496528.0,75.44000244140625,34533.0,0.03617753821695816,0.03178291412213797,0.21352883460955827,0.06703393414160531,0.6303862871004634,0.5513407386600513,0,0,0
2021-12-08,72.36000061035156,464846.0,75.81999969482422,31080.0,0.004293304160383434,0.005024435375758508,-0.06593370871992175,-0.10535086310158802,0.629474220535046,0.5505048797725213,0,0,0
2021-12-09,70.94000244140625,393205.0,74.41999816894531,27715.0,-0.019819185201462836,-0.018637407749044932,-0.16737506357138782,-0.11459074262767868,0.6196297405281247,0.5472498079117013,0,0,0
2021-12-10,71.66999816894531,397883.0,75.1500015258789,24682.0,0.010237740696853731,0.009761438189286355,0.011826887850449134,-0.11589954984077627,0.6153154029699147,0.5451824341675181,0,0,0
2021-12-13,71.29000091552734,406604.0,74.38999938964844,27562.0,-0.005316146485581692,-0.01016462050492935,0.02168174660657926,0.11036377942196124,0.6144386032404534,0.5448413752196171,0,0,0
2021-12-14,70.7300033569336,359454.0,73.69999694824219,31237.0,-0.007886219462695144,-0.009318758211047171,-0.12325352534380711,0.1251652771774527,0.6143381271468109,0.5449136721789204,0,0,0
2021-12-15,70.87000274658203,294337.0,73.87999725341797,29294.0,0.0019773930682393704,0.002439360367329335,-0.1998608440909577,-0.06422057273429048,0.6144773570064492,0.5454164199794588,0,0,0
2021-12-16,72.37999725341797,142541.0,75.0199966430664,26965.0,0.02108272861151917,0.01531258175177888,-0.7250956917657085,-0.08284298810692507,0.6216328930270024,0.5490369704520263,0,0,0
2021-12-17,70.86000061035156,78125.0,73.5199966430664,26087.0,-0.02122387213808613,-0.020197267519269035,-0.6013195695671255,-0.03310262283691592,0.6178701084942924,0.546316424094531,0,0,0
2021-12-20,68.2300033569336,492217.0,71.5199966430664,36842.0,-0.03782170802322218,-0.027580348459022557,1.8406095681093029,0.345201392777751,0.6261709281380534,0.5487850771406643,0,0,0
2021-12-21,71.12000274658203,358779.0,73.9800033569336,27386.0,0.041484229797041916,0.0338177478522715,-0.31621307612217625,-0.29660656481998343,0.6373325903576078,0.5585554252918637,0,0,0
2021-12-22,72.76000213623047,306709.0,75.29000091552734,28541.0,0.02279775318524723,0.017552504241505208,-0.1568071847175792,0.04130971606720974,0.6425482760691043,0.5613241642732898,0,0,0
2021-12-23,73.79000091552734,270223.0,76.8499984741211,27624.0,0.01405685046759793,0.02050811410727306,-0.12665187129094335,-0.03265668988956034,0.6390356199666822,0.5535510199925997,0,0,0
2021-12-27,75.56999969482422,268490.0,78.5999984741211,15723.0,0.02383614151683341,0.022516229892626662,-0.006433874727681779,-0.5635603515995522,0.6457494572497733,0.5607052492658119,0,0,0
2021-12-28,75.9800033569336,249728.0,78.94000244140625,8523.0,0.005410816946974785,0.004316421140123197,-0.07244134374689651,-0.6123562169479784,0.4051688305812279,0.34747496503500536,0,0,0
2021-12-29,76.55999755859375,283557.0,79.2300033569336,7057.0,0.007604523314617708,0.003666956184559522,0.12704083559878226,-0.18874835952146735,0.39816145611362996,0.34680172436604784,0,0,0
2021-12-30,76.98999786376953,231163.0,79.31999969482422,24512.0,0.005600800287199458,0.0011352424575692592,-0.2042900717701307,1.2451427615394877,0.3337819642296573,0.30906766487478354,0,0,0
2021-12-31,75.20999908447266,237118.0,77.77999877929688,21740.0,-0.023391326877736814,-0.019605986770900044,0.025434818134999867,-0.12000891186511743,0.34593341451737974,0.30362857021513673,0,0,0
2022-01-03,76.08000183105469,317628.0,78.9800033569336,27224.0,0.01150125363926067,0.015310385328798035,0.29232297917183486,0.22494505550554125,0.3453382315299064,0.3048042325440701,0,0,0
2022-01-04,76.98999786376953,372848.0,80.0,31321.0,0.011890073238476307,0.012831936311788373,0.16028994319190473,0.14018986189449908,0.3438410789623976,0.3054995108498865,0,0,0
2022-01-05,77.8499984741211,397898.0,80.80000305175781,35152.0,0.011108363136662809,0.009950368622447272,0.06502486114372825,0.11539271654915081,0.3114645081497429,0.2724719093220047,0,0,0
2022-01-06,79.45999908447266,476665.0,81.98999786376953,41582.0,0.02046986018482409,0.01462025925698872,0.18061824704452312,0.16798586567894233,0.29629701828614385,0.25709484901145746,0,0,0
2022-01-07,78.9000015258789,414434.0,81.75,29501.0,-0.007072491673356959,-0.0029314527759547178,-0.13990020416453058,-0.3432432202448724,0.29907788671343916,0.2581566562149707,0,0,0
2022-01-10,78.2300033569336,389956.0,80.87000274658203,30035.0,-0.008527998583165617,-0.01082284870670404,-0.06087982166554465,0.017939207225800346,0.2901133654829,0.2510006018955814,0,0,0
2022-01-11,81.22000122070312,481815.0,83.72000122070312,37934.0,0.037508288679673644,0.03463495108792288,0.21152631070029396,0.2334844392600059,0.3113268867721732,0.27214566280124236,0,0,0
2022-01-12,82.63999938964844,420619.0,84.66999816894531,32298.0,0.01733228013797603,0.011283413869825253,-0.1358327871365692,-0.16084249875525547,0.3108794211767671,0.2670395960684175,0,0,0
2022-01-13,82.12000274658203,364769.0,84.47000122070312,27107.0,-0.006312191829025816,-0.0023648698376802176,-0.1424631592907233,-0.1752133116925628,0.3099740029685045,0.2630157641894248,0,0,0
2022-01-14,83.81999969482422,364442.0,86.05999755859375,31970.0,0.02049001325938894,0.01864824285107383,-0.0008968598167574407,0.16500596595743772,0.31273310484791567,0.2658448228821154,0,0,0
2022-01-18,85.43000030517578,163643.0,87.51000213623047,45875.0,0.01902569187968059,0.016708397917211567,-0.800680190883316,0.3611223433029842,0.3117277089315345,0.2664204510650574,0,0,0
2022-01-19,86.95999908447266,113153.0,88.44000244140625,37483.0,0.017750901549051262,0.01057128663545987,-0.3689463406133319,-0.20203280951832372,0.29462575736040875,0.24696969062952928,0,0,0
2022-01-20,86.9000015258789,532202.0,88.37999725341797,30524.0,-0.0006901824544436454,-0.0006787149688418971,1.5482822313164923,-0.2053742374290239,0.2425616535668595,0.21217083072467688,0,0,0
2022-01-21,85.13999938964844,509103.0,87.88999938964844,29566.0,-0.020461096599159925,-0.005559642993569911,-0.044372762879403976,-0.03188820694848857,0.2410488814362074,0.20016907461704492,0,0,0
2022-01-24,83.30999755859375,511695.0,86.2699966430664,34253.0,-0.021728392549470024,-0.01860415145551945,0.005078390770062257,0.1471490996343234,0.2567662196519876,0.2173424652839662,0,0,0
2022-01-25,85.5999984741211,507219.0,88.19999694824219,29496.0,0.027116704640271064,0.022125054235775852,-0.008785881423695598,-0.14951949118137808,0.2654803878382293,0.21872498114790742,0,0,0
2022-01-26,87.3499984741211,459642.0,89.95999908447266,29805.0,0.020237753789495192,0.0197581885017494,-0.09849493737784511,0.010421503740046478,0.26289701308356056,0.2163859296058028,0,0,0
2022-01-27,86.61000061035156,427804.0,89.33999633789062,15201.0,-0.008507729721424101,-0.006915841980796554,-0.07178277884314431,-0.6733149495100074,0.2682559796306842,0.22121165753015917,0,0,0
2022-01-28,86.81999969482422,436172.0,90.02999877929688,10824.0,0.0024217169663282062,0.007693659628267731,0.01937151420080108,-0.3395953242933955,0.26852337372943247,0.22114078510669086,0,0,0
2022-01-31,88.1500015258789,359080.0,91.20999908447266,33664.0,0.015202919797499057,0.013021595592953792,-0.1944914560805339,1.134663126246758,0.27040220768845696,0.22162129731388194,0,0,0
2022-02-01,88.19999694824219,376841.0,89.16000366210938,36248.0,0.0005670022584099223,-0.022731980563366935,0.04827814293456814,0.07395519024959239,0.24898019015798764,0.22649871713530614,0,0,0
2022-02-02,88.26000213623047,456863.0,89.47000122070312,38172.0,0.0006800996329194048,0.003470837612095314,0.19256021694616876,0.05171805519017028,0.24965748211075475,0.22440101655592942,0,0,0
2022-02-03,90.2699966430664,465771.0,91.11000061035156,33059.0,0.022518114077128004,0.01816418722161053,0.019310532262841965,-0.143808418653488,0.25490167228343025,0.227207613489783,0,0,0
2022-02-04,92.30999755859375,410926.0,93.2699966430664,33357.0,0.0223473094317894,0.023430902322373597,-0.12528094740833864,0.008973801487702493,0.25978956288430366,0.23469257724386933,0,0,0
2022-02-07,91.31999969482422,497754.0,92.69000244140625,37016.0,-0.010782633234386996,-0.0062378585199837164,0.19169282945102017,0.1040826062154767,0.26358920172048955,0.23708411300666224,0,0,0
2022-02-08,89.36000061035156,467386.0,90.77999877929688,39288.0,-0.02169665672856624,-0.020821634645728757,-0.06295051034969688,0.05956887713224506,0.2776570321681373,0.25299118175451757,0,0,0
2022-02-09,89.66000366210938,445618.0,91.55000305175781,34759.0,0.003351617980497887,0.008446320873357439,-0.04769338595476198,-0.12248059745323396,0.2728721968936463,0.24654023241432066,0,0,0
2022-02-10,89.87999725341797,492091.0,91.41000366210938,43235.0,0.0024506371871076305,-0.0015303827266625468,0.0992015759687406,0.2182118211286841,0.24861202381422634,0.22426629447488897,0,0,0
2022-02-11,93.0999984741211,554423.0,94.44000244140625,53045.0,0.035198751134539005,0.03260981634052664,0.11926427456761747,0.2044902574988414,0.2669642717187622,0.24406603233074645,0,0,0
2022-02-14,95.45999908447266,467071.0,96.4800033569336,48449.0,0.025033134093715086,0.02137102970425025,-0.17144665293254507,-0.09062891162234532,0.27127728480236724,0.24860402152028094,0,0,0
2022-02-15,92.06999969482422,442641.0,93.27999877929688,45181.0,-0.03615814800191128,-0.03373005825722042,-0.05372222261456057,-0.0698350538065065,0.3050930267806193,0.280119839271834,0,0,0
2022-02-16,93.66000366210938,401453.0,94.80999755859375,45148.0,0.01712208887028263,0.016269153663611122,-0.09766859224607198,-0.0007306623890031951,0.30401810552454134,0.27986953786558,0,0,0
2022-02-17,91.76000213623047,212552.0,92.97000122070312,38045.0,-0.020494746753687516,-0.019597989581511186,-0.6359038012022462,-0.17117631246489382,0.31159707755523086,0.2900221586615958,0,0,0
2022-02-18,91.06999969482422,150382.0,93.54000091552734,42436.0,-0.007548057873018512,0.006112288487447182,-0.3460079408088725,0.10922738896853913,0.31339836400493637,0.29007419996910305,0,0,0
2022-02-22,92.3499984741211,789041.0,96.83999633789062,59945.0,0.013957251893742095,0.034670932168485866,1.6576395605054552,0.34543041656259177,0.30455112743079127,0.30852750146074276,0,0,0
2022-02-23,92.0999984741211,440574.0,96.83999633789062,33549.0,-0.002710763428837968,0.0,-0.5827398618210567,-0.580420418445456,0.29124409297603626,0.2974148013927993,0,0,0
2022-02-24,92.80999755859375,872244.0,99.08000183105469,21282.0,0.00767943960824961,0.022867528847951738,0.6829907790946522,-0.45514541169462125,0.28002526202834566,0.29794826794588214,0,1,0
2022-02-25,91.58999633789062,523793.0,97.93000030517578,7025.0,-0.013232310870708412,-0.011674682252759146,-0.509972633176431,-1.1083864297997303,0.2793486673988947,0.29894213623711813,0,1,0
2022-02-28,95.72000122070312,490796.0,100.98999786376953,38241.0,0.044105220361855504,0.030768540036606663,-0.06506800526067576,1.6944330232490845,0.311417151239545,0.30984094911070814,0,1,0
2022-03-01,103.41000366210938,698814.0,104.97000122070312,56428.0,0.07727442881735072,0.03865312579119873,0.35335604955951244,0.38905725074336206,0.3997504698394034,0.33007874879180077,0,1,0
2022-03-02,110.5999984741211,651853.0,112.93000030517578,59273.0,0.06721837068148417,0.07309355376115066,-0.0695655360198082,0.049188401132434716,0.4486432323158923,0.40112390812922905,0,1,0
2022-03-03,107.66999816894531,592031.0,110.45999908447266,37420.0,-0.026849098470408818,-0.022114704253197687,-0.09626007800612042,-0.459948569498747,0.4662326993096156,0.4004911170934424,0,1,0
2022-03-04,115.68000030517578,493875.0,118.11000061035156,34984.0,0.0717567842271057,0.0669629426066836,-0.18127654964632411,-0.0673145067353241,0.512055785667267,0.4449717338075333,0,1,0
2022-03-07,119.4000015258789,576022.0,123.20999908447266,29504.0,0.03165145268949915,0.042273810414542104,0.15386340567939175,-0.17036496673643617,0.5151890780188247,0.45604423344169315,0,1,0
2022-03-08,123.69999694824219,583106.0,127.9800033569336,38358.0,0.03538004098974776,0.03798381873550438,0.012223133594441766,0.26243726363846154,0.5200226169235084,0.46242816582191376,0,1,0
2022-03-09,108.69999694824219,594773.0,111.13999938964844,42740.0,-0.12926748867569027,-0.14108336558141701,0.01981083214075033,0.10817213887835676,0.7160307436846031,0.7102328020480844,0,1,0
2022-03-10,106.0199966430664,437924.0,109.33000183105469,30414.0,-0.024964042155665663,-0.01641981416568371,-0.3061344408070672,-0.3402322211727343,0.717842390545371,0.7080922341923227,0,1,0
2022-03-11,109.33000183105469,368194.0,112.66999816894531,18819.0,0.030743124297906384,0.03009232773023528,-0.17343540616444753,-0.4800360309355514,0.7218001782460708,0.7118952748757889,0,1,0
2022-03-14,103.01000213623047,344184.0,106.9000015258789,19364.0,-0.05954475656066523,-0.05256934361970051,-0.06743357507960301,0.028548674294732006,0.7602919857116057,0.7434624468043278,0,1,0
2022-03-15,96.44000244140625,401690.0,99.91000366210938,26067.0,-0.06590501300543337,-0.06762401490588109,0.15450424876069843,0.2972544744477308,0.7921933701560852,0.7808700036195784,0,1,0
2022-03-16,95.04000091552734,293947.0,98.0199966430664,18514.0,-0.014623213380848012,-0.019098312165043246,-0.3122811678768509,-0.34214294388015914,0.7893684512407396,0.7812494912335474,0,1,0
2022-03-17,102.9800033569336,210763.0,106.63999938964844,15091.0,0.08023696196850406,0.08428716491301076,-0.3326651995390506,-0.20442866300860604,0.8247634684658024,0.8215415622664884,0,1,0
2022-03-18,104.69999694824219,74247.0,107.93000030517578,10489.0,0.016564261512938844,0.012024201517812836,-1.043336906613678,-0.3637714506569466,0.8246652568800708,0.8210287792923157,0,1,0
2022-03-21,112.12000274658203,77217.0,115.62000274658203,11620.0,0.06847066206454293,0.06882610374479065,0.03922226721641829,0.10240066244429837,0.8468809196523818,0.8429066298477852,0,1,0
2022-03-22,111.76000213623047,318629.0,115.4800033569336,14222.0,-0.00321601673024245,-0.001211591545452315,1.4174077765176443,0.202062310037561,0.8459117889692431,0.8437555164802418,0,1,0
2022-03-23,114.93000030517578,289182.0,121.5999984741211,14286.0,0.02796951597283389,0.05163957311959268,-0.0969711688765234,0.00448997527145455,0.8481797636029981,0.8520056918892379,0,1,0
2022-03-24,112.33999633789062,307238.0,119.02999877929688,12778.0,-0.02279329553014544,-0.021361405059355985,0.06056644385654854,-0.11155509455262921,0.8549221228003702,0.8586184319882021,0,1,0
2022-03-25,113.9000015258789,320304.0,120.6500015258789,14026.0,0.013790929343950018,0.013518252793828485,0.041647853289133056,0.09318780793456723,0.8550238902572691,0.8574389596580355,0,1,0
2022-03-28,105.95999908447266,372251.0,112.4800033569336,15212.0,-0.07225922808623245,-0.07011834681112303,0.1502978130978388,0.08117183995129458,0.8983667599483633,0.8984416874670759,0,1,0
2022-03-29,104.23999786376953,387200.0,110.2300033569336,7152.0,-0.01636574344035365,-0.020206335477944353,0.0393729974752227,-0.7546925521948001,0.8912400098834667,0.8985142601573359,0,1,0
2022-03-30,107.81999969482422,284544.0,113.44999694824219,4472.0,0.0337672548698994,0.028793061897140856,-0.3080534565007453,-0.469556302018415,0.85834305700491,0.8943858869219358,0,1,0
2022-03-31,100.27999877929688,450845.0,107.91000366210938,22850.0,-0.07249690607595803,-0.050064604013923895,0.46023570081971726,1.6311153814874157,0.8610079239810751,0.8755401922421462,0,1,0
2022-04-01,99.2699966430664,324777.0,104.38999938964844,17144.0,-0.010122884331709858,-0.03316370073897471,-0.3279848067490981,-0.28730285916893783,0.857520264939438,0.879539770716973,0,1,0
2022-04-04,103.27999877929688,288131.0,107.52999877929688,18406.0,0.03960035793359485,0.029635987476857382,-0.11972355514319467,0.07102844024538932,0.8285333515798304,0.8513461160903074,0,1,0
2022-04-05,101.95999908447266,280283.0,106.63999938964844,15613.0,-0.01286316419039552,-0.008311196903248585,-0.02761543080191877,-0.1645727978572819,0.8177309059639851,0.83421306783171,0,1,0
2022-04-06,96.2300033569336,366036.0,101.06999969482422,20212.0,-0.05783937627584542,-0.053645327079854956,0.2669318821928294,0.25817258687027894,0.8198699877212866,0.8325110053449715,0,1,0
2022-04-07,96.02999877929688,367318.0,100.58000183105469,19577.0,-0.002080564314593593,-0.00485989411834489,0.003496268666753369,-0.031921079635256505,0.7002250335062495,0.6855870276766048,0,1,0
2022-04-08,98.26000213623047,310082.0,102.77999877929688,16735.0,0.022956418542896817,0.021637320738452186,-0.1693911792567642,-0.15685307313111568,0.7034569503895763,0.6900883170987666,0,1,0
2022-04-11,94.29000091552734,315873.0,98.4800033569336,23852.0,-0.041241899293809864,-0.04273725372356585,0.01850345543979262,0.3543657365975696,0.703348509695966,0.6922743291032867,0,1,0
2022-04-12,100.5999984741211,329037.0,104.63999938964844,22697.0,0.06477709331057327,0.060672365912355246,0.04082997237828006,-0.04963531409752682,0.7181230488180003,0.708098447042925,0,1,0
2022-04-13,104.25,312502.0,108.77999877929688,22260.0,0.03563961818105445,0.038801600897035916,-0.05155933729209733,-0.01944141131593382,0.6882406813245949,0.6772641261803879,0,1,0
2022-04-14,106.94999694824219,244952.0,111.69999694824219,17418.0,0.025569546315068425,0.026489195981081844,-0.24354859617310656,-0.24528719157685092,0.6888350228191288,0.6760414384899022,0,1,0
2022-04-18,108.20999908447266,68489.0,113.16000366210938,13187.0,0.011712368128924148,0.012986100041455192,-1.2743891245512775,-0.27827265844498583,0.6340304912983412,0.614630155876587,0,1,0
2022-04-19,102.55999755859375,71792.0,107.25,18972.0,-0.05362580575520705,-0.05364022098746452,0.04709990080203551,0.36373271218977327,0.6602940904207031,0.6436545753646837,0,1,0
2022-04-20,102.75,299028.0,106.80000305175781,15985.0,0.0018508840086474256,-0.004204602707520949,1.426764165257544,-0.1713134255035305,0.6104472855070714,0.5925144477200625,0,1,0
2022-04-21,103.79000091552734,280321.0,108.33000183105469,13203.0,0.010070782421812615,0.01422418575943378,-0.06460183939790974,-0.19120670601474068,0.6124369416549055,0.5957609052461489,0,1,0
2022-04-22,102.06999969482422,246116.0,106.6500015258789,11040.0,-0.016710786372617224,-0.015629681635329566,-0.13013240558772357,-0.17891903564811482,0.6029727226182163,0.5626142637860404,0,1,0
2022-04-25,98.54000091552734,328153.0,102.31999969482422,15464.0,-0.035196283018801594,-0.041447304936684845,0.28767699353300147,0.3369897010570806,0.6089171755567447,0.5736083756077343,0,1,0
2022-04-26,101.69999694824219,351850.0,104.98999786376953,13279.0,0.031564706640324416,0.02575993289183499,0.06972498537401828,-0.15233090189783935,0.619308835504512,0.5807041314697954,0,1,0
2022-04-27,102.0199966430664,278781.0,105.31999969482422,8064.0,0.003141566543055737,0.0031382445506436445,-0.232778421059356,-0.49877412867917764,0.569840279877972,0.5332862713223052,0,1,0
2022-04-28,105.36000061035156,312064.0,107.58999633789062,8567.0,0.03221422363791778,0.021324340837676654,0.1127817676254949,0.06050790165289413,0.5789748783046316,0.5359312261203867,0,1,0
2022-04-29,104.69000244140625,294386.0,109.33999633789062,32573.0,-0.0063794375764339144,0.016134587405812015,-0.058316463602545686,1.3355661113674735,0.5664853383569248,0.5287646828996049,0,1,0
2022-05-02,105.16999816894531,261878.0,107.58000183105469,23606.0,0.004574445469907173,-0.016227486108495247,-0.11701308491811144,-0.3219828073425031,0.5040900624696333,0.5021353849953282,0,1,0
2022-05-03,102.41000366210938,239266.0,104.97000122070312,23410.0,-0.026593671274868835,-0.02456016718872394,-0.09030284270797044,-0.00833763550405784,0.5123523405591074,0.49585242279058206,0,1,0
2022-05-04,107.80999755859375,272909.0,110.13999938964844,21158.0,0.051385996058933216,0.04807767161596495,0.13156250253365265,-0.10114519693823655,0.5248738383439381,0.5134207853758627,0,1,0
2022-05-05,108.26000213623047,286916.0,110.9000015258789,26443.0,0.004165365195665697,0.006876629822635739,0.050051083709062784,0.22297338843010542,0.5220873442744417,0.5125923172572506,0,1,0
2022-05-06,109.7699966430664,294278.0,112.38999938964844,23902.0,0.013851476016463813,0.013346051984144815,0.02533540879971343,-0.10102933554999906,0.4739188568294017,0.47211547771963613,0,1,0
2022-05-09,103.08999633789062,368183.0,105.94000244140625,28134.0,-0.06278487953283066,-0.05910204093795928,0.2240551983811076,0.16301667189081506,0.5306522115263951,0.5212990221535979,0,1,0
2022-05-10,99.76000213623047,389750.0,102.45999908447266,25904.0,-0.03283503479939427,-0.033400449585964186,0.056925410764279955,-0.08258141240022494,0.5398315311781612,0.5305861489797913,0,1,0
2022-05-11,105.70999908447266,382701.0,107.51000213623047,31560.0,0.05793216433434838,0.0481114167916044,-0.018251502496839437,0.19749309904239418,0.551878437451857,0.5320350488568834,0,1,0
2022-05-12,106.12999725341797,323547.0,107.44999694824219,27037.0,0.0039652447744917664,-0.0005582916803352771,-0.16790961611798547,-0.15468419770351766,0.5079579680908255,0.4907948012686022,0,1,0
2022-05-13,110.48999786376953,240989.0,111.55000305175781,25050.0,0.04026026789661295,0.03744735354943417,-0.2945931000276133,-0.07633247074328195,0.5119869897354727,0.4895103940278641,0,1,0
2022-05-16,114.19999694824219,289127.0,114.23999786376953,20871.0,0.03302627070805514,0.023828531655479327,0.18211474865549016,-0.18251319192125987,0.5168002425229618,0.48786226807150856,0,1,0
2022-05-17,112.4000015258789,252630.0,111.93000030517578,23254.0,-0.01588731946396071,-0.020427801264113685,-0.13494007024092727,0.10811652463680244,0.5198553850363988,0.49129862023358123,0,1,0
2022-05-18,109.58999633789062,103669.0,109.11000061035156,21217.0,-0.025317854976181154,-0.025517125366746288,-0.890722836413603,-0.09167441311543705,0.49022512110683025,0.46175657664439196,0,1,0
2022-05-19,112.20999908447266,68511.0,112.04000091552734,26098.0,0.02362601145887709,0.026499405302423007,-0.4142088149788431,0.20705593590907562,0.49527144557952446,0.469728843449726,0,1,0
2022-05-20,113.2300033569336,229930.0,112.55000305175781,16942.0,0.00904907045525924,0.004541635904085434,1.2107805984563451,-0.43206293703069587,0.49513131620527184,0.46782051304436456,0,1,0
2022-05-23,110.29000091552734,215623.0,113.41999816894531,20660.0,-0.02630790935383447,0.007700131974436402,-0.06424340239362068,0.19840371768213327,0.5013025759370976,0.46381963851815283,0,1,0
2022-05-24,109.7699966430664,224794.0,113.55999755859375,20941.0,-0.004726031501443259,0.001233583664085708,0.041652914891593264,0.013509496102522748,0.48227374258827643,0.43503722988066823,0,1,0
2022-05-25,110.33000183105469,191370.0,114.02999877929688,12885.0,0.005088654250674318,0.004130250858213941,-0.16097570034990852,-0.48564511568968677,0.47261906398564624,0.42841084099225263,0,1,0
2022-05-26,114.08999633789062,234752.0,117.4000015258789,11590.0,0.03351168714147415,0.029125359427098964,0.20432091083191667,-0.10592118675266808,0.4836040848999279,0.43717186130547797,0,1,0
2022-05-27,115.06999969482422,217281.0,119.43000030517578,4384.0,0.00855305767342729,0.01714350784434354,-0.07733819103774327,-0.9721811077059459,0.4738754443951259,0.43546192039786286,0,1,0
2022-05-31,114.66999816894531,440796.0,122.83999633789062,41020.0,-0.0034822141011021353,0.028152237524989805,0.7073907366712217,2.2360982029985204,0.47316636194925094,0.4412945000383441,0,1,0
2022-06-01,115.26000213623047,290530.0,116.29000091552734,21546.0,0.005132042460357287,-0.05479558658284739,-0.416875342203653,-0.6438695681722338,0.473173845813215,0.4834777228307013,0,1,0
2022-06-02,116.87000274658203,327600.0,117.61000061035156,22117.0,0.013871764903703702,0.011286991874821302,0.1200865107951988,0.026156359114583486,0.4604085213345165,0.4729012640311833,0,1,0
2022-06-03,118.87000274658203,240831.0,119.72000122070312,11028.0,0.01696825265205771,0.01778162212824735,-0.30769790928868634,-0.695909050425034,0.4325245606769398,0.44953085072038274,0,1,0
2022-06-06,118.5,246825.0,119.51000213623047,16523.0,-0.0031175215231096917,-0.001755625427116296,0.024584140807285212,0.4043158565073034,0.4333624504058645,0.44982244767798957,0,1,0
2022-06-07,119.41000366210938,341694.0,120.56999969482422,20488.0,0.00765001963847122,0.008830426844411531,0.3252360162070562,0.2150859992283704,0.432171738428563,0.44885564913868525,0,1,0
2022-06-08,122.11000061035156,340591.0,123.58000183105469,21778.0,0.022359302629648345,0.024658239851478504,-0.0032332557828221977,0.06106093702664513,0.3611827361064923,0.39223601587466794,0,1,0
2022-06-09,121.51000213623047,293295.0,123.06999969482422,21008.0,-0.004925701342088371,-0.004135437745036683,-0.14950341547539941,-0.03599696836342887,0.3332206970075801,0.36617693380379845,0,1,0
2022-06-10,120.66999816894531,352906.0,122.01000213623047,26036.0,-0.006937049589774876,-0.008650270608659244,0.18502280407390911,0.21457687814970053,0.28667610371659585,0.3411948189812065,0,1,0
2022-06-13,120.93000030517578,372403.0,122.2699966430664,21136.0,0.002152336409315797,0.002128660605116997,0.05377486870412723,-0.20850244793017145,0.28693104168299843,0.34066816314761633,0,1,0
2022-06-14,118.93000030517578,366320.0,121.16999816894531,27702.0,-0.01667678101559221,-0.009037183569031774,-0.016469332875544324,0.2705268649729373,0.2690444839576634,0.3245391026538212,0,1,0
2022-06-15,115.30999755859375,301750.0,118.51000213623047,22360.0,-0.030910954694686854,-0.022197139905881402,-0.1939084083711992,-0.21423096446600848,0.271800929134756,0.3281422061774124,0,1,0
2022-06-16,117.58999633789062,162543.0,119.80999755859375,24329.0,0.01957983408181096,0.010909771048394138,-0.6186562778277093,0.08439540614308598,0.27268928217306043,0.3192959486696538,0,1,0
2022-06-17,109.55999755859375,103149.0,113.12000274658203,26686.0,-0.07073164458114989,-0.05745790784597767,-0.4547680372991501,0.09247002889024453,0.36130709442567377,0.37059283208429966,0,1,0
2022-06-21,110.6500015258789,427262.0,114.6500015258789,22868.0,0.00989975817605793,0.01343479618441772,1.4212228633508486,-0.15440052991850403,0.3530254277055989,0.36225508851038435,0,1,0
2022-06-22,106.19000244140625,432724.0,111.73999786376953,33112.0,-0.04114211488051964,-0.0257092976997958,0.012702703171655129,0.3701572010447065,0.37758200970788997,0.3736093221301188,0,1,0
2022-06-23,104.2699966430664,346362.0,110.05000305175781,21806.0,-0.018246308799802363,-0.015239889210017187,-0.22261564047151805,-0.4177105931622413,0.3723231317119937,0.37583064152035245,0,1,0
2022-06-24,107.62000274658203,321591.0,113.12000274658203,13431.0,0.03162287297550904,0.027514390725395313,-0.07420391906317235,-0.4846196933572518,0.3906388609327172,0.38897951147717796,0,1,0
2022-06-27,109.56999969482422,282914.0,115.08999633789062,11252.0,0.01795708204970407,0.017265172732358496,-0.12813758730414077,-0.1770195772993278,0.3956532622114403,0.3934509837612903,0,1,0
2022-06-28,111.76000213623047,306748.0,117.9800033569336,6673.0,0.019790122431063026,0.024800747867469112,0.08088359906791133,-0.5224763567061409,0.3835352357410439,0.3897461146657214,0,1,0
2022-06-29,109.77999877929688,322060.0,116.26000213623047,4346.0,-0.017875382060949133,-0.014686066380541369,0.04871129998748443,-0.42881365208723166,0.38617370932470196,0.38793921362951117,0,1,0
2022-06-30,105.76000213623047,362890.0,114.80999755859375,24733.0,-0.037305955699976086,-0.012550513806832026,0.11936189444901062,1.7388825024912216,0.40486613432864005,0.3744161289789509,0,1,0
2022-07-01,108.43000030517578,305338.0,111.62999725341797,17090.0,0.024932409996359532,-0.028088760418663237,-0.17268039830684193,-0.3696448871979599,0.41605752062212537,0.3376906766987318,0,1,0
2022-07-05,99.5,594215.0,102.7699966430664,43356.0,-0.08594716213403925,-0.08269635744985175,0.6658218470034442,0.930951604826004,0.5004589122114917,0.4343790360520948,0,1,0
2022-07-06,98.52999877929688,444106.0,100.69000244140625,28820.0,-0.009796586219315792,-0.02044693479816956,-0.29117793405805714,-0.40837551138212747,0.4923848651588531,0.4276734395484623,0,1,0
2022-07-07,102.7300033569336,379861.0,104.6500015258789,22837.0,0.04174316196018757,0.03857494929850827,-0.15625787634794697,-0.2326875629219212,0.5226577047987505,0.4571836059666632,0,1,0
2022-07-08,104.79000091552734,327461.0,107.0199966430664,20610.0,0.019854136318213016,0.022394238043018568,-0.14843643231467663,-0.10260563274708706,0.5285853791458153,0.4651925030249278,0,1,0
2022-07-11,104.08999633789062,348566.0,107.0999984741211,17691.0,-0.0067024818783995065,0.0007472616906575689,0.06245863132538801,-0.15272035921589083,0.5182739002015897,0.4527540681452128,0,1,0
2022-07-12,95.83999633789062,398552.0,99.48999786376953,22827.0,-0.08257577818875095,-0.07370584807701039,0.1340103837121132,0.2548880101760186,0.5794161212677816,0.5082992338441713,0,1,0
2022-07-13,96.30000305175781,347193.0,99.56999969482422,22358.0,0.004788254337710234,0.0008037962055985921,-0.13795715775965228,-0.020759847014361402,0.5819469227855263,0.509698748691774,0,1,0
2022-07-14,95.77999877929688,387528.0,99.0999984741211,27515.0,-0.0054144683245929874,-0.004731485396479105,0.10990728295479871,0.20754711166358816,0.5804226727546096,0.5082483992211075,0,1,0
2022-07-15,97.58999633789062,240766.0,101.16000366210938,19146.0,0.018721109458313057,0.020574032064347304,-0.47596259679514813,-0.3626374939875606,0.5890283792875852,0.5191920783695089,0,1,0
2022-07-18,102.5999984741211,84669.0,106.2699966430664,20217.0,0.05006292623664312,0.049279535792956304,-1.0450759704264803,0.054430018108028215,0.6178807750169306,0.5535040346119919,0,1,0
2022-07-19,104.22000122070312,63149.0,107.3499984741211,21900.0,0.01566614332926657,0.0101115163148537,-0.2932525236674285,0.07996280219026553,0.6160202240284938,0.5532182898374528,0,1,0
2022-07-20,102.26000213623047,315620.0,106.91999816894531,23989.0,-0.018985450651782098,-0.0040136359654806405,1.609041944961614,0.09110875512532995,0.5717285183470999,0.5196003512680981,0,1,0
2022-07-21,96.3499984741211,318911.0,103.86000061035156,26598.0,-0.059531231518497624,-0.02903702985240456,0.010373108672788232,0.10324063304318634,0.6013777491120182,0.5238117874516303,0,1,0
2022-07-22,94.69999694824219,307568.0,103.19999694824219,17586.0,-0.017273411057041062,-0.00637502081668352,-0.036215865982270445,-0.4137328940341611,0.589668405013844,0.5182968094954581,0,1,0
2022-07-25,96.69999694824219,278998.0,105.1500015258789,14999.0,0.02089940293372144,0.018719093183992758,-0.09749158767361377,-0.15911959874358794,0.5945396282383716,0.5221764792715562,0,1,0
2022-07-26,94.9800033569336,310043.0,104.4000015258789,20242.0,-0.017946992435663202,-0.007158226595921476,0.10550638420042278,0.299776121553487,0.5822182297747116,0.511036970712524,0,1,0
2022-07-27,97.26000213623047,321903.0,106.62000274658203,11024.0,0.02372144847520207,0.021041447090854783,0.037539260388513296,-0.6076849394954068,0.5855335390582355,0.5131631474669537,0,1,0
2022-07-28,96.41999816894531,318403.0,107.13999938964844,6831.0,-0.008674196952688428,0.004865247600956311,-0.010932381889433842,-0.4786036385215905,0.5781919701697157,0.5038030551797114,0,1,0
2022-07-29,98.62000274658203,349374.0,110.01000213623047,24476.0,0.022560478659059337,0.026434905413808087,0.09282510561484938,1.276221969850582,0.5855560461661021,0.5134648402789952,0,1,0
2022-08-01,93.88999938964844,365293.0,100.02999877929688,25670.0,-0.049150230876384905,-0.09510116137613675,0.04455678963406506,0.04762994928275492,0.5951222900478592,0.605025711989071,0,1,0
2022-08-02,94.41999816894531,328538.0,100.54000091552734,17357.0,0.005629017955736299,0.005085538576810537,-0.10604726272959084,-0.3913271116443044,0.5863071592937642,0.6010545492104667,0,1,0
2022-08-03,90.66000366210938,395099.0,96.77999877929688,22263.0,-0.040636609818898634,-0.03811531861853275,0.18448385785361662,0.24893022441736154,0.5270469649833099,0.5457190318962524,0,1,0
2022-08-04,88.54000091552734,334931.0,94.12000274658203,21011.0,-0.02366184826232168,-0.027869755711131042,-0.1652118259482847,-0.05787999754919412,0.5309994069150423,0.5493270684167116,0,1,0
2022-08-05,89.01000213623047,350016.0,94.91999816894531,16576.0,0.005294309326469751,0.00846381923619221,0.04405432726325915,-0.23709024402983947,0.504861457257969,0.5300297807709554,0,1,0
2022-08-08,90.76000213623047,340157.0,96.6500015258789,17288.0,0.01946993647804398,0.018061809164957875,-0.02857159198873107,0.042056753127512295,0.5046073178897587,0.5274509651661705,0,1,0
2022-08-09,90.5,347045.0,96.30999755859375,20553.0,-0.0028688327428962974,-0.0035240912187008587,0.02004717880028788,0.17299429648428685,0.504795653243674,0.5270869182762646,0,1,0
2022-08-10,91.93000030517578,383766.0,97.4000015258789,29520.0,0.015677570489436722,0.01125409609128211,0.10057853730745461,0.3620610840434001,0.4274370628813858,0.46632795120993525,0,1,0
2022-08-11,94.33999633789062,341234.0,99.5999984741211,20958.0,0.025877817842593524,0.02233592295588594,-0.11746453289023975,-0.3425475646795218,0.437765410189267,0.4732970217822898,0,1,0
2022-08-12,92.08999633789062,264953.0,98.1500015258789,20095.0,-0.02413891907127049,-0.014665213001615749,-0.2530160071873001,-0.04204940715158549,0.4449029396304717,0.47579642862375776,0,1,0
2022-08-15,89.41000366210938,275443.0,95.0999984741211,20714.0,-0.029533746260803902,-0.03156798276251662,0.038828258869421685,0.0303387722655227,0.44815257707642087,0.4810105692080887,0,1,0
2022-08-16,86.52999877929688,305366.0,92.33999633789062,22549.0,-0.032741413194471235,-0.029451576086479567,0.10313034654769294,0.08488091890068748,0.41225719089553686,0.44960666169125285,0,1,0
2022-08-17,88.11000061035156,230346.0,93.6500015258789,21011.0,0.018094880294427504,0.01408706776364762,-0.2819285308312702,-0.07064460896046244,0.4141039517889424,0.451684764211896,0,1,0
2022-08-18,90.5,80029.0,96.58999633789062,21327.0,0.026763809900087754,0.030910733093725377,-1.057193457364993,0.01492776550854357,0.4288689765175931,0.46994165508885766,0,1,0
2022-08-19,90.7699966430664,58714.0,96.72000122070312,22212.0,0.0029789468498015374,0.0013450406502932795,-0.30971086973759776,0.04065880776390493,0.3823690074772943,0.46194677524654326,0,1,0
2022-08-22,90.2300033569336,352665.0,96.4800033569336,26974.0,-0.005966794345088517,-0.002484451154574634,1.7928403985920145,0.19424075571530514,0.37898274392514375,0.4618267641252297,0,1,0
2022-08-23,93.73999786376953,285607.0,100.22000122070312,22624.0,0.03816296649507722,0.038032013938850764,-0.2109018578720568,-0.17586214938050365,0.3966082125763864,0.4779441574875042,0,1,0
2022-08-24,94.88999938964844,320388.0,101.22000122070312,24490.0,0.012193349847795385,0.009928596134019004,0.11491602134030493,0.07925358124991418,0.3945787336755891,0.4794126611345146,0,1,0
2022-08-25,92.5199966430664,279877.0,99.33999633789062,20704.0,-0.02529351847355716,-0.018748105031027338,-0.135182540368567,-0.1679379526455863,0.3939111910953279,0.4756677665572196,0,1,0
2022-08-26,93.05999755859375,288392.0,100.98999786376953,14241.0,0.0058196191018388506,0.01647320807076933,0.029970444834285168,-0.3742017900811994,0.3941924161932624,0.4798802810275774,0,1,0
2022-08-29,97.01000213623047,283463.0,105.08999633789062,6048.0,0.041569667812168705,0.039795610144567235,-0.017239062588413817,-0.8563974893600588,0.4139325099457144,0.49221471672385775,0,1,0
2022-08-30,91.63999938964844,386272.0,99.30999755859375,7116.0,-0.056946237068939747,-0.05657084469856467,0.3094601813321168,0.16261813092635688,0.4261120640640096,0.41214810124386386,0,1,0
2022-08-31,89.55000305175781,344147.0,96.48999786376953,24672.0,-0.023070688339442143,-0.028806892438682268,-0.11547289284149655,1.2433232275773303,0.4319133136852062,0.4230994139763481,0,1,0
2022-09-01,86.61000061035156,305106.0,92.36000061035156,22870.0,-0.033381873195455214,-0.043745362798202854,-0.12040963446458058,-0.07584298934622917,0.42451447765447875,0.4295618584816522,0,1,0
2022-09-02,86.87000274658203,277533.0,93.0199966430664,22869.0,0.00299749049890181,0.007120496612959282,-0.09471941217752548,-4.372636044332485e-05,0.4175006866038162,0.4202424597821562,0,1,0
2022-09-06,86.87999725341797,420255.0,92.83000183105469,34757.0,0.00011504468313039828,-0.0020446045709938813,0.4149218248627866,0.41859870889939493,0.41691650807617775,0.4189740798917674,0,1,0
2022-09-07,81.94000244140625,380781.0,88.0,28966.0,-0.05854052265833876,-0.053433068658450766,-0.09863726318346829,-0.1822582621949767,0.45420736932927963,0.4499176526613207,0,1,0
2022-09-08,83.54000091552734,342763.0,89.1500015258789,21562.0,0.01933826811440578,0.012983546946802652,-0.10518516047194766,-0.2951902222617384,0.4618885799327341,0.45396830261107707,0,1,0
2022-09-09,86.79000091552734,305188.0,92.83999633789062,22448.0,0.03816584817674012,0.0405571805358433,-0.11611126608485983,0.04026901724317885,0.48005605198200035,0.47688381828810544,0,1,0
2022-09-12,87.77999877929688,275104.0,94.0,22758.0,0.011342252148776735,0.012417240309151619,-0.10377877216559128,0.013715208574711688,0.4717061323405713,0.47164091438133804,0,1,0
2022-09-13,87.30999755859375,347998.0,93.16999816894531,27762.0,-0.0053686944934838755,-0.008869020460506088,0.23504752463948925,0.19875144721810073,0.46576812772530146,0.4702220053765452,0,1,0
2022-09-14,88.4800033569336,335381.0,94.0999984741211,30880.0,0.01331159985383934,0.009932268566332229,-0.036929533624595876,0.10644054600365778,0.458062685908379,0.4597337800821751,0,1,0
2022-09-15,85.0999984741211,235358.0,90.83999633789062,29483.0,-0.03894955806514469,-0.03525835345231483,-0.3541594398105707,-0.04629489910530069,0.4640347624379921,0.46475346722409494,0,1,0
2022-09-16,85.11000061035156,87829.0,91.3499984741211,20652.0,0.00011752701128942239,0.005598589196845163,-0.9857160169634802,-0.3560016590338721,0.4589656630955596,0.4622556116822444,0,1,0
2022-09-19,85.7300033569336,59626.0,92.0,17627.0,0.007258317187514524,0.007090310928680058,-0.3873000216765409,-0.15838034957958622,0.44860759108329873,0.4485794066631284,0,1,0
2022-09-20,84.44999694824219,279813.0,90.62000274658203,24688.0,-0.015043254730761624,-0.015113607501264396,1.5460298023541306,0.33688547818298864,0.45013601642805584,0.4505049214185266,0,1,0
2022-09-21,82.94000244140625,339683.0,89.83000183105469,27621.0,-0.018042122862901723,-0.0087559539231065,0.19389130684721323,0.11225905735301338,0.45292617634626064,0.4509202170646431,0,1,0
2022-09-22,83.48999786376953,303492.0,90.45999908447266,22375.0,0.006609354365199205,0.006988738304230189,-0.11265757874886215,-0.2106320888128995,0.42843261066287613,0.4271776736294758,0,1,0
2022-09-23,78.73999786376953,334271.0,86.1500015258789,18951.0,-0.0585755802338362,-0.04881777324307592,0.09659679022481923,-0.1660875635762461,0.4605151110568598,0.4494140986538373,0,1,0
2022-09-26,76.70999908447266,280927.0,84.05999755859375,14034.0,-0.026119192349120236,-0.024559180152468125,-0.17385719212711068,-0.30037374375457604,0.4608945409492968,0.4516631175048988,0,1,0
2022-09-27,78.5,283614.0,86.2699966430664,10008.0,0.023066558752072978,0.025951073643184965,0.009519309636264676,-0.3380981836654869,0.47159404369105734,0.4592511201792992,0,1,0
2022-09-28,82.1500015258789,324678.0,89.31999969482422,9937.0,0.045448238269216075,0.03474354937875978,0.13521976321991533,-0.007119608915383738,0.47690291151458325,0.4529860214373933,0,1,0
2022-09-29,81.2300033569336,286126.0,88.48999786376953,7456.0,-0.011262184668438886,-0.009335896416966983,-0.12640164872011,-0.2872460868659363,0.44276067185700496,0.4169515358148966,0,1,0
2022-09-30,79.48999786376953,253154.0,87.95999908447266,33026.0,-0.021653477678323034,-0.00600737186022392,-0.122434274042958,1.4882760526575065,0.44208850317919424,0.4082787702809228,0,1,0
2022-10-03,83.62999725341797,287168.0,88.86000061035156,38251.0,0.050771073840550345,0.01017994909834039,0.1260694111538808,0.146874573680855,0.4708133972809524,0.38487644977897245,0,1,0
2022-10-04,86.5199966430664,302549.0,91.80000305175781,38971.0,0.03397328773398024,0.03255022649354366,0.05217583747054658,0.01864807606442522,0.486642100386494,0.40203462011008745,0,1,0
2022-10-05,87.76000213623047,329790.0,93.37000274658203,39563.0,0.014230278023359837,0.016957793041949044,0.08621284043481744,0.015076558269104085,0.48920416696710134,0.4065549115489253,0,1,0
2022-10-06,88.44999694824219,235296.0,94.41999816894531,26200.0,0.007831545794454152,0.01118277181354086,-0.3376117922450704,-0.41213492728812967,0.4398494919651839,0.3576779874790403,0,1,0
2022-10-07,92.63999938964844,429162.0,97.91999816894531,36871.0,0.046283621133100014,0.03639790433903605,0.600990174010442,0.3416659234328691,0.4613451610080545,0.3744257831047942,0,1,0
2022-10-10,91.12999725341797,289508.0,96.19000244140625,24699.0,-0.016433978867390647,-0.017825372518913758,-0.39365153954154364,-0.4006625772155216,0.45041593117144446,0.35777262302173934,0,1,0
2022-10-11,89.3499984741211,333158.0,94.29000091552734,31431.0,-0.019725803840981798,-0.019950278358322568,0.14043392144478747,0.2410319100545389,0.45540790783869894,0.3630725720693675,0,1,0
2022-10-12,87.2699966430664,332271.0,92.44999694824219,29821.0,-0.023554501818735887,-0.01970722436396925,-0.0026659509139140363,-0.0525818237240385,0.46283073724661195,0.36836623960917986,0,1,0
2022-10-13,89.11000061035156,298032.0,94.56999969482422,32826.0,0.020864845764892608,0.022672372977124006,-0.10875003772293701,0.09600804099484489,0.4662990639287373,0.37543144978067694,0,1,0
2022-10-14,85.61000061035156,237026.0,91.62999725341797,29344.0,-0.0400694625902089,-0.031581598798019375,-0.22903102353127935,-0.11213278823568953,0.467502535530431,0.3712440953738499,0,1,0
2022-10-17,85.45999908447266,172020.0,91.62000274658203,23783.0,-0.0017536863808918246,-0.00010908056584828134,-0.3205590906360339,-0.21011705633449415,0.46755589276970966,0.37076562981095207,0,1,0
2022-10-18,82.81999969482422,97304.0,90.02999877929688,40941.0,-0.03137884507033144,-0.017506683875033274,-0.5697706508071981,0.5431609661845263,0.47921356764752654,0.3747259302100021,0,1,0
2022-10-19,85.55000305175781,71309.0,92.41000366210938,43364.0,0.032431461577801336,0.026092302967340893,-0.3108175516528927,0.05749759787495898,0.49057312012649495,0.38232336917795523,0,1,0
2022-10-20,85.9800033569336,338344.0,92.37999725341797,40748.0,0.005013714100911246,-0.0003247622577679754,1.557040582741163,-0.06222284507122535,0.4860043144967403,0.38074392460509987,0,1,0
2022-10-21,85.05000305175781,272803.0,93.5,26861.0,-0.010875395387529897,0.01205096102353157,-0.2153132064281173,-0.4167313382438446,0.4875570632857283,0.38209285515694624,0,1,0
2022-10-24,84.58000183105469,250726.0,93.26000213623047,28074.0,-0.005541501030663559,-0.0025701220082855075,-0.08438921357642747,0.04416846062815878,0.43817947249832756,0.3360542834790099,0,1,0
2022-10-25,85.31999969482422,240441.0,93.5199966430664,22553.0,0.008711036333179677,0.00278396698210164,-0.04188597219579164,-0.2189757863181628,0.4250214387498758,0.3199684346658573,0,1,0
2022-10-26,87.91000366210938,287182.0,95.69000244140625,15637.0,0.029904715494257612,0.02293854403641692,0.17764142391118926,-0.3662281939325982,0.4293091048746278,0.31765410695812035,0,1,0
2022-10-27,89.08000183105469,292556.0,96.95999908447266,14677.0,0.013221257423768493,0.01318468757381007,0.01853994022332052,-0.0633582582323115,0.40526302566964023,0.3004779184284869,0,1,0
2022-10-28,87.9000015258789,263404.0,95.7699966430664,12135.0,-0.013335040893947693,-0.012349064397194071,-0.10496712611585149,-0.19018780345049693,0.40629967236485665,0.3023269445034206,0,1,0
2022-10-31,86.52999877929688,285342.0,94.83000183105469,23096.0,-0.015708661539025393,-0.009863614277041901,0.0799994856214051,0.6435656031820692,0.4021152282981564,0.30418687995580473,0,1,0
2022-11-01,88.37000274658203,274321.0,94.6500015258789,21355.0,0.021041416099027432,-0.0018999404278392529,-0.03938950731845101,-0.07837353806720414,0.3705310634137071,0.30376302313570763,0,1,0
2022-11-02,90.0,280961.0,96.16000366210938,28689.0,0.018277093719872264,0.01582761509378773,0.02391691614024876,0.29522786974208554,0.35756144224606917,0.28840501357599474,0,1,0
2022-11-03,88.16999816894531,239816.0,94.66999816894531,21292.0,-0.020542921998650533,-0.015616368071043172,-0.15834390702979084,-0.2981823587250044,0.3626789438990466,0.28948923057120557,0,1,0
2022-11-04,92.61000061035156,354060.0,98.56999969482422,31256.0,0.049130385441120944,0.04036981178196275,0.38959442766099295,0.3838799424422584,0.399903349210235,0.3190100456212128,0,1,0
2022-11-07,91.79000091552734,322419.0,97.91999816894531,22568.0,-0.008893764567584613,-0.00661615251679722,-0.09361444839865896,-0.3256783840530743,0.3676198439641696,0.29451062236547665,0,1,0
2022-11-08,88.91000366210938,344223.0,95.36000061035156,28901.0,-0.03187870588315595,-0.026491590346980957,0.06543776126184073,0.24734322289617777,0.37977915911989474,0.3025402558396639,0,1,0
2022-11-09,85.83000183105469,388301.0,92.6500015258789,26729.0,-0.03525604625836199,-0.028830240516888532,0.1204911089023456,-0.07812707829338209,0.39292084194951765,0.3112055249836974,0,1,0
2022-11-10,86.47000122070312,340007.0,93.66999816894531,31486.0,0.007428930025776933,0.010948978472458272,-0.13281460642909346,0.16379388428994637,0.38601798937077303,0.3058552676220518,0,1,0
2022-11-11,88.95999908447266,301664.0,95.98999786376953,23629.0,0.028389273121412952,0.024466049447618224,-0.11965239041982659,-0.28706823137500637,0.3920825733691309,0.3075429072454474,0,1,0
2022-11-14,85.87000274658203,315450.0,93.13999938964844,22959.0,-0.03535226354107958,-0.03014026611955051,0.044686375603078636,-0.028764754721537167,0.38631866483095034,0.3056708981426029,0,1,0
2022-11-15,86.91999816894531,331709.0,93.86000061035156,30904.0,0.012153577652508817,0.007700585867882412,0.050257887719558504,0.2971756088680864,0.38845571783001226,0.30658105307448436,0,1,0
2022-11-16,85.58999633789062,225668.0,92.86000061035156,22376.0,-0.015419723215384675,-0.01071132770446804,-0.3851931858901685,-0.32289666946432166,0.375513155462979,0.30224361054844556,0,1,0
2022-11-17,81.63999938964844,138476.0,89.77999877929688,29012.0,-0.047249080641357105,-0.0337307694074084,-0.4883678672329859,0.2597205816015074,0.39398341313266266,0.31174253036551425,0,1,0
2022-11-18,80.08000183105469,96583.0,87.62000274658203,34614.0,-0.019293172593227038,-0.02435290602491041,-0.36029428311850525,0.17654868700164136,0.3973376618233557,0.3216764742242652,0,1,0
2022-11-21,79.7300033569336,475104.0,87.44999694824219,39835.0,-0.004380189254109803,-0.001942147164834279,1.5931309851428679,0.140487698329522,0.39643092216760195,0.3173131747404914,0,1,0
2022-11-22,80.94999694824219,269615.0,88.36000061035156,23782.0,0.015185673806176454,0.010352218892034339,-0.5665387119649725,-0.5158169308169422,0.4012792145247803,0.32076762312932827,0,1,0
2022-11-23,77.94000244140625,379145.0,85.41000366210938,27071.0,-0.03789231118961153,-0.03395615262459436,0.34092370219452495,0.1295340521919023,0.4176170712973668,0.3378355279043898,0,1,0
2022-11-25,76.27999877929688,266451.0,83.62999725341797,12021.0,-0.021528566505445258,-0.02106095828350982,-0.35272835588203644,-0.8118079238851722,0.40224963822110443,0.32732370284122925,0,1,0
2022-11-28,77.23999786376953,405033.0,83.19000244140625,12583.0,0.012506665173971046,-0.005275096908218839,0.4187781834834838,0.04569157628771359,0.4018098196733114,0.31955052049885424,0,1,0
2022-11-29,78.19999694824219,381869.0,83.02999877929688,12182.0,0.012352178622964359,-0.0019252040711618236,-0.05889092741378603,-0.032387244195538,0.4063659107541983,0.3195129315070985,0,1,0
2022-11-30,80.55000305175781,287534.0,85.43000030517578,23710.0,0.029608538983256973,0.028495357163772675,-0.28373650374009407,0.6659374476630212,0.42213337781532767,0.34173321930653927,0,1,0
2022-12-01,81.22000122070312,321432.0,86.87999725341797,23123.0,0.008283389778253769,0.016830493836352312,0.11144489863822579,-0.025069106905483498,0.41507657576491147,0.3499157734638535,0,1,0
2022-12-02,79.9800033569336,280235.0,85.56999969482422,23562.0,-0.015384891896905036,-0.015193073708535596,-0.13715747587271002,0.018807451652096917,0.4086243613651271,0.3441323213417596,0,1,0
2022-12-05,76.93000030517578,346657.0,82.68000030517578,25039.0,-0.03888072395306297,-0.03435701235896121,0.21270728158292015,0.0607993645082664,0.42178780479196615,0.3569211195618751,0,1,0
2022-12-06,74.25,380598.0,79.3499984741211,26680.0,-0.03545814375496243,-0.04110931076192464,0.09340788152435522,0.06347961171522906,0.3810475624276758,0.3330584771877695,0,1,0
2022-12-07,72.01000213623047,392236.0,77.16999816894531,26919.0,-0.030632749756286597,-0.027857671000724088,0.030119999465425037,0.008918135936607402,0.38726777769610565,0.3381644648124976,0,1,0
2022-12-08,71.45999908447266,474459.0,76.1500015258789,33131.0,-0.00766718814300438,-0.013305657362989486,0.1903115081198427,0.20763704299539396,0.3802786534573373,0.33377683854251006,0,1,0
2022-12-09,71.0199966430664,356722.0,76.0999984741211,24479.0,-0.006176359536017363,-0.0006568545623075724,-0.285218440631,-0.30265379284287214,0.3695236258061441,0.32873778364915074,0,1,0
2022-12-12,73.16999816894531,323553.0,77.98999786376953,23020.0,0.02982399562377329,0.024532341134655678,-0.09759383334424705,-0.06145220384281551,0.38967791642247074,0.3424003496633268,0,1,0
2022-12-13,75.38999938964844,352858.0,80.68000030517578,30052.0,0.029889156256414372,0.0339101309172322,0.08670277611604,0.2665658112131776,0.3914709485578387,0.35525644328651507,0,1,0
2022-12-14,77.27999877929688,292488.0,82.69999694824219,27330.0,0.02476054198072616,0.024728848259542788,-0.18764206952424584,-0.09494421456693752,0.3936981842250045,0.36345564613710674,0,1,0
2022-12-15,76.11000061035156,224663.0,81.20999908447266,26470.0,-0.015255503809779651,-0.01818118410735895,-0.26382213855307146,-0.03197298370096673,0.3900667753445815,0.3625239288525205,0,1,0
2022-12-16,74.29000091552734,99205.0,79.04000091552734,24439.0,-0.024203304811224517,-0.027084315998039385,-0.8174130853898058,-0.07983179930299766,0.3938161526965159,0.36907408624493104,0,1,0
2022-12-19,75.19000244140625,69348.0,79.80000305175781,19676.0,0.01204191037235116,0.009569477675640188,-0.3580511091227924,-0.21678059800291885,0.3698026114005963,0.3609453806492536,0,1,0
2022-12-20,76.08999633789062,254792.0,79.98999786376953,19646.0,0.011898526200013675,0.0023780574561695464,1.3013102189072112,-0.0015258636804155058,0.3692486152387661,0.355290612027289,0,1,0
2022-12-21,78.29000091552734,234624.0,82.19999694824219,17234.0,0.02850309055409988,0.027253664781615162,-0.0824632932536673,-0.13098957843510275,0.3843271407609931,0.3717838297003508,0,1,0
2022-12-22,77.48999786376953,219142.0,80.9800033569336,16647.0,-0.010271024405837678,-0.014953012878251778,-0.06826431125584062,-0.03465415680570124,0.3810319655465932,0.37071001273531756,0,1,0
2022-12-23,79.55999755859375,237711.0,83.91999816894531,8621.0,0.02636255509138068,0.03566169021111702,0.08133572859358526,-0.658028932784086,0.3697860490136852,0.37855018322650114,0,1,0
2022-12-27,79.52999877929688,199601.0,84.33000183105469,7512.0,-0.0003771296793383892,0.004873753030527658,-0.17473527623007606,-0.1376993453218262,0.3607119229430035,0.3716917842173883,0,1,0
2022-12-28,78.95999908447266,207717.0,83.26000213623047,5384.0,-0.007192910089677919,-0.012769427875345952,0.039856202468195163,-0.3330701495635351,0.35992724056614606,0.3740320363470451,0,1,0
2022-12-29,78.4000015258789,199858.0,82.26000213623047,20599.0,-0.007117436711298444,-0.012083278652645926,-0.03856946197437926,1.3418109385855053,0.35853948799476193,0.3763525940184516,0,1,0
2022-12-30,80.26000213623047,205909.0,85.91000366210938,19375.0,0.023447444636044895,0.043415290505714015,0.02982720923889323,-0.061258955688521285,0.3527434609214803,0.39394554066266974,0,1,0
2023-01-03,76.93000030517578,338520.0,82.0999984741211,27559.0,-0.042375470017376494,-0.045362281404472925,0.4971488511843426,0.35234558577750313,0.38003938046174335,0.41910477804969515,0,1,0
2023-01-04,72.83999633789062,352434.0,77.83999633789062,24772.0,-0.05463071685444142,-0.05328260704164598,0.040280195877383254,-0.10661517794109923,0.4190139464292007,0.45283016250452085,0,1,0
2023-01-05,73.66999816894531,300731.0,78.69000244140625,28051.0,0.011330431256570664,0.010860722741391757,-0.15864719321499587,0.12431029888130841,0.40282054157422303,0.4422430734357829,0,1,0
2023-01-06,73.7699966430664,258128.0,78.56999969482422,23767.0,0.0013564635509059847,-0.0015261702689100644,-0.1527605915405046,-0.16572621805789328,0.38411659112672925,0.4191943632310025,0,1,0
2023-01-09,74.62999725341797,329290.0,79.6500015258789,29985.0,0.011590434949835204,0.013652112209752676,0.24348323555133242,0.23239919272124346,0.3696941302819153,0.40957576052705275,0,1,0
2023-01-10,75.12000274658203,307430.0,80.0999984741211,21541.0,0.006544337121958464,0.005633779511282356,-0.06869140241940666,-0.3307391607145105,0.3684318723469364,0.40618640337057627,0,1,0
2023-01-11,77.41000366210938,350891.0,82.66999816894531,29995.0,0.030029147061982935,0.03158092209098295,0.13222821487167316,0.3310726051990939,0.3790340535737513,0.4182926202260805,0,1,0
2023-01-12,78.38999938964844,307705.0,84.02999877929688,29360.0,0.012580341889957748,0.01631710629751283,-0.1313341021376539,-0.02139749735874156,0.36886035089224195,0.414145101878503,0,1,0
2023-01-13,79.86000061035156,283539.0,85.27999877929688,17857.0,0.01857874886330334,0.014766082690338429,-0.08179185194571355,-0.49723761553132717,0.3605679955355731,0.4015824400837891,0,1,0
2023-01-17,80.18000030517578,312275.0,85.91999816894531,36658.0,0.003999001742649654,0.007476663345923151,0.09653453000795345,0.7192360973346684,0.3516565646709374,0.394001349386055,0,1,0
2023-01-18,79.4800033569336,92549.0,84.9800033569336,26461.0,-0.008768651100673848,-0.011000635260100597,-1.2161459758611268,-0.32595973468204426,0.34840598569352366,0.3901753113886226,0,1,0
2023-01-19,80.33000183105469,58863.0,86.16000366210938,28822.0,0.01063771306005812,0.013790101162426991,-0.4525255240847718,0.0854670335485579,0.335993636410411,0.3770435628105132,0,1,0
2023-01-20,81.30999755859375,300145.0,87.62999725341797,24374.0,0.01212580721396317,0.01691729837309354,1.6290529813155283,-0.1676219940148592,0.33601993638229366,0.379237590213952,0,1,0
2023-01-23,81.62000274658203,297076.0,88.19000244140625,21194.0,0.0038053834346630346,0.006370231858754159,-0.010277692897849678,-0.1397988676486663,0.334706837448993,0.37921397431533527,0,1,0
2023-01-24,80.12999725341797,288207.0,86.12999725341797,26572.0,-0.01842408211510216,-0.023635854671285306,-0.030309026364885732,0.22613990705035045,0.32969468674425095,0.3819545995609803,0,1,0
2023-01-25,80.1500015258789,297234.0,86.12000274658203,19993.0,0.00024961657994953667,-0.00011604652362438913,0.030840735418148777,-0.28447581751329915,0.32712453171568645,0.37697298301495535,0,1,0
2023-01-26,81.01000213623047,291060.0,87.47000122070312,14187.0,0.010672732119007489,0.015554186998780214,-0.020990275891835858,-0.3430561599598471,0.3165069393920559,0.3610749971389395,0,1,0
2023-01-27,79.68000030517578,367588.0,86.66000366210938,10012.0,-0.016554013105999542,-0.009303432817319886,0.23343331428506425,-0.3485416787603207,0.32221311262379,0.36297480503491075,0,1,0
2023-01-30,77.9000015258789,327426.0,84.9000015258789,5879.0,-0.02259264464199529,-0.020518347280158923,-0.11570067042490698,-0.5323976941494099,0.33089773339824136,0.3677202926274226,0,1,0
2023-01-31,78.87000274658203,312734.0,84.48999786376953,30498.0,0.012374989769700837,-0.004840952409035302,-0.045909086379728625,1.6462744282727024,0.332975605742085,0.3653393347280204,0,1,0
2023-02-01,76.41000366210938,360859.0,82.83999633789062,28085.0,-0.031687336647495866,-0.019722166560562585,0.1431343113529143,-0.08242548170842444,0.3393649006492625,0.3380221336409023,0,1,0
2023-02-02,75.87999725341797,339755.0,82.16999816894531,24611.0,-0.006960516716146392,-0.008120742661005367,-0.06026253069210111,-0.13204212851830244,0.30739224034910917,0.2999274574501009,0,1,0
2023-02-03,73.38999938964844,413414.0,79.94000244140625,24743.0,-0.03336543063000143,-0.027513865835698557,0.1962247425533864,0.005349123262315676,0.26644218638693246,0.25159136378756725,0,1,0
2023-02-06,74.11000061035156,380028.0,80.98999786376953,31365.0,0.009762805958597316,0.013049280060765575,-0.08420457796339859,0.23715000082029727,0.2656830439425015,0.25275435617685954,0,1,0
2023-02-07,77.13999938964844,408279.0,83.69000244140625,24432.0,0.04007146066880467,0.03279386133237484,0.07170583001638799,-0.24979887307243,0.2993667177463726,0.27479576933491684,0,1,0
2023-02-08,78.47000122070312,353468.0,85.08999633789062,29853.0,0.01709445682786104,0.016589951606594107,-0.14415780633170308,0.20039158882485805,0.3021531651300225,0.27641353536128677,0,1,0
2023-02-09,78.05999755859375,324156.0,84.5,30520.0,-0.005238671219238274,-0.0069579424602668775,-0.08656807650229945,0.02209686911512144,0.302867666933614,0.2784199719302097,0,1,0
2023-02-10,79.72000122070312,356062.0,86.38999938964844,30882.0,0.02104278018052939,0.022120386942592603,0.0938799915929833,0.011791283482416147,0.2937883259438825,0.26771202229589475,0,1,0
2023-02-13,80.13999938964844,301299.0,86.61000061035156,19426.0,0.005254586934955847,0.0025433680843583014,-0.16700174581224225,-0.46356111491853363,0.29136167930044776,0.2626978930241473,0,1,0
2023-02-14,79.05999755859375,299938.0,85.58000183105469,19585.0,-0.013568070603816167,-0.01196365700558385,-0.004527340548500319,0.008151592137655832,0.28825980629070425,0.2619306548836651,0,1,0
2023-02-15,78.58999633789062,264486.0,85.37999725341797,21161.0,-0.005962608707684238,-0.0023397832235956817,-0.12578746679023758,0.07739589773483964,0.28837525414145715,0.2606834299953089,0,1,0
2023-02-16,78.48999786376953,117600.0,85.13999938964844,20089.0,-0.0012732173583038164,-0.002814895929692619,-0.8104992843762718,-0.05198746327262196,0.2869814575102673,0.2579779827419678,0,1,0
2023-02-17,76.33999633789062,93267.0,83.0,27191.0,-0.027774201576087686,-0.025456345434609125,-0.23182268792622676,0.3027136346153541,0.29864561806269563,0.26736879829745397,0,1,0
2023-02-21,76.16000366210938,402351.0,83.05000305175781,31936.0,-0.002360560778512077,0.0006022650087355925,1.4618584944490385,0.16084786393368708,0.2939306534503418,0.25883071109338646,0,1,0
2023-02-22,73.94999694824219,332018.0,80.5999984741211,20309.0,-0.029447290678574236,-0.02994424222425107,-0.19213565767306115,-0.4526697625780807,0.3063729059013432,0.2732204559170912,0,1,0
2023-02-23,75.38999938964844,333838.0,82.20999908447266,14474.0,0.019285484238734635,0.019778307446512242,0.005466661057233048,-0.3387102011070367,0.3128675274453217,0.2758565969740199,0,1,0
2023-02-24,76.31999969482422,329254.0,83.16000366210938,13365.0,0.012260391013708292,0.011489568999125942,-0.013826355998833454,-0.07971458685305358,0.31713023147156133,0.2798712659392821,0,1,0
2023-02-27,75.68000030517578,266091.0,82.44999694824219,5691.0,-0.008421094365324252,-0.008574495034549408,-0.21299113383248264,-0.8537533699698955,0.31414840919649556,0.27357621852605274,0,1,0
2023-02-28,77.05000305175781,300093.0,83.88999938964844,24882.0,0.017940672597550784,0.017314397590414445,0.12025407107593482,1.4752586708713125,0.31842609384943743,0.28105774704372566,0,1,0
2023-03-01,77.69000244140625,342121.0,84.30999755859375,26723.0,0.008271979013680026,0.004994043394505118,0.13107204904319134,0.07137996732283092,0.31064047783644216,0.27314300562676425,0,1,0
2023-03-02,78.16000366210938,260331.0,84.75,17997.0,0.006031474201232518,0.005205293283469009,-0.2732105773960287,-0.3953195404760645,0.3081908770392407,0.27327044377888166,0,1,0
2023-03-03,79.68000030517578,374201.0,85.83000183105469,27594.0,0.019260562517824452,0.012662870803073278,0.3628391879408446,0.42739328044677605,0.29325718569878845,0.2665473654175599,0,1,0
2023-03-06,80.45999908447266,292351.0,86.18000030517578,24587.0,0.009741538036617536,0.004069518665203052,-0.246837951030756,-0.11538050981378387,0.2925367958658144,0.26422981329980727,0,1,0
2023-03-07,77.58000183105469,398241.0,83.29000091552734,26092.0,-0.036450469529008156,-0.03410963078954278,0.3091022144913629,0.059410905961791646,0.2974943370069632,0.2743897638904249,0,1,0
2023-03-08,76.66000366210938,335930.0,82.66000366210938,23661.0,-0.011929577890763479,-0.007592651552424669,-0.1701545447392757,-0.097800630849886,0.3004297943395285,0.27318813585839624,0,1,0
2023-03-09,75.72000122070312,349960.0,81.58999633789062,25018.0,-0.0123377652608065,-0.013029192830452355,0.040916057312596316,0.05576744270858609,0.2691161225217252,0.2511626538172053,0,1,0
2023-03-10,76.68000030517578,371834.0,82.77999877929688,26753.0,0.012598579694905953,0.014479811017817028,0.06062865588278045,0.06705105079388754,0.2657613008878903,0.2493783905016523,0,1,0
2023-03-13,74.80000305175781,457423.0,80.7699966430664,38195.0,-0.02482299637797327,-0.024580903681667994,0.20716104641875674,0.3560580004068859,0.2779833313372866,0.26158053298108025,0,1,0
2023-03-14,71.33000183105469,432858.0,77.44999694824219,33198.0,-0.04750090381919502,-0.04197304043262951,-0.05519883489544022,-0.14021498384929532,0.3062637554053126,0.28021397739220116,0,1,0
2023-03-15,67.61000061035156,555164.0,73.69000244140625,46598.0,-0.05356111183001665,-0.04976538955026066,0.24885383594757404,0.3390679886116136,0.3459366941510572,0.3180325699588618,0,1,0
2023-03-16,68.3499984741211,327120.0,74.69999694824219,29873.0,0.010885630715347722,0.01361291337557783,-0.5289364895353479,-0.44460255935161835,0.3513915480106564,0.3259477464796497,0,1,0
2023-03-17,66.73999786376953,152255.0,72.97000122070312,34734.0,-0.023837099530488595,-0.023431636778888522,-0.7647703292831294,0.1507639719208995,0.3561930360472718,0.33073023275936797,0,1,0
2023-03-20,67.63999938964844,76873.0,73.79000091552734,22185.0,0.013395073691870074,0.011174818971111798,-0.6834020372451669,-0.4483026494940498,0.36312754371446443,0.3367126279739485,0,1,0
2023-03-21,69.33000183105469,409495.0,75.31999969482422,18784.0,0.02467822435826142,0.02052246625975256,1.6727699836782808,-0.16641094118518693,0.37084882191831664,0.34226106343849,0,1,0
2023-03-22,70.9000015258789,337639.0,76.69000244140625,19933.0,0.02239271569453471,0.018025653874279325,-0.19294741582962968,0.05937120609494258,0.3824527802698474,0.35082763894028773,0,1,0
2023-03-23,69.95999908447266,335241.0,75.91000366210938,18685.0,-0.013346817995684641,-0.010222877340052953,-0.007127601212888134,-0.06465558680318143,0.3725799533519735,0.33874925080019896,0,1,0
2023-03-24,69.26000213623047,380852.0,74.98999786376953,18941.0,-0.01005606724604635,-0.012193733445028545,0.12756117205247197,0.013607821737157293,0.36460140491930626,0.32982150510369623,0,1,0
2023-03-27,72.80999755859375,353598.0,78.12000274658203,13874.0,0.049985705057510155,0.040891398340551235,-0.07425017357743009,-0.311312299711495,0.40682613845309024,0.3618175982865985,0,1,0
2023-03-28,73.19999694824219,328472.0,78.6500015258789,17782.0,0.005342104401159677,0.006761507738184953,-0.07370907626786999,0.24817012473583774,0.4069858708051466,0.36272731289620014,0,1,0
2023-03-29,72.97000122070312,312669.0,78.27999877929688,11027.0,-0.003146964770220413,-0.00471552197134874,-0.04930647537418889,-0.47783989892240586,0.40074531041344674,0.3557181382948434,0,1,0
2023-03-30,74.37000274658203,269743.0,79.2699966430664,6818.0,0.019004257140160793,0.012567577567153402,-0.14767546914895904,-0.4807806370608301,0.40609956052741447,0.358895332237036,0,1,0
2023-03-31,75.66999816894531,304361.0,79.7699966430664,38477.0,0.01732908486201034,0.006287747339412377,0.12074484303790958,1.7304944864645921,0.41080133586808487,0.3592241321036388,0,1,0
2023-04-03,80.41999816894531,547126.0,84.93000030517578,37587.0,0.06088112219194424,0.06267993954480063,0.5864646263594944,-0.023402414248778095,0.45974256366650157,0.42267938800368765,0,1,0
2023-04-04,80.70999908447266,343570.0,84.94000244140625,32987.0,0.003599593292382364,0.00011776224265966554,-0.4652882477735355,-0.13054470147349184,0.45866793419199114,0.42236242014313546,0,1,0
2023-04-05,80.61000061035156,254974.0,84.98999786376953,28362.0,-0.001239753125691826,0.0005884237476141602,-0.29822929629598743,-0.15106332341887915,0.43906703204647585,0.40449446776541054,0,1,0
2023-04-11,81.52999877929688,309683.0,85.61000061035156,28189.0,0.022199720539117694,0.01684473891613557,0.15617414756360093,0.6827364853646973,0.4401391931258229,0.40352692387164696,0,1,0
2023-04-12,83.26000213623047,356133.0,87.33000183105469,36337.0,0.020997231721794976,0.01989196150887995,0.1397550629464826,0.2539046749757748,0.4322983625196964,0.3965170990326936,0,1,0
2023-04-13,82.16000366210938,261230.0,86.08999633789062,26363.0,-0.013299657230972449,-0.01430084926100474,-0.30990301126361214,-0.3208749939406152,0.3944379494996807,0.3668137248794944,0,1,0
2023-04-14,82.5199966430664,275129.0,86.30999755859375,28360.0,0.004372037329607262,0.0025522198133720053,0.051838833262305,0.07301818970413666,0.3283822045936844,0.3084594680886163,0,1,0
2023-04-17,80.83000183105469,217048.0,84.76000213623047,30271.0,-0.020692441123898137,-0.018121679341700548,-0.23712155135048044,0.06521045683327373,0.34451439866437716,0.3199464172662258,0,1,0
2023-04-18,80.86000061035156,96290.0,84.7699966430664,27241.0,0.0003710653619657546,0.00011790841643929448,-0.8127540559842438,-0.10546696717018066,0.3260506520982078,0.30256372558954675,0,1,0
2023-04-19,79.16000366210938,78310.0,83.12000274658203,30732.0,-0.021248104764392216,-0.01965628718527541,-0.20668916248934632,0.12058126567836874,0.3420454141857774,0.3159350184857189,0,1,0
2023-04-20,77.29000091552734,361413.0,81.0999984741211,26114.0,-0.023906574032350608,-0.024602437527963324,1.5293460399713543,-0.1628328880195416,0.35252745935407565,0.3276585844094185,0,1,0
2023-04-21,77.87000274658203,291114.0,81.66000366210938,17805.0,0.007476211896137108,0.006881388430661271,-0.21630640570039472,-0.38299225225610584,0.3470933277078568,0.32369277401541513,0,1,0
2023-04-24,78.76000213623047,306720.0,82.7300033569336,16684.0,0.011364476033946481,0.013018003041825897,0.0522203362635284,-0.06502914039504222,0.3416277780325615,0.3217455560645665,0,1,0
2023-04-25,77.06999969482422,361646.0,80.7699966430664,17134.0,-0.02169118506403655,-0.02397676588650626,0.1647305535192577,0.026614617207153343,0.3506234399903713,0.3316978798860253,0,1,0
2023-04-26,74.30000305175781,497778.0,77.69000244140625,15436.0,-0.036603103033010724,-0.0388789875052618,0.3194883616846911,-0.10436234986647985,0.33902744258465584,0.3336021991308545,0,1,0
2023-04-27,74.76000213623047,345880.0,78.37000274658203,8926.0,0.006172018364703903,0.008714655723814189,-0.36406230040905374,-0.5477340774682941,0.339174617548993,0.3341884770723245,0,1,0
2023-04-28,76.77999877929688,328399.0,79.54000091552734,26788.0,0.026661162512066235,0.014818815178703067,-0.051862561585584076,1.0989856598407257,0.35011930259580437,0.3376734152027207,0,1,0
2023-05-01,75.66000366210938,215017.0,79.30999755859375,12551.0,-0.014694506066871485,-0.002895857977674831,-0.42351223773739,-0.7581536823694947,0.34947156063053003,0.33509959181860216,0,1,0
2023-05-02,71.66000366210938,417820.0,75.31999969482422,35700.0,-0.05431690462630695,-0.051618493574917,0.6643336230016479,1.0453503451072843,0.392325582487079,0.3786674922291856,0,1,0
2023-05-03,68.5999984741211,490523.0,72.33000183105469,34878.0,-0.04364025049205437,-0.04050669356075285,0.16042145106279418,-0.023294430838324838,0.3432630672669815,0.31790609925453317,0,1,0
2023-05-04,68.55999755859375,412495.0,72.5,30132.0,-0.0005832738089589101,0.0023475556841534148,-0.1732480843445455,-0.14626852798382026,0.34185102127212164,0.3186852107589552,0,1,0
2023-05-05,71.33999633789062,330585.0,75.30000305175781,20363.0,0.039747889917812196,0.0378936134732101,-0.22136027218238744,-0.39186820139507045,0.37916507782480047,0.3548276739985209,0,1,0
2023-05-08,73.16000366210938,290076.0,77.01000213623047,17211.0,0.025191744981273616,0.022455135956969324,-0.13072085469480044,-0.16817081428053424,0.3936095028839486,0.3674285173493139,0,1,0
2023-05-09,73.70999908447266,317493.0,77.44000244140625,24836.0,0.0074895892016972705,0.005568163203936219,0.09031281323364361,0.3667454992148027,0.3948338852448474,0.3683437264784578,0,1,0
2023-05-10,72.55999755859375,351506.0,76.41000366210938,30289.0,-0.01572469062037348,-0.013389848908174986,0.10177100996070637,0.1984903967954146,0.3851729967561729,0.36164157586806683,0,1,0
2023-05-11,70.87000274658203,365892.0,74.9800033569336,32136.0,-0.023566520582779076,-0.018892169507751317,0.04011142708258879,0.05919228675891993,0.377327801669234,0.35228164158991027,0,1,0
2023-05-12,70.04000091552734,275435.0,74.16999816894531,26553.0,-0.011780731088234459,-0.010861725017620418,-0.28398654179714206,-0.19083416140213155,0.37707898707558335,0.3516164617854285,0,1,0
2023-05-15,71.11000061035156,259013.0,75.2300033569336,24312.0,0.015161461989485866,0.014190401133203993,-0.06147341260165912,-0.08817268004035766,0.3831979239409742,0.35789579269572425,0,1,0
2023-05-16,70.86000061035156,232328.0,74.91000366210938,23070.0,-0.003521874427818382,-0.004262690347822648,-0.10872808718484252,-0.052436983428829596,0.3801200374755748,0.3554578960751206,0,1,0
2023-05-17,72.83000183105469,273708.0,76.95999908447266,31285.0,0.027421875320501887,0.026998352614726148,0.16391167839715043,0.3046056772646645,0.3972384386911358,0.37294200377526054,0,1,0
2023-05-18,71.86000061035156,80864.0,75.86000061035156,20152.0,-0.01340819319232004,-0.014396250154790055,-1.2192931134966258,-0.4398352104000178,0.3941091641471012,0.37070520861689016,0,1,0
2023-05-19,71.55000305175781,69949.0,75.58000183105469,22388.0,-0.004323241524433219,-0.003697822158463732,-0.14500232612214245,0.10522156197880408,0.38781423346983623,0.36331615368129105,0,1,0
2023-05-22,71.98999786376953,263977.0,75.98999786376953,22801.0,0.006130642152662373,0.005410002421646738,1.3280955730552804,0.018279293618598418,0.38735448665056427,0.3628291457296114,0,1,0
2023-05-23,72.91000366210938,317586.0,76.83999633789062,30676.0,0.012698663238922174,0.011123565671762762,0.1848866696579466,0.2966761952549013,0.3880369211248295,0.3618051743430207,0,1,0
2023-05-24,74.33999633789062,386611.0,78.36000061035156,33849.0,0.019423261561333362,0.019588310623949088,0.19667037175416113,0.09842886692180591,0.39011711208893135,0.3622380836476904,0,1,0
2023-05-25,71.83000183105469,422637.0,76.26000213623047,36272.0,-0.034346874029264264,-0.02716501842352968,0.08909463504020172,0.06913663694075443,0.3876453939335544,0.34901586527274986,0,1,0
2023-05-26,72.66999816894531,261498.0,76.94999694824219,15522.0,0.01162637785348642,0.0090072381840356,-0.4800870192990575,-0.848787721333226,0.38948116904596436,0.3491187162241896,0,1,0
2023-05-30,69.45999908447266,440862.0,73.54000091552734,13840.0,-0.04517758529641315,-0.04532633230341153,0.5223052660133068,-0.11469542224242353,0.40362760352823657,0.3761823451687971,0,1,0
2023-05-31,68.08999633789062,444787.0,72.66000366210938,34611.0,-0.019920728423778573,-0.012038411128825931,0.008863614585081265,0.9166086004237387,0.4056475359654986,0.37725708600303876,0,1,0
2023-06-01,70.0999984741211,395393.0,74.27999877929688,31338.0,0.029092466561861888,0.022050642857019537,-0.11771530890205552,-0.09934013193104566,0.3800228648606758,0.3454888533502877,0,1,0
2023-06-02,71.73999786376953,322596.0,76.12999725341797,26080.0,0.023125670053368873,0.024600649189896188,-0.20347944063031373,-0.18366268162376445,0.35531434336150874,0.32381616078417713,0,1,0
2023-06-05,72.1500015258789,383943.0,76.70999908447266,34658.0,0.00569886404184349,0.007589696795694742,0.17409333771159832,0.2843598421596014,0.3553760433146378,0.32430646755568066,0,1,0
2023-06-06,71.73999786376953,314962.0,76.29000091552734,27997.0,-0.005698864041843443,-0.005490185933531259,-0.19804210744177,-0.21343121764019857,0.32914866255377473,0.2987826987939515,0,1,0
2023-06-07,72.52999877929688,299127.0,76.94999694824219,35446.0,0.01095181021826159,0.00861394052315809,-0.051583764253845824,0.23591305005509283,0.3191045737816589,0.2897493461670656,0,1,0
2023-06-08,71.29000091552734,485396.0,75.95999908447266,45284.0,-0.017244174573166782,-0.012948946734587451,0.48409682025808426,0.244943357582915,0.3228683166808298,0.29232462215767463,0,1,0
2023-06-09,70.16999816894531,300724.0,74.79000091552734,25616.0,-0.015835234802188534,-0.015522675446445994,-0.4787721520548502,-0.5697366129615042,0.3229295167114525,0.29356183644725664,0,1,0
2023-06-12,67.12000274658203,404769.0,71.83999633789062,33191.0,-0.044438740090224194,-0.04024282542685017,0.2971236334357021,0.25906159858073385,0.3479481255796323,0.3182206725467997,0,1,0
2023-06-13,69.41999816894531,366354.0,74.29000091552734,28142.0,0.03369288097774668,0.033534992469377495,-0.09971645494620446,-0.16501563246902876,0.3678977494773268,0.339181816465035,0,1,0
2023-06-14,68.2699966430664,304449.0,73.19999694824219,26201.0,-0.016704601798411153,-0.014780986210825861,-0.18509649362931266,-0.07146554438845869,0.367449411907427,0.33883991808857356,0,1,0
2023-06-15,70.62000274658203,115613.0,75.66999816894531,21211.0,0.033843047133893404,0.03318637723195084,-0.9682551787746981,-0.2112776629405259,0.38766483095218934,0.35895431854446114,0,1,0
2023-06-16,71.77999877929688,99185.0,76.61000061035156,20871.0,0.016292439320637658,0.01234586798719033,-0.15326161348282397,-0.016159279427465315,0.3795185039291599,0.3487593616859617,0,1,0
2023-06-20,70.5,430492.0,75.9000015258789,34421.0,-0.017993158895064698,-0.009310919990335008,1.4679419474720734,0.5003062076279875,0.38177985219580984,0.3465924855663048,0,1,0
2023-06-21,72.52999877929688,264656.0,77.12000274658203,22470.0,0.028387542726777716,0.015945981411292585,-0.4864978711522801,-0.4264857570403637,0.3946924254089292,0.35059087637338376,0,1,0
2023-06-22,69.51000213623047,421348.0,74.13999938964844,30975.0,-0.04252959469989951,-0.03940749642651613,0.4650282260595516,0.3209993413179684,0.4212750403783693,0.37681827665189044,0,1,0
2023-06-23,69.16000366210938,322475.0,73.8499984741211,15800.0,-0.005047944078749438,-0.003919201174645718,-0.26743348170821707,-0.673170487482285,0.4181224422163517,0.37422698081673833,0,1,0
2023-06-26,69.37000274658203,280116.0,74.18000030517578,20960.0,0.003031823224082698,0.0044585878599135926,-0.14082181076029673,0.28260591941992025,0.41108253368275255,0.36688381494646227,0,1,0
2023-06-27,67.69999694824219,384752.0,72.26000213623047,15262.0,-0.024368402149869475,-0.026223820892829104,0.3173951677952118,-0.31724978058540004,0.4029583811269441,0.3661037746374462,0,1,0
2023-06-28,69.55999755859375,368295.0,74.02999877929688,12437.0,0.02710351954766955,0.024199644683097894,-0.043714723416469196,-0.20469017819583743,0.413381568584493,0.37580890613621126,0,1,0
2023-06-29,69.86000061035156,292865.0,74.33999633789062,6372.0,0.004303593727232923,0.004178715641773948,-0.22917249548411078,-0.6687625086238019,0.38279103981531326,0.34116513116695607,0,1,0
2023-06-30,70.63999938964844,299873.0,74.9000015258789,29055.0,0.01110329953992615,0.0075047952879110525,0.023647299706480614,1.5172771934792668,0.3772147303969394,0.33881317389712723,0,1,0
2023-07-03,69.79000091552734,303479.0,74.6500015258789,24066.0,-0.012105801508016404,-0.003343366469748668,0.011953363662373092,-0.1883905295110981,0.3664320867074457,0.3306766239330604,0,1,0
2023-07-05,71.79000091552734,456809.0,76.6500015258789,35538.0,0.028254457193867853,0.026439080799278942,0.4089529450700322,0.38980249050691224,0.3709505250959361,0.33243997408836357,0,1,0
2023-07-06,71.80000305175781,395381.0,76.5199966430664,29695.0,0.00013931521652338637,-0.0016975245228833234,-0.14441550344742457,-0.17962386505505962,0.3703801142530261,0.3314377067193075,0,1,0
2023-07-07,73.86000061035156,362632.0,78.47000122070312,26656.0,0.02828689913027681,0.0251643009936496,-0.0864613110333585,-0.10796441548339132,0.38256945871307496,0.34201961953770216,0,1,0
2023-07-10,72.98999786376953,301014.0,77.69000244140625,21082.0,-0.011849001491944946,-0.009989821308381957,-0.18623177064848706,-0.2345946701514348,0.38353885303784374,0.3431053181164167,0,1,0
2023-07-11,74.83000183105469,326883.0,79.4000015258789,22736.0,0.02489648236569345,0.021771807083405235,0.08244553341192942,0.07552997552174738,0.38701422448017736,0.34707205915070327,0,1,0
2023-07-12,75.75,352887.0,80.11000061035156,25367.0,0.012219545827684955,0.008902310375235674,0.07654558366456546,0.10949954536291637,0.3826200729329049,0.3417095747918923,0,1,0
2023-07-13,76.88999938964844,379728.0,81.36000061035156,28794.0,0.01493737671662713,0.015483061396223408,0.07330731457550495,0.1267179153865022,0.34170118820309975,0.30483124807407924,0,1,0
2023-07-14,75.41999816894531,299576.0,79.87000274658203,23286.0,-0.019303353554000074,-0.018483411924714224,-0.23708706532188642,-0.2123147104893392,0.33779894051508713,0.29866571354072075,0,1,0
2023-07-17,74.1500015258789,244785.0,78.5,29152.0,-0.016982378389892278,-0.017301722529090367,-0.20198786737425625,0.22467119946272363,0.33801422192096003,0.30072488741403564,0,1,0
2023-07-18,75.75,125092.0,79.62999725341797,30304.0,0.021348355227265157,0.014292246989190247,-0.6713308076638838,0.03875619592611995,0.32666459649513446,0.28373073527989684,0,1,0
2023-07-19,75.3499984741211,92920.0,79.45999908447266,33372.0,-0.005294539567523786,-0.0021371329129644834,-0.2973105586849155,0.09643750803616045,0.32443076403980986,0.28178155462247734,0,1,0
2023-07-20,75.62999725341797,340962.0,79.63999938964844,24867.0,0.0037090887299437904,0.0022627326675251384,1.3000321262216035,-0.2941756017623292,0.31591567191126635,0.27890027422846264,0,1,0
2023-07-21,77.06999969482422,308106.0,81.06999969482422,23563.0,0.0188611022782814,0.017796503703153162,-0.10132715451412005,-0.05386393813526251,0.30802568739954644,0.28011293447268276,0,1,0
2023-07-24,78.73999786376953,368285.0,82.73999786376953,28032.0,0.02143716255522998,0.02039015997940446,0.1784132153442715,0.17366902961174469,0.2660155497936367,0.24167103022174607,0,1,0
2023-07-25,79.62999725341797,349600.0,83.63999938964844,22083.0,0.011239613392143006,0.010818732048397329,-0.05206745117258301,-0.2385386330093023,0.26351259062535304,0.24003091918981606,0,1,0
2023-07-26,78.77999877929688,322031.0,82.91999816894531,19315.0,-0.010731729729882442,-0.008645601777673694,-0.08214182957902262,-0.13392608562643393,0.27016442239315086,0.24527674924612902,0,1,0
2023-07-27,80.08999633789062,374358.0,84.23999786376953,18467.0,0.016491814562992667,0.015793576981463792,0.15056474462131048,-0.044896640654509,0.2483843374916587,0.21900564525666585,0,1,0
2023-07-28,80.58000183105469,299547.0,84.98999786376953,11121.0,0.006099545875976461,0.008863734908595756,-0.22294122536641875,-0.5071501426270306,0.23849301948729237,0.21037218868216648,0,1,0
2023-07-31,81.80000305175781,297270.0,85.55999755859375,23446.0,0.015026778429613846,0.0066842783043151765,-0.007630516718331786,0.7458646918129316,0.23985275330655959,0.2101916402360986,0,1,0
2023-08-01,81.37000274658203,307859.0,84.91000366210938,27179.0,-0.0052705924534539855,-0.007625940539192455,0.0350010692080204,0.14774471163788172,0.24344480947247588,0.21591328885143077,0,1,0
2023-08-02,79.48999786376953,414825.0,83.19999694824219,32246.0,-0.023375487751982435,-0.020344603993196275,0.2982148586019133,0.1709493882540299,0.2571766378056123,0.23254801064866673,0,1,0
2023-08-03,81.55000305175781,402641.0,85.13999938964844,30333.0,0.025585165778128107,0.02304964208382635,-0.02981139847564499,-0.061157775764176296,0.2544437372262963,0.2289087606325379,0,1,0
2023-08-04,82.81999969482422,320873.0,86.23999786376953,22130.0,0.015453207943668348,0.012837129158718088,-0.2269999398580857,-0.31530207471441346,0.2554741995309356,0.22908588975347266,0,1,0
2023-08-07,81.94000244140625,293036.0,85.33999633789062,19591.0,-0.01068227251884067,-0.010490847542064018,-0.09074993785137403,-0.12186387695706317,0.24977768519129198,0.22414706478431326,0,1,0
2023-08-08,82.91999816894531,424545.0,86.16999816894531,26377.0,0.011888963571621945,0.00967883315448493,0.3707225388364411,0.29742214119931926,0.243116220399705,0.21897910621577293,0,1,0
2023-08-09,84.4000015258789,478140.0,87.55000305175781,29154.0,0.01769115419565046,0.01588802558682774,0.11888556943752414,0.10009970634660649,0.23729900521033453,0.21417418478542088,0,1,0
2023-08-10,82.81999969482422,362188.0,86.4000015258789,28721.0,-0.018897845248431876,-0.01322240011852869,-0.27774016260416245,-0.01496356213645861,0.2506834315713123,0.22220578041752875,0,1,0
2023-08-11,83.19000244140625,331254.0,86.80999755859375,33204.0,0.004457603210535083,0.004734100809510832,-0.08927796133432717,0.1450417880774268,0.24766392743433913,0.21804337384663078,0,1,0
2023-08-14,82.51000213623047,277352.0,86.20999908447266,24768.0,-0.008207653636332482,-0.006935624678057439,-0.1775979951188766,-0.2931178531854725,0.2374211271626431,0.20704080599448377,0,1,0
2023-08-15,80.98999786376953,303207.0,84.88999938964844,29945.0,-0.018593860122389717,-0.01542987604213354,0.08912828299260878,0.18980986830910912,0.23929760037274977,0.20474430534525667,0,1,0
2023-08-16,79.37999725341797,325403.0,83.44999694824219,31925.0,-0.020079251129936113,-0.01710868002201762,0.07064867359173395,0.06402703620217727,0.24486241664246494,0.21305347243642306,0,1,0
2023-08-17,80.38999938964844,235581.0,84.12000274658203,33977.0,0.01264336999299781,0.007996769947312255,-0.3230096108005428,0.062294423199855294,0.24580061606992976,0.2133273424275996,0,1,0
2023-08-18,81.25,128090.0,84.80000305175781,26072.0,0.010641038462359106,0.008051195300307125,-0.6093216615211008,-0.26482188358319786,0.2471920517312976,0.21411405348299115,0,1,0
2023-08-21,80.72000122070312,115874.0,84.45999908447266,27958.0,-0.006544430041808612,-0.004017540119543759,-0.10022974798347663,0.06984144251367634,0.2428151055692003,0.2083637010031092,0,1,0
2023-08-22,80.3499984741211,287489.0,84.02999877929688,27081.0,-0.004594317974920206,-0.005104175252888194,0.908681204776306,-0.03187100906480927,0.23339588611198653,0.19841474706075637,0,1,0
2023-08-23,78.88999938964844,378146.0,83.20999908447266,35103.0,-0.018337603822861738,-0.00980634150340838,0.2740957657971817,0.25945422192080303,0.23940004573614676,0.19807317237084565,0,1,0
2023-08-24,79.05000305175781,349230.0,83.36000061035156,27997.0,0.002026132890635851,0.0018010634172059656,-0.07954963350479662,-0.2261892353270755,0.23655494609764932,0.1957835131483179,0,1,0
2023-08-25,79.83000183105469,411409.0,84.4800033569336,20715.0,0.009818794333739538,0.01334627436744794,0.1638571225705126,-0.30123928604849004,0.2318333999482042,0.19350600999271333,0,1,0
2023-08-28,80.0999984741211,246584.0,84.41999816894531,14607.0,0.003376438430007358,-0.0007105410298489207,-0.5118851472741308,-0.3493572096606916,0.23109850490902528,0.1908892216206927,0,1,0
2023-08-29,81.16000366210938,284168.0,85.48999786376953,14579.0,0.013146725055070738,0.012595066385536209,0.14186290633602464,-0.0019187287459887332,0.22961604055582704,0.19468258748612383,0,1,0
2023-08-30,81.62999725341797,299418.0,85.86000061035156,12280.0,0.005774247736830996,0.00431868485503026,0.052274977858193995,-0.17161021440368843,0.22983587432764446,0.19320892187988603,0,1,0
2023-08-31,83.62999725341797,368848.0,86.86000061035156,33559.0,0.02420546673482652,0.011579564228420476,0.20854404463838044,1.0053331610582277,0.22755571428402102,0.18101457093553996,0,1,0
2023-09-01,85.55000305175781,420461.0,88.55000305175781,33224.0,0.022698761459047576,0.01926976455899154,0.13096709332443549,-0.010032577448771571,0.22404561126353262,0.1758904458793714,0,1,0
2023-09-05,86.69000244140625,452908.0,90.04000091552734,46893.0,0.013237529032623712,0.01668662751402838,0.07433728596796235,0.3445959042529914,0.22253051845238742,0.17938551439716996,0,1,0
2023-09-06,87.54000091552734,307115.0,90.5999984741211,25396.0,0.009757277178099374,0.006200170000464537,-0.3884667440709441,-0.6132767292732403,0.21888535915403506,0.17391374613669675,0,1,0
2023-09-07,86.87000274658203,270736.0,89.91999816894531,22300.0,-0.007683062332156812,-0.007533830424774866,-0.12607809395242295,-0.1300050028421304,0.21953680490600438,0.17560872848381193,0,1,0
2023-09-08,87.51000213623047,294437.0,90.6500015258789,27150.0,0.007340317070030951,0.008085588251272815,0.08392088197928878,0.19679036791387142,0.21317958831398312,0.16983486200883674,0,1,0
2023-09-11,87.29000091552734,292388.0,90.63999938964844,29901.0,-0.002517177723412052,-0.00011034404754931107,-0.006983370943769229,0.09651487827348432,0.2003827901175044,0.16121570126577522,0,1,0
2023-09-12,88.83999633789062,341137.0,92.05999755859375,31070.0,0.01760103856922371,0.015544901883414508,0.15420246876876745,0.0383507987515271,0.2070594156296657,0.1675147673008684,0,1,0
2023-09-13,88.5199966430664,345972.0,91.87999725341797,31803.0,-0.003608480544858315,-0.0019571639416125454,0.014073690797082207,0.023317901554114173,0.2044835381086324,0.16473524030368264,0,1,0
2023-09-14,90.16000366210938,325270.0,93.69999694824219,36699.0,0.018357433089449215,0.019614808747168887,-0.06170224026488372,0.14318888177381875,0.19433628902688113,0.15990633493927242,0,1,0
2023-09-15,90.7699966430664,315003.0,93.93000030517578,35162.0,0.0067428872062673595,0.002451670580472073,-0.03207344407295069,-0.04278355271229121,0.17139269095210513,0.13932116975781347,0,1,0
2023-09-18,91.4800033569336,119258.0,94.43000030517578,33918.0,0.007791608294717611,0.005308995251350648,-0.9712929491176386,-0.03602010709938907,0.1699786414969053,0.1390575599212773,0,1,0
2023-09-19,91.19999694824219,94597.0,94.33999633789062,43614.0,-0.0030655422323710565,-0.000953583468834282,-0.23166345039075853,0.2514323528093447,0.17203859454873005,0.1404719037222758,0,1,0
2023-09-20,90.27999877929688,457854.0,93.52999877929688,43515.0,-0.010138925189995375,-0.008623011642911986,1.5769245929199183,-0.0022724934890763254,0.17562296639647776,0.14505975546224859,0,1,0
2023-09-21,89.62999725341797,351032.0,93.30000305175781,38711.0,-0.007225883702320368,-0.0024620868326142493,-0.26567296859985085,-0.11698190886753217,0.17772074226045603,0.14304843980850626,0,1,0
2023-09-22,90.02999877929688,402087.0,93.2699966430664,31511.0,0.00445287983582428,-0.00032166381518153125,0.13579109571301493,-0.20578710615149726,0.15587410067503735,0.13419191592863322,0,1,0
2023-09-25,89.68000030517578,328369.0,93.29000091552734,18626.0,-0.003895152394691035,0.00021445403944449448,-0.20253050706863807,-0.5257782371229814,0.1592284605301842,0.13484422354991923,0,1,0
2023-09-26,90.38999938964844,318016.0,93.95999908447266,18509.0,0.00788585289105018,0.00715621926026553,-0.032036280065997666,-0.006301353824886418,0.15878574125575498,0.13189721631635354,0,1,0
2023-09-27,93.68000030517578,504630.0,96.55000305175781,23665.0,0.035751087489206496,0.02719189043566586,0.4617237914919451,0.24574006308363164,0.18899342854670492,0.15059469170893208,0,1,0
2023-09-28,91.70999908447266,406709.0,95.37999725341797,9192.0,-0.02125330795910164,-0.01219215640870612,-0.21572754546981066,-0.9456636228117568,0.21210148612964363,0.16179524841303025,0,1,0
2023-09-29,90.79000091552734,355782.0,95.30999755859375,47666.0,-0.010082257120324335,-0.000734172739764712,-0.1337797582692078,1.6458848149335519,0.21913980735673513,0.16308872605369448,0,1,0
2023-10-02,88.81999969482422,334493.0,90.70999908447266,38153.0,-0.02193731103961071,-0.04946711680015964,-0.06170223113981943,-0.22261396388189303,0.22652798845583075,0.2472927801914389,0,0,0
2023-10-03,89.2300033569336,350659.0,90.91999816894531,50094.0,0.0046054971051253885,0.002312384311208917,0.04719828867971063,0.27229684884180516,0.21494437221381635,0.2392747585878034,0,0,0
2023-10-04,84.22000122070312,459995.0,85.80999755859375,49185.0,-0.05778490630519061,-0.05784445747743051,0.27140137858617586,-0.01831254147519718,0.29432752372426074,0.3081115475559555,0,0,0
2023-10-05,82.30999755859375,465997.0,84.06999969482422,44895.0,-0.022939859904561943,-0.020485739850541352,0.01296357647783386,-0.09126226899194928,0.3004730680310827,0.3126786768802986,0,0,0
2023-10-06,82.79000091552734,461139.0,84.58000183105469,41254.0,0.00581471488570491,0.0060480721759471005,-0.010479680349405666,-0.08457835219636942,0.3014213091653681,0.3140417120667036,0,0,0
2023-10-09,86.37999725341797,435037.0,88.1500015258789,37096.0,0.042448843526906935,0.041342072460773795,-0.05826843104451055,-0.10623893068724287,0.3378861331388779,0.3480138101096727,0,0,1
2023-10-10,85.97000122070312,337654.0,87.6500015258789,29704.0,-0.004757723350522214,-0.005688297377890518,-0.253409382405384,-0.2222274302143807,0.3381337892333422,0.3483034501649062,0,0,1
2023-10-11,83.48999786376953,425395.0,85.81999969482422,37902.0,-0.029271573766282092,-0.021099552768635614,0.23099644651604986,0.2437221642698393,0.3450387326009253,0.34871084985402145,0,0,1
2023-10-12,82.91000366210938,373492.0,86.0,40488.0,-0.006971112321425114,0.0020952202461273933,-0.1301215637193217,0.06600175276715843,0.3453151704368447,0.3491958898456087,0,0,1
2023-10-13,87.69000244140625,356863.0,90.88999938964844,44455.0,0.05605216933477332,0.05530268116189383,-0.04554463070809075,0.09347180766132553,0.39584431156263844,0.39710683482225057,0,0,1
2023-10-16,86.66000366210938,235780.0,89.6500015258789,28811.0,-0.01181543706247282,-0.013736760343859317,-0.4144527877620387,-0.43372018290896946,0.396299880377705,0.3990576107280666,0,0,1
2023-10-17,86.66000366210938,197124.0,89.9000015258789,27054.0,0.0,0.002784741379101311,-0.17906619451691827,-0.06292238999713082,0.39473914520092573,0.3985529579024965,0,0,1
2023-10-18,88.31999969482422,92797.0,91.5,35456.0,0.018974120503322253,0.017641013830832122,-0.7534186606636628,0.27045762245781646,0.40171744668757703,0.40452896903277374,0,0,1
2023-10-19,89.37000274658203,72058.0,92.37999725341797,34880.0,0.01181850705256384,0.009571502989634184,-0.2529429613975242,-0.016378892084039743,0.40298610462081635,0.4053762093592304,0,0,1
2023-10-20,88.75,311917.0,92.16000366210938,30081.0,-0.006961657770482004,-0.0023842385870995763,1.4652657764914832,-0.14801985583088093,0.40293142965361745,0.40537176704767325,0,0,1
2023-10-23,85.48999786376953,315517.0,89.83000183105469,36158.0,-0.037424043305457406,-0.02560722105934074,0.01147543647811878,0.18400448104992473,0.4221408761440822,0.4145244449231746,0,0,1
2023-10-24,83.73999786376953,370591.0,88.06999969482422,42436.0,-0.020682649969346264,-0.019787066272451515,0.1608864653575624,0.16009883433720234,0.42683745274044793,0.4190718035591946,0,0,1
2023-10-25,85.38999938964844,429459.0,90.12999725341797,47506.0,0.01951225569098259,0.023121092742539415,0.1474272484176698,0.11285896025587656,0.43252612962658593,0.4273896155346763,0,0,1
2023-10-26,83.20999908447266,341792.0,87.93000030517578,22662.0,-0.025861468861977484,-0.024711995233179105,-0.2283239121234251,-0.7401665058945269,0.4158322363596713,0.42051350290382244,0,0,1
2023-10-27,85.54000091552734,333760.0,90.4800033569336,21249.0,0.02761659159195094,0.02858782204767423,-0.02378019309487728,-0.06437967751877961,0.4270269981833349,0.434551310850825,0,0,1
2023-10-30,82.30999755859375,356928.0,87.44999694824219,15413.0,-0.03849153617823873,-0.034061702341815374,0.06711190895468079,-0.32109852627501245,0.443712490938402,0.4479630530974904,0,0,1
2023-10-31,81.0199966430664,346007.0,87.41000366210938,35673.0,-0.015796580982289202,-0.0004574320792700818,-0.031075074700139645,0.8391827909589686,0.441204175338603,0.4164876836808132,0,0,1
2023-11-01,80.44000244140625,321592.0,84.62999725341797,36235.0,-0.007184401086049107,-0.03232095326015307,-0.07317534469343155,0.01563140243769326,0.4400686449779995,0.4292986441667586,0,0,1
2023-11-02,82.45999908447266,307122.0,86.8499984741211,31512.0,0.024801720920969248,0.02589369388997017,-0.04603859858964951,-0.13965707689264004,0.4068460505026306,0.39189635346408236,0,0,1
2023-11-03,80.51000213623047,457281.0,84.88999938964844,36172.0,-0.02393188933045226,-0.022826181558019014,0.39805301879919036,0.13791691320962904,0.4075338686970943,0.3935613665409042,0,0,1
2023-11-06,80.81999969482422,271131.0,85.18000030517578,26524.0,0.0038430290287168557,0.0034103745178185787,-0.5226959826670537,-0.31023535537161256,0.4071722933226733,0.39319555794940353,0,0,1
2023-11-07,77.37000274658203,396289.0,81.61000061035156,38007.0,-0.043625311813656455,-0.04281485711775027,0.3795416441452222,0.35972036978140476,0.40016552680292833,0.39067747389307483,0,0,1
2023-11-08,75.33000183105469,429647.0,79.54000091552734,36137.0,-0.026720657915963647,-0.02569175967021311,0.08082019824607074,-0.05045308208417214,0.40700231903158784,0.39805466180683446,0,0,1
2023-11-09,75.73999786376953,303430.0,80.01000213623047,32592.0,0.005427908124148504,0.005891602271755378,-0.3478129999139359,-0.10325041171940377,0.4000063437250249,0.3949469420249265,0,0,1
2023-11-10,77.16999816894531,266998.0,81.43000030517578,20653.0,0.018704362473103198,0.017592105665171297,-0.1279097736578711,-0.4562062721789372,0.4079300818721514,0.40123155776204744,0,0,1
2023-11-13,78.26000213623047,262903.0,82.5199966430664,22380.0,0.014025887336881721,0.01329688829606105,-0.015456024881802661,0.08030711557826635,0.3530162932792256,0.3476604289778255,0,0,1
2023-11-14,78.26000213623047,263002.0,82.47000122070312,25753.0,0.0,-0.0006060418757600274,0.0003764938578998917,0.14038342229417147,0.3526908443609033,0.3462854457763698,0,0,1
2023-11-15,76.66000366210938,282301.0,81.18000030517578,32261.0,-0.020656536355641606,-0.015765690477047935,0.07081224087243558,0.2253079451787914,0.35634797156725984,0.34768228249241445,0,0,1
2023-11-16,72.9000015258789,125165.0,77.41999816894531,37692.0,-0.050291447777470084,-0.04742379367142417,-0.8133410107158243,0.15558879998776778,0.37582701553975334,0.36714183707385745,0,0,1
2023-11-17,75.88999938964844,101484.0,80.61000061035156,35037.0,0.04019625542750343,0.04037759736859441,-0.20973171628011342,-0.0730432243799717,0.40730237271496345,0.3997359283345628,0,0,1
2023-11-20,77.5999984741211,270638.0,82.31999969482422,24121.0,0.02228249215254567,0.020991368951435316,0.9808809839664325,-0.37332181559515176,0.4204344931632946,0.4108093711442015,0,0,1
2023-11-21,77.7699966430664,238629.0,82.44999694824219,22699.0,0.0021883020161747205,0.0015779241735657725,-0.1258720899461131,-0.06076195971582136,0.4057324351100629,0.40468943262955215,0,0,1
2023-11-22,77.0999984741211,389325.0,81.95999908447266,40651.0,-0.008652448763582765,-0.005960699791888676,0.48950442577299735,0.5827025652836759,0.4018104558630893,0.400743823375566,0,0,1
2023-11-24,75.54000091552734,281147.0,80.58000183105469,19356.0,-0.020440931374297266,-0.016980809713642794,-0.32553680616072966,-0.7420209870061689,0.39623299585845073,0.39123919158053916,0,0,1
2023-11-27,74.86000061035156,289562.0,79.9800033569336,15161.0,-0.009042618774556595,-0.007473857095805239,0.02949177221177251,-0.24427610783162754,0.38975350128088826,0.38498816444252687,0,0,1
2023-11-28,76.41000366210938,286618.0,81.68000030517578,15095.0,0.02049391495704665,0.021032532201811928,-0.010219117706985248,-0.0043627779406425005,0.38295664372160115,0.37762253467628154,0,0,1
2023-11-29,77.86000061035156,322170.0,83.0999984741211,8045.0,0.018798724434829987,0.017235505906795515,0.11692903781277494,-0.6293127827144557,0.37179395180888025,0.3693817388484627,0,0,1
2023-11-30,75.95999908447266,559169.0,82.83000183105469,59320.0,-0.024705476130070746,-0.0032543467830918964,0.5513723965070899,1.997895736825385,0.37700845025314056,0.36932064115035834,0,0,1
2023-12-01,74.06999969482422,358976.0,78.87999725341797,29551.0,-0.0251962859862309,-0.048862661241722664,-0.44319621915945306,-0.6968289330426696,0.38457199431336897,0.3899820233267785,0,0,1
2023-12-04,73.04000091552734,388832.0,78.02999877929688,32582.0,-0.014003339083783048,-0.01083432298998088,0.07989183984032953,0.09764240441691573,0.37130926459938035,0.37577449499315413,0,0,1
2023-12-05,72.31999969482422,358703.0,77.19999694824219,30931.0,-0.009906536957191996,-0.01069393498445855,-0.08065262568795108,-0.05200107139947864,0.36580632626932497,0.37088156841815845,0,0,1
2023-12-06,69.37999725341797,436803.0,74.30000305175781,34004.0,-0.04150210991003878,-0.03828842470301902,0.19698754450072775,0.09471924751061347,0.38504472138083795,0.3874060609449311,0,0,1
2023-12-07,69.33999633789062,339000.0,74.05000305175781,26600.0,-0.0005767145110153752,-0.003370410871237661,-0.2534821851585277,-0.245566948967459,0.36201684935954054,0.3642310079321958,0,0,1
2023-12-08,71.2300033569336,302250.0,75.83999633789062,21497.0,0.02689223767527876,0.023885227733526745,-0.11474561788554821,-0.2129978252736548,0.36945528076230433,0.3685706743687016,0,0,1
2023-12-11,71.31999969482422,274414.0,76.02999877929688,20413.0,0.0012626635976269154,0.002502173525341683,-0.09661657453650534,-0.0517414377225516,0.36858639896308176,0.3678114113293257,0,0,1
2023-12-12,68.61000061035156,324530.0,73.23999786376953,29568.0,-0.03873848311721898,-0.03738629254602788,0.1677400668354757,0.3705207426678266,0.37977835554680944,0.37923265156989894,0,0,1
2023-12-13,69.47000122070312,306996.0,74.26000213623047,27711.0,0.012456716677692235,0.013830786877068277,-0.055543263607518385,-0.0648632491806909,0.3787943113849604,0.3795624288528346,0,0,1
2023-12-14,71.58000183105469,275688.0,76.61000061035156,28386.0,0.029920708641966384,0.03115514697988543,-0.10756492667514124,0.024066619598483396,0.3981279670017578,0.3996343368407129,0,0,1
2023-12-15,71.43000030517578,95513.0,76.55000305175781,19442.0,-0.0020977774791577537,-0.0007834625258309145,-1.060007427634334,-0.37846039147818883,0.3936563728769013,0.39720774481303317,0,0,1
2023-12-18,72.47000122070312,73941.0,77.94999694824219,30258.0,0.014454746526187893,0.018123394383693637,-0.2559948859805402,0.4423249379237661,0.3587541923148376,0.36826102494879415,0,0,1
2023-12-19,73.44000244140625,230042.0,79.2300033569336,25735.0,0.013296079590339167,0.016287500993037524,1.1349944230515707,-0.16190867921792534,0.331585011490527,0.34389730125398094,0,0,1
2023-12-20,74.22000122070312,273364.0,79.69999694824219,26913.0,0.010564892523759216,0.005914490158980527,0.17254233947082923,0.044757508140538305,0.32334990555143095,0.3357160782152452,0,0,1
2023-12-21,73.88999938964844,251982.0,79.38999938964844,22237.0,-0.0044561795392595365,-0.0038971394566000637,-0.08144658402988555,-0.19085187304796122,0.32305333213759485,0.33561106388991024,0,0,1
2023-12-22,73.55999755859375,222600.0,79.06999969482422,12334.0,-0.004476125993481734,-0.004038875825735407,-0.12398121754740841,-0.5893978916279939,0.3223641217907025,0.33537687720395637,0,0,1
2023-12-26,75.56999969482422,208715.0,81.06999969482422,10247.0,0.026958008447507856,0.02497944301199581,-0.0644067538384305,-0.18537469675172025,0.3303577020777244,0.34272096358793996,0,0,1
2023-12-27,74.11000061035156,253323.0,79.6500015258789,8282.0,-0.019508890795290112,-0.017670919721909782,0.19369566930365573,-0.21290049469420533,0.33591770335192694,0.34741924272207997,0,0,1
2023-12-28,71.7699966430664,262748.0,78.38999938964844,24301.0,-0.03208396953053284,-0.015945695098815653,0.036530043623133536,1.0764330166397706,0.34383853136483206,0.34252903660427453,0,0,1
2023-12-29,71.6500015258789,214486.0,77.04000091552734,20115.0,-0.0016733390980195589,-0.017371581040878995,-0.20295092975705256,-0.18905169636139457,0.3346894004184343,0.33905682753295496,0,0,1
2024-01-02,70.37999725341797,330992.0,75.88999938964844,28591.0,-0.017884082702064517,-0.015039864000422884,0.4338497377279427,0.3516261775855566,0.330164971632695,0.34135313129110195,0,0,1
2024-01-03,72.69999694824219,334861.0,78.25,32172.0,0.032432249693658995,0.030623914047023307,0.011621314445887012,0.11800452605451452,0.3428509437081115,0.32064159182749585,0,0,1
2024-01-04,72.19000244140625,344467.0,77.58999633789062,33154.0,-0.0070397765918172265,-0.008470323712619202,0.02828277451743052,0.030066863960851658,0.3403341572409852,0.31977399740580065,0,0,1
2024-01-05,73.80999755859375,325525.0,78.76000213623047,30994.0,0.022192624734812802,0.014966775186572953,-0.05655903124921886,-0.06736973563753107,0.3473170270696644,0.3215835364051877,0,0,1
2024-01-08,70.7699966430664,392249.0,76.12000274658203,32539.0,-0.0420590560517803,-0.034094202384002945,0.1864575786005815,0.048645732546030676,0.3481794840761114,0.31540371887688406,0,0,1
2024-01-09,72.23999786376953,363445.0,77.58999633789062,27914.0,0.020558744884156332,0.01912742719742998,-0.07626886342984655,-0.15331101482472131,0.3546535969103943,0.3209192415877267,0,0,1
2024-01-10,71.37000274658203,352772.0,76.80000305175781,34395.0,-0.01211622807075257,-0.010233825817587873,-0.02980602288183034,0.20878284989152482,0.3457189259626807,0.31358236841819603,0,0,1
2024-01-11,72.0199966430664,373645.0,77.41000366210938,35565.0,0.009066160142917532,0.007911338634527799,0.05748419287631175,0.033450803207501115,0.3471054941040835,0.31455434322697806,0,0,1
2024-01-12,72.68000030517578,403636.0,78.29000091552734,31824.0,0.009122436117268835,0.01130387408929161,0.07720733294658493,-0.11114128607386209,0.31731212946937837,0.2836715088434743,0,0,1
2024-01-16,72.4000015258789,430437.0,78.29000091552734,46742.0,-0.0038599272595207343,0.0,0.06428748996882096,0.3844223959852171,0.3160509291987226,0.28116035023476654,0,0,1
2024-01-17,72.55999755859375,315679.0,77.87999725341797,35892.0,0.002207451692811289,-0.005250747376723442,-0.31007509719095144,-0.2641286886610221,0.2993033289113338,0.26207239500948,0,0,1
2024-01-18,74.08000183105469,86646.0,79.0999984741211,28190.0,0.020731842895027334,0.01554371024595205,-1.2928950221319797,-0.2415471243097901,0.3070136656105689,0.2669014336207639,0,0,1
2024-01-19,73.41000366210938,78234.0,78.55999755859375,23734.0,-0.009085399046793905,-0.006850222513856957,-0.10212651670309289,-0.1720586858830739,0.30555088440377043,0.26133673310619987,0,0,1
2024-01-22,75.19000244140625,372284.0,80.05999755859375,27825.0,0.02395805985137076,0.018913690100473578,1.5599526681912348,0.15902627791866122,0.31326187937272265,0.2635014063357509,0,0,1
2024-01-23,74.37000274658203,306060.0,79.55000305175781,27835.0,-0.010965604213236486,-0.006390529923161672,-0.19587584269773484,0.00035932447386265577,0.3139618022817249,0.26376093426397107,0,0,1
2024-01-24,75.08999633789062,323726.0,80.04000091552734,22429.0,0.009634673695664826,0.006140728007346922,0.05611631782886738,-0.21593945724478236,0.3151795633404419,0.26422685038935656,0,0,1
2024-01-25,77.36000061035156,320177.0,82.43000030517578,21420.0,0.029782513692605563,0.029422930873472645,-0.011023511115232481,-0.04602969937108599,0.32999304387607353,0.28199110847552217,0,0,1
2024-01-26,78.01000213623047,365456.0,83.55000305175781,19128.0,0.0083671919494853,0.013495839540150111,0.13227192102975305,-0.11317183486357905,0.3186486799000925,0.2728483509990117,0,0,1
2024-01-29,76.77999877929688,331925.0,82.4000015258789,12802.0,-0.01589287731034141,-0.013859836134154174,-0.09623684912431235,-0.40155182143621193,0.31587699892716,0.2697880796755257,0,0,1
2024-01-30,77.81999969482422,347242.0,82.87000274658203,7284.0,0.013454289960908507,0.005687692570837788,0.045112903430157454,-0.5639212468544501,0.29310500181099464,0.26234995641418113,0,0,1
2024-01-31,75.8499984741211,344493.0,81.70999908447266,33486.0,-0.02564077795736542,-0.014096765812189079,-0.00794817226818806,1.5254472791689901,0.3100679601027115,0.25943051566531256,0,0,1
2024-02-01,73.81999969482422,577936.0,78.69999694824219,48919.0,-0.027127992209682653,-0.03753326554576618,0.5173893649541963,0.37903842803848536,0.31932031377835673,0.28894507979825257,0,0,1
2024-02-02,72.27999877929688,467768.0,77.33000183105469,32405.0,-0.02108224463230448,-0.01756111434686056,-0.21149068938921306,-0.41185313719315764,0.30928718605108785,0.27616598414270876,0,0,1
2024-02-05,72.77999877929688,350843.0,77.98999786376953,24879.0,0.006893726576010502,0.008498583651928772,-0.28763361655590036,-0.2642886577425029,0.30921402325846364,0.27630011349165623,0,0,1
2024-02-06,73.30999755859375,310955.0,78.58999633789062,24904.0,0.007255816521489378,0.007663832329107285,-0.12069062277681003,0.001004359002130773,0.30013835962078356,0.2725296557998583,0,0,1
2024-02-07,73.86000061035156,294955.0,79.20999908447266,26342.0,0.007474425755050153,0.007858123637527146,-0.05282540484504078,0.05613619043754771,0.25967267466835686,0.24383770316341385,0,0,1
2024-02-08,76.22000122070312,377906.0,81.62999725341797,32568.0,0.031452493773191474,0.030094265898581617,0.24782268511442906,0.21216558762382284,0.27191754377310867,0.2562470661821277,0,0,1
2024-02-09,76.83999633789062,302612.0,82.19000244140625,26408.0,0.008101378780224825,0.006836862048287254,-0.22219403056566864,-0.20966321664978582,0.2671516880604503,0.2524228272855854,0,0,1
2024-02-12,76.91999816894531,248476.0,82.0,22915.0,0.0010406066744543267,-0.002314422600574686,-0.1971051954842035,-0.14187527658980456,0.2664968373702514,0.25251878212581175,0,0,1
2024-02-13,77.87000274658203,338174.0,82.7699966430664,29306.0,0.012274907944354303,0.0093463890756796,0.30821429452629595,0.24600055525474593,0.2676107728853268,0.25177255749917204,0,0,1
2024-02-14,76.63999938964844,296131.0,81.5999984741211,28305.0,-0.01592167916154222,-0.0142363930693679,-0.1327586319345332,-0.03475380572721009,0.27483258447201,0.2584030823685473,0,0,1
2024-02-15,78.02999877929688,122432.0,82.86000061035156,31230.0,0.017974226785918826,0.01532320074474896,-0.8832461501696993,0.09834070380636407,0.2798505260093558,0.2609730554111363,0,0,1
2024-02-16,79.19000244140625,113713.0,83.47000122070312,34125.0,0.014756706567403265,0.007334856471784813,-0.07387804362530066,0.08865108221013662,0.2759423918684559,0.2575086656707982,0,0,1
2024-02-20,78.18000030517578,435235.0,82.33999633789062,34581.0,-0.012836194783739074,-0.013630328620800946,1.342208384909624,0.013274144781861473,0.2783379444893456,0.2616682759288525,0,0,1
2024-02-21,77.91000366210938,323243.0,83.02999877929688,23038.0,-0.0034595029211889807,0.008345001705688762,-0.297481752750357,-0.40615937178267064,0.26834821124361063,0.255674312247159,0,0,1
2024-02-22,78.61000061035156,330511.0,83.66999816894531,27885.0,0.008944564222842582,0.007678494851276518,0.022235579290813278,0.19094388333720244,0.265361760147815,0.25468400143130737,0,0,1
2024-02-23,76.48999786376953,353437.0,81.62000274658203,19427.0,-0.02733894016442214,-0.0248061047947583,0.0670653099895949,-0.36142505878487335,0.28338054962725323,0.27100311649298764,0,0,1
2024-02-26,77.58000183105469,274710.0,82.52999877929688,15694.0,0.014149700208427214,0.01108748518506503,-0.2519892558444117,-0.21338537735136212,0.268050294651453,0.2535982921295637,0,0,1
2024-02-27,78.87000274658203,269236.0,83.6500015258789,10882.0,0.016491276620096248,0.013479596860493182,-0.020127677389085843,-0.3661684256415478,0.27263212181463753,0.2535874533791763,0,0,1
2024-02-28,78.54000091552734,330043.0,83.68000030517578,6015.0,-0.0041929014273732485,0.00035855828948782513,0.20363463060346193,-0.5928536986370914,0.2667042702866822,0.24848764995205583,0,0,1
2024-02-29,78.26000213623047,317939.0,83.62000274658203,27327.0,-0.0035714167278449132,-0.0007172451891383123,-0.037363408521878035,1.5136188750041402,0.2632492599390465,0.24786860872988933,0,0,1
2024-03-01,79.97000122070312,363417.0,83.55000305175781,30885.0,0.02161493552946405,-0.0008374672068846977,0.133691394794918,0.12239540471707995,0.25542809709780484,0.24227048626906003,0,0,1
2024-03-04,78.73999786376953,347214.0,82.80000305175781,26396.0,-0.015500321222901771,-0.009017193319336184,-0.04560963072125955,-0.1570581456266873,0.24120309896574677,0.2017904006234566,0,0,1
2024-03-05,78.1500015258789,436521.0,82.04000091552734,37442.0,-0.0075211819929224405,-0.009221153884487994,0.2288951795341385,0.34958058546490145,0.22832250498039044,0.19327442821155957,0,0,1
2024-03-06,79.12999725341797,371049.0,82.95999908447266,35173.0,0.012461958518870208,0.011151608521799649,-0.16250235473010932,-0.06251432616645462,0.23010609299597465,0.19447215326980408,0,0,1
2024-03-07,78.93000030517578,432923.0,82.95999908447266,32447.0,-0.0025306473246359336,0.0,0.15422575373177758,-0.08067075386623901,0.23084857906230938,0.193938836932853,0,0,1
2024-03-08,78.01000213623047,347533.0,82.08000183105469,26605.0,-0.01172433660244081,-0.010664149154873159,-0.21970025856488776,-0.1985088209050504,0.23621962048460124,0.19815165872664128,0,0,1
2024-03-11,77.93000030517578,329873.0,82.20999908447266,28619.0,-0.0010260592127867838,0.001582534296964144,-0.05215189262233187,0.07297166486855683,0.21176861267836447,0.16915747080464916,0,0,1
2024-03-12,77.55999755859375,309922.0,81.91999816894531,29951.0,-0.004759192874689783,-0.0035337990881388823,-0.06238707898636528,0.04549188006880535,0.21106287325926623,0.1679470690157455,0,0,1
2024-03-13,79.72000122070312,316390.0,84.02999877929688,34043.0,0.02746871176017195,0.025430724473679323,0.02065497691532464,0.12806171844598715,0.2309245045565106,0.189565553456327,0,0,1
2024-03-14,81.26000213623047,297450.0,85.41999816894531,34250.0,0.01913340619143594,0.01640638056428394,-0.0617294861975388,0.006062133276552282,0.23604628908063924,0.19490734805374452,0,0,1
2024-03-15,81.04000091552734,185078.0,85.33999633789062,23623.0,-0.0027110456107564012,-0.0009370091295576753,-0.47446878579138885,-0.37146575099661255,0.22767545188159077,0.18664715202302518,0,0,1
2024-03-18,82.72000122070312,84718.0,86.88999938964844,33687.0,0.020518554279512564,0.017999708978836786,-0.7814492640046102,0.35489119254688956,0.22999088764145284,0.18924246101766348,0,0,1
2024-03-19,83.47000122070312,76814.0,87.37999725341797,30045.0,0.009025874969930351,0.0056234482639747705,-0.09794117863072938,-0.11441574847262005,0.22706870334221887,0.18875659697116398,0,0,1
2024-03-20,81.68000030517578,351161.0,85.94999694824219,35304.0,-0.021678122894452184,-0.01650069576801427,1.519857892551517,0.16130001418135478,0.23646768727540057,0.19201960927988926,0,0,1
2024-03-21,81.06999969482422,266860.0,85.77999877929688,23829.0,-0.007496202357379792,-0.00197983146455054,-0.27452063144442856,-0.39309294564814146,0.23806841450588156,0.191078874037121,0,0,1
2024-03-22,80.62999725341797,231101.0,85.43000030517578,14778.0,-0.00544222060235778,-0.004088534122348653,-0.14386933191218948,-0.47776373795264887,0.23791573831774057,0.19067221367072454,0,0,1
2024-03-25,81.94999694824219,300360.0,86.75,21176.0,0.016238513317663482,0.015333088091209273,0.26212691082959805,0.3597288765583443,0.21918658082079728,0.17203342476939645,0,0,1
2024-03-26,81.62000274658203,235845.0,86.25,12736.0,-0.004034904322067613,-0.005780362915499425,-0.24180694564133415,-0.508435835822773,0.21686715964982645,0.17184490975042516,0,0,1
2024-03-27,81.3499984741211,249964.0,86.08999633789062,8449.0,-0.0033135487204207707,-0.0018568377797572885,0.058142097902902,-0.4103845379313194,0.21145710727109393,0.16719738373479595,0,0,1
2024-03-28,83.16999816894531,293774.0,87.4800033569336,30759.0,0.022125868956704677,0.016017016050581,0.1614938567553403,1.2921345431853561,0.22196301348580377,0.17463804643738814,0,0,1
2024-04-01,83.70999908447266,321059.0,87.41999816894531,29598.0,0.006471749870282901,-0.0006861656926140027,0.08881414261521253,-0.03847584287640763,0.22109674171838561,0.17463172910088753,0,0,1
2024-04-02,85.1500015258789,344040.0,88.91999816894531,40754.0,0.01705599129351878,0.017013000014158928,0.06913302281947505,0.3198472028990885,0.2168368880292839,0.18163489157859064,0,0,1
2024-04-03,85.43000030517578,322549.0,89.3499984741211,35138.0,0.003282905707169063,0.00482415602405137,-0.064502867004362,-0.14827082843588235,0.206156262018554,0.17638132403474283,0,0,1
2024-04-04,86.58999633789062,359534.0,90.6500015258789,38764.0,0.013486962431428861,0.014444729505611919,0.10855368580989747,0.09820881492944121,0.2043501866964338,0.17369466461910038,0,0,1
2024-04-05,86.91000366210938,353206.0,91.16999816894531,37391.0,0.0036888494189806584,0.005719921479349572,-0.01775729236082704,-0.036061947121909826,0.2025022277770455,0.17218580660035285,0,0,1
2024-04-08,86.43000030517578,393734.0,90.37999725341797,39142.0,-0.005538301290720926,-0.008702901918985281,0.10862409826560007,0.04576602553238367,0.20407347313311794,0.17760169334826595,0,0,1
2024-04-09,85.2300033569336,314994.0,89.41999816894531,33993.0,-0.013981317374481906,-0.010678623265045985,-0.22312196336840998,-0.14104143821623816,0.20644561290569508,0.17761683933750166,0,0,1
2024-04-10,86.20999908447266,373939.0,90.4800033569336,51136.0,0.011432645681132773,0.011784518580433197,0.17153909148256352,0.4083341290772703,0.20697082254498758,0.1793181582379296,0,0,1
2024-04-11,85.0199966430664,388128.0,89.73999786376953,47337.0,-0.013899686155501469,-0.008212292166078541,0.03724249961872938,-0.07719651942216788,0.21457701380102007,0.18268119906822164,0,0,1
2024-04-12,85.66000366210938,369958.0,90.44999694824219,43560.0,0.007499531492312272,0.007880601358408158,-0.04794569644485995,-0.08315293265688195,0.1980056864596444,0.1665579698321868,0,0,1
2024-04-15,85.41000366210938,343894.0,90.0999984741211,35488.0,-0.002922782104032367,-0.003877030422682936,-0.07305601532783682,-0.20494468689680317,0.19055550331829316,0.16150717421546548,0,0,1
2024-04-16,85.36000061035156,241343.0,90.0199966430664,34348.0,-0.0005856186910562605,-0.0008883171050885048,-0.3541143121897378,-0.03265081835771819,0.1899825365337963,0.1614940536174237,0,0,1
2024-04-17,82.69000244140625,259540.0,87.29000091552734,45933.0,-0.031778908884939415,-0.030795911338210632,0.07269167514504901,0.2906400201808294,0.21244200222915158,0.188799629642409,0,0,1
2024-04-18,82.7300033569336,84468.0,87.11000061035156,38630.0,0.0004836285201896646,-0.0020642243981232457,-1.1225380688950897,-0.17315463631287786,0.20990610855545871,0.18790276222390373,0,0,1
2024-04-19,83.13999938964844,76901.0,87.29000091552734,45203.0,0.004943592704169771,0.00206422439812315,-0.09385388408577616,0.15713427963890886,0.19572046283033062,0.1783049276918893,0,0,1
2024-04-22,82.8499984741211,313914.0,87.0,32395.0,-0.003494201028036716,-0.0033278005810162474,1.406600182716274,-0.3331593664151783,0.19405569701950037,0.17862454503627304,0,0,1
2024-04-23,83.36000061035156,355814.0,88.41999816894531,35381.0,0.006136859871728367,0.01619004903491017,0.1252890593614175,0.08817086298653,0.19333063407914264,0.1854950140424493,0,0,1
2024-04-24,82.80999755859375,329077.0,88.0199966430664,26662.0,-0.006619787763346306,-0.0045341444448541044,-0.07811635647103257,-0.28293562219696533,0.18763330672351208,0.17968986287636243,0,0,1
2024-04-25,83.56999969482422,314116.0,89.01000213623047,24588.0,0.009135802798020112,0.011184723726092917,-0.046529421496292876,-0.08098081164672218,0.18916574963350738,0.18159052385585986,0,0,1
2024-04-26,83.8499984741211,244090.0,89.5,15475.0,0.003344869709890436,0.005489878310077012,-0.25222533469571157,-0.46303270047410316,0.18860291519039757,0.18166272331325203,0,0,1
2024-04-29,82.62999725341797,336984.0,88.4000015258789,15093.0,-0.014656692597930232,-0.012366638376138472,0.32249844173757775,-0.02499475839336862,0.18064786018665477,0.18037615179728297,0,0,1
2024-04-30,81.93000030517578,400680.0,87.86000061035156,39816.0,-0.008507549595007585,-0.006127341410172731,0.17312765226311258,0.9700377813789619,0.18101427676865706,0.18180546567571287,0,0,1
2024-05-01,79.0,441978.0,83.44000244140625,48165.0,-0.03641737541153739,-0.05161680554255898,0.09809700333972403,0.19036377465333382,0.2066793716894267,0.24609715865417847,0,0,1
2024-05-02,78.94999694824219,359652.0,83.66999816894531,39951.0,-0.0006331504196816675,0.002752628471323538,-0.20612320982333796,-0.18697891302146935,0.20548510500335776,0.24536778784822244,0,0,1
2024-05-03,78.11000061035156,324438.0,82.95999908447266,31511.0,-0.010696604611133635,-0.008521915537759682,-0.10304244254481237,-0.2373170119656701,0.19680896136546652,0.23741265555254953,0,0,1
2024-05-06,78.4800033569336,297369.0,83.33000183105469,23246.0,0.004725760595283706,0.004450097482146828,-0.08712066284033136,-0.3042036170009313,0.1974115100775566,0.236782608183061,0,0,1
2024-05-07,78.37999725341797,327593.0,83.16000366210938,33414.0,-0.0012751003018784941,-0.002042143340929874,0.09679819235445225,0.3628418996140703,0.19777859857056368,0.2363393757067198,0,0,1
2024-05-08,78.98999786376953,355449.0,83.58000183105469,35419.0,0.0077524774024004825,0.0050377719008577,0.08160979480706779,0.05827342548362431,0.19919089134124432,0.23698364669076077,0,0,1
2024-05-09,79.26000213623047,272712.0,83.87999725341797,25231.0,0.0034123795824652194,0.003582894361957821,-0.2649654857525081,-0.339175002096968,0.19340756991532232,0.2320949962211823,0,0,1
2024-05-10,78.26000213623047,281169.0,82.79000091552734,25062.0,-0.012696970635629665,-0.013079881080392639,0.030539618754847966,-0.006720642479149545,0.19267557782589545,0.2339173772459313,0,0,1
2024-05-13,79.12000274658203,287701.0,83.36000061035156,29242.0,0.010929077949739378,0.006861293117788952,0.022965834355687782,0.15425327725215296,0.19558662631935478,0.2332997702516449,0,0,1
2024-05-14,78.0199966430664,307410.0,82.37999725341797,33169.0,-0.014000560976655058,-0.011825929659396871,0.06626061508538288,0.12600967278541617,0.1987131047851796,0.2349148581227632,0,0,1
2024-05-15,78.62999725341797,321267.0,82.75,41744.0,0.007788110021032777,0.004481358589636593,0.04409019161750791,0.2299400236137101,0.20276617445417866,0.23661781569748697,0,0,1
2024-05-16,79.2300033569336,230277.0,83.2699966430664,27576.0,0.00760178627366133,0.006264285676713261,-0.3329896209930467,-0.41460989917980834,0.17907524841234676,0.21783841490849123,0,0,1
2024-05-17,80.05999755859375,94152.0,83.9800033569336,23516.0,0.010421265723094177,0.008490415295173383,-0.8943724345288363,-0.15926478867455576,0.1840757006646983,0.22099433330132714,0,0,1
2024-05-20,79.80000305175781,85072.0,83.70999908447266,22320.0,-0.0032527803713785952,-0.0032202814939873313,-0.10141254081337843,-0.052197903026898335,0.1826096093621544,0.22060522335361984,0,0,1
2024-05-21,79.26000213623047,371672.0,82.87999725341797,29726.0,-0.006789927983864295,-0.009964688363161176,1.4745137881369546,0.28653894621359305,0.1833157209053504,0.22230225761583702,0,0,1
2024-05-22,77.56999969482422,314145.0,81.9000015258789,32042.0,-0.02155286414589558,-0.011894735881886746,-0.168157082140353,0.07502545849781926,0.19248687195808376,0.21398608984631837,0,0,1
2024-05-23,76.87000274658203,330273.0,81.36000061035156,27035.0,-0.00906503147732145,-0.0066152502478562785,0.05006492242773792,-0.16991521939055443,0.19318288065155628,0.21421604418361004,0,0,1
2024-05-24,77.72000122070312,299075.0,82.12000274658203,17991.0,0.010996921124401168,0.009297866354522469,-0.09922520712935409,-0.40726068997948583,0.19482272928484035,0.21265292374015154,0,0,1
2024-05-28,79.83000183105469,334074.0,84.22000122070312,23477.0,0.026786756378970412,0.025250811631310897,0.11066814726585784,0.2661495856288887,0.2203804943257542,0.23356267386828025,0,0,1
2024-05-29,79.2300033569336,259594.0,83.5999984741211,15987.0,-0.00754433924800599,-0.007388935389484824,-0.2522436532407279,-0.3842453265006163,0.21671863676154426,0.23164804188981072,0,0,1
2024-05-30,77.91000366210938,373779.0,81.86000061035156,9220.0,-0.016800695999504067,-0.02103302331821725,0.36454584158594106,-0.5504008544142525,0.22170273261947823,0.24006237746009934,0,0,1
2024-05-31,76.98999786376953,345120.0,81.62000274658203,33414.0,-0.011878845804020198,-0.002936114891793664,-0.07977253102719259,1.2875999362670842,0.18798881246507956,0.16394704808615468,0,0,1
2024-06-03,74.22000122070312,443271.0,78.36000061035156,42771.0,-0.036641843463558636,-0.040760762763094385,0.2502891385177662,0.24688532900434698,0.2244107935622396,0.2131424666625068,0,0,1
2024-06-04,73.25,408721.0,77.5199966430664,41209.0,-0.013155424182366147,-0.010777676586997508,-0.0811485494763109,-0.03720362373849598,0.22563964507139314,0.21400401532720173,0,0,1
2024-06-05,74.06999969482422,307701.0,78.41000366210938,37039.0,0.011132340007921552,0.011415592669038108,-0.2839042394408343,-0.10668526752807997,0.22948334141675836,0.21846731020371069,0,0,1
2024-06-06,75.55000305175781,291082.0,79.87000274658203,36186.0,0.019784141207531986,0.01844883037000211,-0.05552351782287745,-0.023299107876452823,0.24242385799973287,0.230669558540841,0,0,1
2024-06-07,75.52999877929688,280253.0,79.62000274658203,26371.0,-0.0002648169491050799,-0.003134995249150555,-0.037912247795694194,-0.31640738216980047,0.24004286922742474,0.22929575425283966,0,0,1
2024-06-10,77.73999786376953,317031.0,81.62999725341797,36413.0,0.02883998578138424,0.024931455748238074,0.12330679427118604,0.32266093221240394,0.26255024306093583,0.24742008455837808,0,0,1
2024-06-11,77.9000015258789,314874.0,81.91999816894531,35178.0,0.0020560745194554914,0.003546331122914942,-0.006827002089788316,-0.03450496652937516,0.25916563902019957,0.24412320872156362,0,0,1
2024-06-12,78.5,322285.0,82.5999984741211,40802.0,0.007672652323997818,0.008266523114366264,0.023263688443830147,0.1483102126064043,0.2576416150169684,0.2447051733868711,0,0,1
2024-06-13,78.62000274658203,307638.0,82.75,39191.0,0.0015275301402533966,0.0018143522033504222,-0.046512480185590524,-0.040283971217095864,0.2528650317779389,0.24124311090474232,0,0,1
2024-06-14,78.44999694824219,245827.0,82.62000274658203,39346.0,-0.0021647146502484236,-0.001572199045005178,-0.22429573056039648,0.003947189254632276,0.2515304794259105,0.2408047121202911,0,0,1
2024-06-17,80.33000183105469,126733.0,84.25,32978.0,0.023681732701511034,0.019536754020303984,-0.6625455253140107,-0.1765536453752974,0.26361892266962816,0.2494414611990833,0,0,1
2024-06-18,81.56999969482422,140709.0,85.33000183105469,45690.0,0.01531837059133567,0.012737544774532372,0.10461141677134903,0.32603878309640355,0.2664352592819098,0.25156823747532875,0,0,1
2024-06-20,82.16999816894531,420499.0,85.70999908447266,52543.0,0.007328706088144798,0.004443380222101336,1.094748173329416,0.13975242640498167,0.26688337458706546,0.2514414157298508,0,0,1
2024-06-21,80.7300033569336,290500.0,85.23999786376953,25055.0,-0.017679954670203727,-0.0054987120600504666,-0.3698385249969248,-0.7405584735684739,0.27367070905099783,0.24942761913520775,0,0,1
2024-06-24,81.62999725341797,271745.0,86.01000213623047,28043.0,0.011086512827385236,0.00899281123133469,-0.06673944972394508,0.11266563804594343,0.2631203987048185,0.2459367263975238,0,0,1
2024-06-25,80.83000183105469,286038.0,85.01000213623047,26591.0,-0.009848601417630847,-0.011694671641954984,0.05126054255864313,-0.053166233786515936,0.26356532273251065,0.2488768675012436,0,0,1
2024-06-26,80.9000015258789,308410.0,85.25,18107.0,0.0008656365268328098,0.0028191944051921733,0.07530539745834822,-0.38427420883260976,0.26172789687092013,0.24752083009706385,0,0,1
2024-06-27,81.73999786376953,306342.0,86.38999938964844,11216.0,0.010329609075931839,0.013283805142094686,-0.006727941676307812,-0.47895727354627127,0.24785979795475818,0.2364474439078208,0,0,1
2024-06-28,81.54000091552734,260252.0,86.41000366210938,38920.0,-0.0024497433826135406,0.00023153092820624266,-0.16305173252480737,1.24416692702557,0.24623732247131833,0.2344198779483844,0,0,1
2024-07-01,83.37999725341797,345780.0,86.5999984741211,55468.0,0.02231473089305164,0.0021963457146134883,0.2841523422927328,0.3542980205738135,0.24715071456955653,0.21953144370291033,0,0,1
2024-07-02,82.80999755859375,367787.0,86.23999786376953,52311.0,-0.006859641948526388,-0.00416571555861527,0.061701231572574414,-0.05859960388815146,0.24387417508478398,0.21996870713811328,0,0,1
2024-07-03,83.87999725341797,289685.0,87.33999633789062,39021.0,0.01283837572594993,0.012674423738139335,-0.23870984051548103,-0.29310671125375304,0.19707461724822944,0.1556676735604032,0,0,1
2024-07-05,83.16000366210938,361357.0,86.54000091552734,51456.0,-0.008620666262815612,-0.009201760752087007,0.22107226360782972,0.2766271108067878,0.19213540270649537,0.1537173945626065,0,0,1
2024-07-08,82.33000183105469,251774.0,85.75,36568.0,-0.010030923475955026,-0.009170659329928407,-0.36133452961545054,-0.341553532527058,0.19893724079054717,0.15972347949494725,0,0,1
2024-07-09,81.41000366210938,297325.0,84.66000366210938,44667.0,-0.011237422981347668,-0.012792807696606224,0.16629395688720677,0.20006143291207984,0.19898155350570007,0.16141337103800046,0,0,1
2024-07-10,82.0999984741211,334380.0,85.08000183105469,51274.0,0.008439837303350642,0.00494873350415741,0.1174522541961909,0.1379488271451226,0.19915948414545842,0.1601087835124924,0,0,1
2024-07-11,82.62000274658203,324170.0,85.4000015258789,47743.0,0.006313817339398577,0.0037541068083579536,-0.03101000126152613,-0.07135134176491503,0.17786789055932534,0.13927304606661353,0,0,1
2024-07-12,82.20999908447266,370062.0,85.02999877929688,48430.0,-0.004974877184572584,-0.00434199762040384,0.13240248961998702,0.014286997093406998,0.17994324663642902,0.14094719821409427,0,0,1
2024-07-15,81.91000366210938,296520.0,84.8499984741211,36586.0,-0.0036558097911436604,-0.002119147344571181,-0.221555889379442,-0.2804538028460313,0.18017011781944786,0.13950386923893227,0,0,1
2024-07-16,80.76000213623047,308186.0,83.7300033569336,45546.0,-0.014139308340223741,-0.013287597388280356,0.038588827017077824,0.21905715069357967,0.1886876403201614,0.14830614684924368,0,0,1
2024-07-17,82.8499984741211,257437.0,85.08000183105469,44273.0,0.025549905558976974,0.01599463554489727,-0.17992846683016875,-0.02834779383316959,0.20594955514624072,0.15733297414287442,0,0,1
2024-07-18,82.81999969482422,95704.0,85.11000061035156,45867.0,-0.00036215102259073414,0.0003525328065952595,-0.9895149351068251,0.03537089381706987,0.19125406259028768,0.14283075546842253,0,0,1
2024-07-19,80.12999725341797,83795.0,82.62999725341797,45739.0,-0.03301929291921077,-0.029571767186629214,-0.13288675503176633,-0.002794578593173649,0.21846673888522947,0.16975419821657417,0,0,1
2024-07-22,79.77999877929688,345235.0,82.4000015258789,36408.0,-0.0043774503370086724,-0.00278732204019272,1.4158520047310288,-0.22816279493907193,0.21670253986028384,0.16839017279306645,0,0,1
2024-07-23,76.95999908447266,417941.0,81.01000213623047,45436.0,-0.035987036715088364,-0.01701282522101405,0.19111492966916954,0.2215162116548344,0.24184658701156306,0.17606096546826863,0,0,1
2024-07-24,77.58999633789062,355971.0,81.70999908447266,47261.0,0.008152711246337686,0.008603751979662684,-0.1604910073772629,0.039380688708680625,0.24001050599531454,0.1757479699258476,0,0,1
2024-07-25,78.27999877929688,457288.0,82.37000274658203,51868.0,0.00885362122617054,0.008044944105580683,0.2504641224802735,0.09301659860878217,0.24145365122952223,0.17595643814380302,0,0,1
2024-07-26,77.16000366210938,365121.0,81.12999725341797,27491.0,-0.014410891435045557,-0.015168553744716384,-0.22508458384449392,-0.6348433513067914,0.24531498906193297,0.1813408302578378,0,0,1
2024-07-29,75.80999755859375,362635.0,79.77999877929688,22531.0,-0.017651057634833576,-0.016779941376492632,-0.0068319867365234654,-0.19896653965659783,0.2463770267048652,0.17854827191435999,0,0,1
2024-07-30,74.7300033569336,419478.0,78.62999725341797,15035.0,-0.014348515000907594,-0.014519560103429422,0.1456142623880479,-0.40451132228275627,0.2491180426121477,0.18164676468884,0,0,1
2024-07-31,77.91000366210938,460315.0,80.72000122070312,54838.0,0.041672698484094266,0.02623312009507381,0.09289995658813212,1.2940025678584606,0.28190079303822485,0.2097154726945218,0,0,1
2024-08-01,76.30999755859375,383014.0,79.5199966430664,44000.0,-0.020750402038847978,-0.014977871034680248,-0.18383949569782218,-0.22019375038069167,0.28819028468102353,0.21355594526173433,0,0,1
2024-08-02,73.5199966430664,467786.0,76.80999755859375,58894.0,-0.03724652692098453,-0.03467371190777319,0.19993938434549394,0.2915495839782702,0.3033789205335898,0.22973058083004644,0,0,1
2024-08-05,72.94000244140625,500151.0,76.30000305175781,59442.0,-0.00792021353532362,-0.006661829938348533,0.06689912644649054,0.009261829322416896,0.3033204555095964,0.2294693043891394,0,0,1
2024-08-06,73.19999694824219,352250.0,76.4800033569336,45238.0,0.0035581604246189076,0.0023563343488685966,-0.3505689020505812,-0.2730636056131586,0.3048319712467977,0.23093005566862712,0,0,1
2024-08-07,75.2300033569336,427995.0,78.33000183105469,49730.0,0.02735475291781767,0.023901382119202865,0.1947703624917786,0.09467093112085762,0.32451427000745947,0.2503887035140597,0,0,1
2024-08-08,76.19000244140625,327301.0,79.16000366210938,40462.0,0.012680120334172904,0.010540472241175417,-0.26823127646715367,-0.2062451106714251,0.32684679248079235,0.2535517827493218,0,0,1
2024-08-09,76.83999633789062,263007.0,79.66000366210938,32227.0,0.008495037712886217,0.006296456728760983,-0.21869958901026681,-0.22755865154063187,0.3277628919371741,0.2546107066504769,0,0,1
2024-08-12,80.05999755859375,376747.0,82.30000305175781,45234.0,0.04105103282825877,0.03260352103867598,0.35939322684167396,0.3390444059430296,0.3620562377930667,0.2832816391951375,0,0,1
2024-08-13,78.3499984741211,370763.0,80.69000244140625,50485.0,-0.021590373742851835,-0.019756462646890717,-0.01601083017217069,0.10982724599866461,0.3688175929905206,0.29022851866919575,0,0,1
2024-08-14,76.9800033569336,357636.0,79.76000213623047,50327.0,-0.01764025786340206,-0.011592529680216504,-0.03604733508935147,-0.003134550041022828,0.37045140519201863,0.28948529643858856,0,0,1
2024-08-15,78.16000366210938,195122.0,81.04000091552734,33165.0,0.015212363125069652,0.015920718800842556,-0.6058907054156655,-0.4170466094377422,0.3623065903739956,0.28942650285118643,0,0,1
2024-08-16,76.6500015258789,100810.0,79.68000030517578,33753.0,-0.019508429363616648,-0.01692425413129556,-0.6603874468917839,0.017574199279525228,0.36674362883244627,0.2935770153968693,0,0,1
2024-08-19,74.37000274658203,118172.0,77.66000366210938,45853.0,-0.030196953578393984,-0.02567824564716948,0.15890363321125173,0.3063713250573847,0.3640195782624402,0.28944069070670453,0,0,1
2024-08-20,74.04000091552734,329276.0,77.19999694824219,39162.0,-0.004447171575921042,-0.005940953959002638,1.0247551145785694,-0.15773373843329386,0.3640216497921716,0.2896239252009351,0,0,1
2024-08-21,71.93000030517578,390527.0,76.05000305175781,45081.0,-0.028912071948661716,-0.015008358666579145,0.17060080415934292,0.14075398283056384,0.35683364288608654,0.28849205752603524,0,0,1
2024-08-22,73.01000213623047,334117.0,77.22000122070312,33822.0,0.014903019205474667,0.015267447810602438,-0.1560058779776268,-0.2873493933842062,0.3602935069977487,0.2927636229142064,0,0,1
2024-08-23,74.83000183105469,313764.0,79.0199966430664,19275.0,0.024622451234376702,0.023042435856957033,-0.06285012007295965,-0.5623025588780997,0.3707624257192651,0.3040843107146588,0,0,1
2024-08-26,77.41999816894531,409675.0,81.43000030517578,25997.0,0.03402622293678218,0.030042816725578462,0.26672305146786013,0.2991722272993874,0.38813442405341125,0.31932237725104634,0,0,1
2024-08-27,75.52999877929688,331162.0,79.55000305175781,21261.0,-0.024715209335050777,-0.02335796608018862,-0.21275648080318327,-0.2011067382525519,0.3929603736729788,0.3244945427883548,0,0,1
2024-08-28,74.5199966430664,337361.0,78.6500015258789,16512.0,-0.013462411477556464,-0.011378144241395544,0.01854589199736061,-0.2527870191970764,0.3925695001097987,0.3229188623811953,0,0,1
2024-08-29,75.91000366210938,408147.0,79.94000244140625,9726.0,0.018480975585486233,0.01626873491849767,0.19047383000500392,-0.5292846773175582,0.36896061036118694,0.31445810340886804,0,0,1
2024-08-30,73.55000305175781,427273.0,78.80000305175781,50268.0,-0.03158298773172092,-0.014363348231936773,0.045795749565978976,1.6425659797713041,0.3779768333974102,0.3141076948326409,0,0,1
2024-09-03,70.33999633789062,546617.0,73.75,70646.0,-0.04462491355686993,-0.06623204037179452,0.24632522116670624,0.34031279864814756,0.38745199605602465,0.3712752264374049,0,0,1
2024-09-04,69.19999694824219,482025.0,72.69999694824219,56979.0,-0.016339756459787656,-0.014339652657867852,-0.12575239443869465,-0.21499871150283678,0.39013256999532153,0.3734528891104543,0,0,1
2024-09-05,69.1500015258789,405596.0,72.69000244140625,47879.0,-0.0007227383460925007,-0.00013748547896886746,-0.17263838963005418,-0.1740057839737439,0.3895755234113266,0.3731607850183354,0,0,1
2024-09-06,67.66999816894531,351074.0,71.05999755859375,36035.0,-0.021635156991438764,-0.022679300847181554,-0.14436056283943582,-0.2841863065480606,0.37875121423958436,0.3665908814337562,0,0,1
2024-09-09,68.70999908447266,351074.0,71.83999633789062,35995.0,0.01525181253292539,0.010916816782121919,0.0,-0.0011106484551381426,0.38036881368726205,0.36678948798273303,0,0,1
2024-09-10,65.75,442855.0,69.19000244140625,47963.0,-0.04403506466059675,-0.03758499422177757,0.2322453752405707,0.28704984040851694,0.40004265385055976,0.38153563216510766,0,0,1
2024-09-11,67.30999755859375,393311.0,70.61000061035156,42995.0,0.023449106693669394,0.020315407375982024,-0.11864175517798249,-0.10934605046692322,0.3771615963553431,0.3677057926179315,0,0,1
2024-09-12,68.97000122070312,351976.0,71.97000122070312,42690.0,0.024362867390701433,0.019077596308752567,-0.11103765606312832,-0.007119129092989146,0.3900702866672887,0.3756457738961007,0,0,1
2024-09-13,68.6500015258789,308983.0,71.61000061035156,34281.0,-0.00465049070133241,-0.005014644938868862,-0.1302767322523593,-0.21937343593718434,0.38780522800840583,0.3749801320098135,0,0,1
2024-09-16,70.08999633789062,295176.0,72.75,36417.0,0.02075892382264858,0.01579416850948079,-0.04571447059485104,0.06044443375108983,0.39198292092566944,0.37489085171941183,0,0,1
2024-09-17,71.19000244140625,251629.0,73.69999694824219,38565.0,0.015572315146450825,0.012973851735848209,-0.15961600810297982,0.05730943080218619,0.3946644378112893,0.37734644576461357,0,0,1
2024-09-18,70.91000366210938,102907.0,73.6500015258789,35693.0,-0.00394087444963749,-0.0006785941608353138,-0.8941301127680966,-0.07739053825763047,0.3825976866906521,0.36885431397655527,0,0,1
2024-09-19,71.94999694824219,86630.0,74.87999725341797,36126.0,0.014559871958021912,0.016562631862939887,-0.1721794918350936,0.012058236582033777,0.38687559777424296,0.3744236229744152,0,0,1
2024-09-20,71.91999816894531,306997.0,74.48999786376953,27358.0,-0.0004170262146349265,-0.005221935979453926,1.2651917996504314,-0.27800383704311327,0.3736768865691994,0.37148262462306086,0,0,1
2024-09-23,70.37000274658203,338267.0,73.9000015258789,29116.0,-0.02178728969472246,-0.007952010908056948,0.09699754891989673,0.062278860588758846,0.3768330788242048,0.3673664532456784,0,0,1
2024-09-24,71.55999755859375,318516.0,75.16999816894531,31341.0,0.016769149514567056,0.0170393422284844,-0.06016281524311159,0.07363929326746921,0.37084136890326896,0.3627508401244512,0,0,1
2024-09-25,69.69000244140625,476237.0,73.45999908447266,31571.0,-0.026479354040803024,-0.023011162901943768,0.40224292025116,0.007311833186188842,0.35542790596302043,0.34931195247004143,0,0,1
2024-09-26,67.66999816894531,478069.0,71.5999984741211,18234.0,-0.029413947297257197,-0.02564597527314244,0.0038394440577955284,-0.5489509945469584,0.3590644996818367,0.35092110824533473,0,0,1
2024-09-27,68.18000030517578,341133.0,71.9800033569336,7872.0,0.0075083480002425705,0.005293296632474206,-0.33748264297085667,-0.8399758234127587,0.36035468094864503,0.35186232540767537,0,0,1
2024-09-30,68.16999816894531,350115.0,71.7699966430664,41928.0,-0.00014671267121886113,-0.0029218346194295696,0.025989241376895903,1.672641701749913,0.3512214727015218,0.3439739049362474,0,0,1
2024-10-01,69.83000183105469,668216.0,73.55999755859375,90111.0,0.024059184564979595,0.02463485187831503,0.6463498026183895,0.7650883822329456,0.35129018097378667,0.3570685991231821,0,0,1
2024-10-02,70.0999984741211,429225.0,73.9000015258789,53911.0,0.0038590291938212363,0.004611482055242054,-0.44263021759937393,-0.5137077050070297,0.3164020749088281,0.27446725778700654,0,0,1
2024-10-03,73.70999908447266,460554.0,77.62000274658203,68997.0,0.05021569050716062,0.049112312723694575,0.07044885570086694,0.24672848666540184,0.3551531732941666,0.3171158053273088,0,0,1
2024-10-04,74.37999725341797,428815.0,78.05000305175781,57481.0,0.00904858879004115,0.005524524735738198,-0.07140452217609979,-0.1826085669760889,0.35547324930866314,0.3169898948705854,0,0,1
2024-10-07,77.13999938964844,419018.0,80.93000030517578,55050.0,0.036434893297252344,0.03623490121699517,-0.023111712061427273,-0.04321259524640488,0.36067446458646296,0.3216097679064439,0,0,1
2024-10-08,73.56999969482422,496760.0,77.18000030517578,66184.0,-0.04738461507175182,-0.04744422721492033,0.1701931336532162,0.1841968787191928,0.4036542625484892,0.3706186225009727,0,0,1
2024-10-09,73.23999786376953,401159.0,76.58000183105469,46931.0,-0.004495639157300412,-0.007804390104051903,-0.21374915463389543,-0.3437603039770171,0.36684905917244026,0.34239163590313393,0,0,1
2024-10-10,75.8499984741211,321453.0,79.4000015258789,43562.0,0.035015995038710473,0.036162417511209036,-0.22150651419063763,-0.0744932272178285,0.37619329150096187,0.3555680479536174,0,0,1
2024-10-11,75.55999755859375,315302.0,79.04000091552734,44341.0,-0.0038306753550031453,-0.004544322448007127,-0.01932043355916204,0.017724546240363154,0.37120326585644425,0.35368628326414675,0,0,1
2024-10-14,73.83000183105469,273455.0,77.45999908447266,35593.0,-0.023161832450447797,-0.02019240275545151,-0.1423938351921159,-0.219760767622956,0.38223082148832715,0.36260588826505696,0,0,1
2024-10-15,70.58000183105469,328738.0,74.25,47877.0,-0.04501833368193956,-0.04232388458444073,0.18412400642060206,0.29648623277471564,0.4115244039256314,0.39288723873547743,0,0,1
2024-10-16,70.38999938964844,222437.0,74.22000122070312,40980.0,-0.0026956452410497786,-0.0004041056032662,-0.39061716547916,-0.15555107927440529,0.40784914132381617,0.39046363529227224,0,0,1
2024-10-17,70.66999816894531,188161.0,74.44999694824219,36901.0,0.003969929843791636,0.003094046059771714,-0.16734593612347323,-0.1048454918604752,0.40793817124460424,0.39055895818105396,0,0,1
2024-10-18,69.22000122070312,95768.0,73.05999755859375,34009.0,-0.020731272950513795,-0.018846730188634263,-0.6753693793729211,-0.08161345548018495,0.4102035090985757,0.39148707652285014,0,0,1
2024-10-21,70.55999755859375,92584.0,74.29000091552734,29891.0,0.019173521255786898,0.016695377536730022,-0.03381225940329214,-0.12906776372853385,0.4166243705873592,0.3959665972543687,0,0,1
2024-10-22,72.08999633789062,330456.0,76.04000091552734,36505.0,0.021451910519248066,0.023283164172893427,1.2723571782644043,0.19989180576648924,0.4162474560937065,0.40291278581412243,0,0,1
2024-10-23,70.7699966430664,293835.0,74.95999908447266,28090.0,-0.018480152964077994,-0.01430490394368236,-0.1174551335067076,-0.26203559639189683,0.4174898957274159,0.40217288909731363,0,0,1
2024-10-24,70.19000244140625,286571.0,74.37999725341797,23845.0,-0.008229249128125489,-0.007767574146049832,-0.025032061351483805,-0.16383908936596464,0.4078722831017574,0.39464305198331534,0,0,1
2024-10-25,71.77999877929688,287189.0,76.05000305175781,20056.0,0.022399983188136557,0.022204007263037125,0.002154211652929071,-0.1730461908941954,0.39965657981635994,0.389332145332483,0,0,1
2024-10-28,67.37999725341797,419623.0,71.41999816894531,28003.0,-0.06325767149745264,-0.06281314230514903,0.37921615352365995,0.33378328643696864,0.45982252969575743,0.4506488966902917,0,0,1
2024-10-29,67.20999908447266,291929.0,71.12000274658203,16776.0,-0.002526164855852338,-0.0042092867038290025,-0.362846067111149,-0.512362353693342,0.45986932461497115,0.4507627393754721,0,0,1
2024-10-30,68.61000061035156,284795.0,72.55000305175781,11034.0,0.02061627323877297,0.019907391569766626,-0.024740998813495813,-0.41896787874937974,0.4576855215789044,0.447737448450632,0,0,1
2024-10-31,69.26000213623047,311055.0,73.16000366210938,36772.0,0.009429264219159237,0.008372852184436027,0.08820012221397949,1.2037552711512691,0.45881136854510396,0.44848423234928186,0,0,1
2024-11-01,69.48999786376953,320572.0,73.0999984741211,32059.0,0.003315256766768306,-0.0008205276969572613,0.030137154698965773,-0.1371587308224744,0.42056597329175044,0.4106776674743823,0,0,1
2024-11-04,71.47000122070312,286947.0,75.08000183105469,31292.0,0.028094971727141534,0.026725890224480225,-0.11080937040022253,-0.024215481356199522,0.4323417919082484,0.42252591735368544,0,0,1
2024-11-05,71.98999786376953,247311.0,75.52999877929688,40233.0,0.007249392495397435,0.005975676057168695,-0.14865087579031688,0.2513250805740786,0.4110307547537589,0.4005953146821188,0,0,1
2024-11-06,71.69000244140625,388265.0,74.91999816894531,57996.0,-0.004175888887395827,-0.00810905902776955,0.4510414422563413,0.3656864882540346,0.3785995218230714,0.3677965369278248,0,0,1
2024-11-07,72.36000061035156,353595.0,75.62999725341797,41262.0,0.009302367042198464,0.009432140416142947,-0.09353590579066047,-0.3404320630851932,0.3801153123959942,0.3688688960691691,0,0,1
2024-11-08,70.37999725341797,362038.0,73.87000274658203,35855.0,-0.02774457609362235,-0.023546164829960876,0.02359698830022687,-0.14045895223121588,0.368054099089581,0.3514814685479732,0,0,1
2024-11-11,68.04000091552734,364506.0,71.83000183105469,33838.0,-0.03381331188501914,-0.028004587143724242,0.006793833526335966,-0.057898595997933615,0.3826913200123146,0.36166015631270204,0,0,1
2024-11-12,68.12000274658203,286926.0,71.88999938964844,38295.0,0.001175115130863235,0.0008349229274907661,-0.23931866942659255,0.12373490802495221,0.3773813349482952,0.35751599691316654,0,0,1
2024-11-13,68.43000030517578,386027.0,72.27999877929688,43666.0,0.004540433309838222,0.005410284329790983,0.29668297241310815,0.13125042787936791,0.34706487443484213,0.3294289289086127,0,0,1
2024-11-14,68.69999694824219,232270.0,72.55999755859375,32367.0,0.003937825382707094,0.0038663233246620517,-0.5080068271175735,-0.29943038200361216,0.347530862897264,0.32990388009106864,0,0,1
2024-11-15,67.0199966430664,205235.0,71.04000091552734,30126.0,-0.024758122586163202,-0.021170660588751933,-0.12374482403337414,-0.07175079895668934,0.3563278176865737,0.33667688583702865,0,0,1
2024-11-18,69.16000366210938,110375.0,73.30000305175781,30425.0,0.031431681545723344,0.03131753895500344,-0.6202720051300272,0.009876052592967467,0.3683602248577132,0.35006598383440024,0,0,1
2024-11-19,69.38999938964844,89360.0,73.30999755859375,32668.0,0.003320042349147119,0.0001363414065864249,-0.21121050416317877,0.07113136662243835,0.3619789819083246,0.3448695506449762,0,0,1
2024-11-20,68.87000274658203,235637.0,72.80999755859375,26041.0,-0.007522046678218695,-0.006843717057570064,0.9696193305264869,-0.22672378643525895,0.353352986185775,0.3341705514184335,0,0,1
2024-11-21,70.0999984741211,283850.0,74.2300033569336,35756.0,0.017702062836089758,0.019315151477437786,0.18615344432930309,0.3170458681648359,0.35454493423906297,0.33891792792080666,0,0,1
2024-11-22,71.23999786376953,408207.0,75.16999816894531,29569.0,0.01613165616169969,0.012583764477665318,0.36332846906861493,-0.18999157199190714,0.35784037953638403,0.3407210750457692,0,0,1
2024-11-25,68.94000244140625,380922.0,73.01000213623047,29335.0,-0.032817831932857484,-0.02915574350311125,-0.0691797689270005,-0.00794517285587575,0.3666774857258915,0.34591617631548427,0,0,1
2024-11-26,68.7699966430664,292138.0,72.80999755859375,17616.0,-0.0024690419843932956,-0.002743172451991986,-0.2653683363918433,-0.509973762397499,0.29126879546136447,0.26611130724832754,0,0,1
2024-11-27,68.72000122070312,227215.0,72.83000183105469,10246.0,-0.0007272590783860844,0.0002747084958880715,-0.2513295875720481,-0.5419201944633136,0.2910631336554321,0.2654753288820567,0,0,1
2024-11-29,68.0,291408.0,72.94000244140625,45282.0,-0.010532590263326157,0.0015092354806524578,0.24882764126172974,1.4860222170137758,0.2846198952876752,0.2565811288340697,0,0,1
2024-12-02,68.0999984741211,264883.0,71.83000183105469,31283.0,0.0014694855729147065,-0.015334977273752324,-0.09543612799791552,-0.36983478352415866,0.28247494864668987,0.2602477250797644,0,0,1
2024-12-03,69.94000244140625,303752.0,73.62000274658203,40365.0,0.026660575793360352,0.024614523680213763,0.13692335993694887,0.2548882538403511,0.2979189311223094,0.2748203583596146,0,0,1
2024-12-04,68.54000091552734,325636.0,72.30999755859375,36988.0,-0.020220236738356396,-0.01795436683461857,0.06956861413185772,-0.08736953713158668,0.28798507738173895,0.2641408216009573,0,0,1
2024-12-05,68.30000305175781,286701.0,72.08999633789062,32373.0,-0.0035077185456156065,-0.00304711080645381,-0.12734033227732228,-0.13326879366568586,0.28603929079195384,0.26264342239311106,0,0,1
2024-12-06,67.19999694824219,341593.0,71.12000274658203,27572.0,-0.01623660914236962,-0.013546657792723805,0.17518010905141956,-0.16052397702630086,0.289951137085111,0.2648459460444993,0,0,1
2024-12-09,68.37000274658203,297085.0,72.13999938964844,25921.0,0.017260969981989026,0.014240037190108341,-0.1396016767583401,-0.061747314036616395,0.2954912586112118,0.26807437091443886,0,0,1
2024-12-10,68.58999633789062,286003.0,72.19000244140625,32220.0,0.0032125260218978198,0.0006928989555049538,-0.038015992867508556,0.2175339267620394,0.2815637854249902,0.2567213910335274,0,0,1
2024-12-11,70.29000091552734,335892.0,73.5199966430664,35954.0,0.02448285609288817,0.018255866417045095,0.16078737944721258,0.10965296587539605,0.2686778783292476,0.24539067726403255,0,0,1
2024-12-12,70.0199966430664,326046.0,73.41000366210938,36231.0,-0.0038486866287931534,-0.0014972163788985707,-0.029751204015628554,0.007674762337123632,0.2693288470252298,0.24555623356121303,0,0,1
2024-12-13,71.29000091552734,230429.0,74.48999786376953,26225.0,0.017975210387811715,0.014604643501710098,-0.34709568675033897,-0.323201951678987,0.2753136955118005,0.24966978415578805,0,0,1
2024-12-16,70.70999908447266,204296.0,73.91000366210938,25458.0,-0.008169085303320521,-0.007816673165080569,-0.12037286637508443,-0.029683118834118043,0.27739864488488736,0.25150915258466783,0,0,1
2024-12-17,70.08000183105469,99604.0,73.19000244140625,26356.0,-0.00894951991231415,-0.009789353374783484,-0.7183675981547825,0.03466591760333062,0.26370215540194625,0.24184201380812206,0,0,1
2024-12-18,70.58000183105469,99386.0,73.38999938964844,25873.0,0.007109371433892709,0.00272884527018541,-0.002191065754198345,-0.01849599913941879,0.24223053814867485,0.2162312138521927,0,0,1
2024-12-19,69.91000366210938,291660.0,72.87999725341797,27742.0,-0.009538091283001255,-0.006973462975081408,1.0765774816129117,0.06974755642894381,0.24473952003176064,0.21759726672494295,0,0,1
2024-12-20,69.45999908447266,231592.0,72.94000244140625,25362.0,-0.006457718771803879,0.0008230035866250031,-0.23061153749751354,-0.08969551952839053,0.2443353052261185,0.2163003010474326,0,0,1
2024-12-23,69.23999786376953,188843.0,72.62999725341797,20997.0,-0.003172334679827193,-0.004259197049971501,-0.2040612207712761,-0.18887242043719563,0.236284582896533,0.20501381483524572,0,0,1
2024-12-24,70.0999984741211,122602.0,73.58000183105469,8922.0,0.012344072817910593,0.012995252759856623,-0.4319726454338745,-0.8558594336694393,0.23325249991590868,0.20536295514278446,0,0,1
2024-12-26,69.62000274658203,144877.0,73.26000213623047,5773.0,-0.006870850439029008,-0.0043584880516078055,0.1669417699861865,-0.4353282606272766,0.2037880358609976,0.17880100403984725,0,0,1
2024-12-27,70.5999984741211,172641.0,74.16999816894531,5515.0,0.013978201051839344,0.012344944550955238,0.17532918732447766,-0.04572022337333078,0.2087070627128396,0.1832940594942498,0,0,1
2024-12-30,70.98999786376953,199296.0,74.38999938964844,30436.0,0.00550886907312227,0.0029617849372990854,0.143576862878059,1.7081544656088106,0.2090801004191925,0.18341833220625164,0,0,1
2024-12-31,71.72000122070312,151155.0,74.63999938964844,20588.0,0.010230673798029735,0.003355032363319517,-0.27648535637100297,-0.39091773652376816,0.20631795649269896,0.18359309937256504,0,0,1
2025-01-02,73.12999725341797,306498.0,75.93000030517578,41474.0,0.019468975967998597,0.01713531888249837,0.7069054296690197,0.7003583430851406,0.2144084723892822,0.18141854236152402,0,0,1
2025-01-03,73.95999908447266,296040.0,76.51000213623047,38822.0,0.011285752414910675,0.007609611920376469,-0.03471664974022944,-0.06607962862674903,0.19948145928307712,0.16421786353249362,0,0,1
2025-01-06,73.55999755859375,306042.0,76.30000305175781,49229.0,-0.005423027593440198,-0.0027485008774552544,0.0332277671064836,0.23749578449751385,0.18408711151315904,0.14886112746550023,0,0,1
2025-01-07,74.25,277328.0,77.05000305175781,37188.0,0.009336411136007488,0.009781623086386816,-0.09852142623679477,-0.28049675215280184,0.18342008417410416,0.1494075744049697,0,0,1
2025-01-08,73.31999969482422,328617.0,76.16000366210938,46650.0,-0.012604358873549463,-0.011618162806095103,0.1696920176977944,0.2266867986997413,0.17874840425800684,0.1468159597988173,0,0,1
2025-01-09,73.91999816894531,213421.0,76.91999816894531,31706.0,0.008149983753407338,0.009929458348387493,-0.431626198122831,-0.38616698987231673,0.1730230826200166,0.14347548766348628,0,0,1
2025-01-10,76.56999969482422,478432.0,79.76000213623047,92049.0,0.035221948576786184,0.0362562555208976,0.8072473492575996,1.065815106537987,0.2045130693682883,0.1834263925087067,0,0,1
2025-01-13,78.81999969482422,460942.0,81.01000213623047,77109.0,0.028961416755598178,0.015550477775546485,-0.03724186839906848,-0.17710103868482302,0.21032814571854122,0.18114138772697197,0,0,1
2025-01-14,77.5,326729.0,79.91999816894531,67129.0,-0.016888831535749937,-0.013546518783156493,-0.34414114051252986,-0.13860386390403023,0.22211594931006431,0.19081878199464483,0,0,1
2025-01-15,80.04000091552734,321422.0,82.02999877929688,69122.0,0.03224858479460386,0.02605890770427604,-0.01637617963020136,0.029256917892200977,0.23771260972871525,0.202568350504538,0,0,1
2025-01-16,78.68000030517578,159948.0,81.29000091552734,69075.0,-0.017137523754351097,-0.009062000112514115,-0.6979061390798361,-0.0006801884528906829,0.24609889648744454,0.20357293766684081,0,0,1
2025-01-17,77.87999725341797,112409.0,80.79000091552734,42284.0,-0.010219852162402603,-0.006169812197161495,-0.3527047569814388,-0.49078410690306357,0.24704925821537102,0.20073080489707187,0,0,1
2025-01-21,75.88999938964844,568807.0,79.29000091552734,83935.0,-0.025884229863912228,-0.018741177992928564,1.6213971795952706,0.6856339258679608,0.26900465739051754,0.21654863857211568,0,0,1
2025-01-22,75.44000244140625,315333.0,79.0,40868.0,-0.005947244685812746,-0.0036641763638535544,-0.5899119617229558,-0.7196953290452001,0.2671003044096136,0.21479319855902804,0,0,1
2025-01-23,74.62000274658203,350688.0,78.29000091552734,46348.0,-0.010929066086829906,-0.009027959853146592,0.10626771598022428,0.12583078040563872,0.269663881719389,0.21920194524299164,0,0,1
2025-01-24,74.66000366210938,319679.0,78.5,30464.0,0.0005359179363270571,0.0026787321744879034,-0.09257957195381374,-0.41963248252586105,0.26882764977343215,0.21746988005390697,0,0,1
2025-01-27,73.16999816894531,334418.0,77.08000183105469,40623.0,-0.020159046665649796,-0.01825475748694721,0.04507434018591333,0.28778875005984195,0.27888083799746805,0.2273602099739635,0,0,1
2025-01-28,73.7699966430664,326075.0,77.48999786376953,29822.0,0.008166623519532719,0.005305000906621637,-0.025264291256734555,-0.3090880325000811,0.277688500340192,0.22630289650047525,0,0,1
2025-01-29,72.62000274658203,312733.0,76.58000183105469,19845.0,-0.015711695583328272,-0.011812898248537868,-0.04177762490148329,-0.40729428993368705,0.28159076198198835,0.22875354682080265,0,0,1
2025-01-30,72.7300033569336,336475.0,76.87000274658203,8389.0,0.001513596515076029,0.0037797491317610073,0.07317406076491592,-0.8610307623708712,0.281185908712168,0.22883591904146872,0,0,1
2025-01-31,72.52999877929688,376335.0,76.76000213623047,50618.0,-0.0027537477775536725,-0.001432020121765803,0.11195585204992914,1.7973859203972078,0.279496702553634,0.2289640219416041,0,0,1
2025-02-03,73.16000366210938,517853.0,75.95999908447266,75087.0,0.008648621033832713,-0.010476825078165336,0.3192117140317532,0.3943401969947916,0.2726912676102159,0.22489662818524495,0,0,1
2025-02-04,72.69999694824219,452961.0,76.19999694824219,62716.0,-0.006307531016772015,0.003154548751955607,-0.13388538913985,-0.18003084275795286,0.2703329890551729,0.22352732126837513,0,0,1
2025-02-05,71.02999877929688,289902.0,74.61000061035156,30739.0,-0.023239036738083033,-0.02108686797930193,-0.44626309422713367,-0.7130843918212547,0.28099150901850634,0.23490598573898683,0,0,1
2025-02-06,70.61000061035156,299037.0,74.29000091552734,41460.0,-0.005930519651740896,-0.00429818917657237,0.031024376719724134,0.2991969003306842,0.2784241694418673,0.2317555752865176,0,0,1
2025-02-07,71.0,273766.0,74.66000366210938,35634.0,0.005508090869077976,0.004968157049513478,-0.08829358464289494,-0.15142886874585537,0.27712131255523315,0.22996056565122178,0,0,1
2025-02-10,72.31999969482422,255941.0,75.87000274658203,27341.0,0.018420834822807805,0.01607686301421926,-0.06732677774374823,-0.26491283119010695,0.2838447158691482,0.23456407908555799,0,0,1
2025-02-11,73.31999969482422,266819.0,77.0,37979.0,0.013732706945136314,0.014784036302540793,0.04162357673108889,0.32864596831865467,0.2578202459054938,0.20144620687431308,0,0,1
2025-02-12,71.37000274658203,318123.0,75.18000030517578,47048.0,-0.026955767342579182,-0.023920179658383733,0.17586757454944207,0.21413498176732904,0.24550328582827072,0.2052809971384223,0,0,1
2025-02-13,71.29000091552734,278197.0,75.0199966430664,37759.0,-0.001121573494846507,-0.002130542288741826,-0.1341086046258052,-0.21994449928188456,0.2417089960582135,0.20206493889092234,0,0,1
2025-02-14,70.73999786376953,207719.0,74.73999786376953,41397.0,-0.007744924392838291,-0.003739304431378567,-0.29214329103067965,0.09198455656175668,0.20274937935041412,0.17220617784712414,0,0,1
2025-02-18,71.8499984741211,130937.0,75.83999633789062,50542.0,0.015569437709031842,0.01461041418427828,-0.4614699132981908,0.19959625935529568,0.21134573124335376,0.18335074554055283,0,0,1
2025-02-19,72.25,69012.0,76.04000091552734,30426.0,0.005551735704514271,0.0026337200008458993,-0.6404358889737967,-0.5075071677518856,0.2128585120678441,0.18415179603873247,0,0,1
2025-02-20,72.56999969482422,240060.0,76.4800033569336,33347.0,0.004419282092243165,0.005769782975801222,1.2466084895775813,0.09167030725201122,0.19821852033071163,0.17699604986815354,0,0,1
2025-02-21,70.4000015258789,268470.0,74.43000030517578,28100.0,-0.030358324246371943,-0.027170222164114025,0.11185028376567796,-0.17119823695324818,0.22088347113283166,0.19776425627180683,0,0,1
2025-02-24,70.69999694824219,205468.0,74.77999877929688,17858.0,0.004252244899222221,0.004691362753051228,-0.26744887181341387,-0.45331798924467537,0.22053048515267695,0.1980635022162446,0,0,1
2025-02-25,68.93000030517578,267310.0,73.0199966430664,19080.0,-0.02535402841274555,-0.02381712297034897,0.26311872954415333,0.06618907892511587,0.23377552965768378,0.2107285396211991,0,0,1
2025-02-26,68.62000274658203,255601.0,72.52999877929688,11916.0,-0.004507423868616894,-0.006733077709692673,-0.044791398734822206,-0.47075863116910466,0.2261400536033362,0.20420535870012435,0,0,1
2025-02-27,70.3499984741211,265933.0,74.04000091552734,7925.0,0.024898684414304355,0.020605247525603197,0.039626762496638004,-0.4078597150876915,0.24337496209300405,0.21833812075148565,0,0,1
2025-02-28,69.76000213623047,250074.0,73.18000030517578,36432.0,-0.008421951647283326,-0.01168333630933562,-0.06148752329254252,1.5254251895580393,0.23957888255103432,0.21826646234096045,0,0,1
2025-03-03,68.37000274658203,332751.0,71.62000274658203,51816.0,-0.020126638125264197,-0.02154776084161021,0.28563758846701953,0.35225147255923217,0.24728288965918813,0.2270359931649626,0,0,1
2025-03-04,68.26000213623047,386750.0,71.04000091552734,58867.0,-0.0016101973239740863,-0.008131291348252717,0.15038402692326663,0.1275816801192584,0.24732568987692882,0.22750156630983356,0,0,1
2025-03-05,66.30999755859375,382493.0,69.30000305175781,51721.0,-0.02898329621135002,-0.02479816133863946,-0.011068137007638706,-0.1294167734030102,0.2592724358838254,0.2380511905225263,0,0,1
2025-03-06,66.36000061035156,341632.0,69.45999908447266,49024.0,0.0007537959571209369,0.002306083902520818,-0.11297621810353255,-0.05355391447873799,0.25986760333546616,0.23773121692842303,0,0,1
2025-03-07,67.04000091552734,329710.0,70.36000061035156,46468.0,0.010194995310435618,0.012873894408766146,-0.03552065412070332,-0.05354607046689772,0.2550025954521974,0.23682039041883052,0,0,1
2025-03-10,66.02999877929688,249633.0,69.27999877929688,33488.0,-0.015180304110880534,-0.01546868190972197,-0.27822164092674195,-0.32757673794758446,0.25844475276155565,0.24084228615081607,0,0,1
2025-03-11,66.25,222511.0,69.55999755859375,26933.0,0.0033262991469503343,0.0040334077539037365,-0.11501530070804449,-0.2178348651589139,0.257628398336092,0.24045820089191225,0,0,1
2025-03-12,67.68000030517578,246675.0,70.94999694824219,30577.0,0.02135525494073462,0.019785706205021205,0.10309514215671589,0.12689579180822594,0.26092474915713787,0.24454591481736,0,0,1
2025-03-13,66.55000305175781,268590.0,69.87999725341797,33450.0,-0.016837129109330447,-0.01519591463166544,0.085114372570944,0.08980369422128154,0.2574573250442288,0.23876132034565153,0,0,1
2025-03-14,67.18000030517578,180495.0,70.58000183105469,24740.0,0.009421998029069015,0.009967398228501609,-0.3974829767559388,-0.30163041960989556,0.24835985858568718,0.2330362858451365,0,0,1
2025-03-17,67.58000183105469,161298.0,71.06999969482422,29314.0,0.005936519653962617,0.006918458354695154,-0.11244949075998839,0.1696438506407671,0.25018666440849513,0.23555953162203858,0,0,1
2025-03-18,66.9000015258789,110338.0,70.55999755859375,32008.0,-0.010113118438230645,-0.007201925446680359,-0.37970520391124,0.08792065394982494,0.25094021943109374,0.23607986991740437,0,0,1
2025-03-19,67.16000366210938,73077.0,70.77999877929688,26898.0,0.0038788967949342436,0.003113080572769103,-0.41203470212293236,-0.17393393715357652,0.24339529101467336,0.22867623208974783,0,0,1
2025-03-20,68.26000213623047,283376.0,72.0,33049.0,0.016246088036584214,0.017089661345179495,1.3552609579502017,0.20593937425249828,0.2509505028531431,0.2386582393085099,0,0,1
2025-03-21,68.27999877929688,198964.0,72.16000366210938,23983.0,0.00029290527428279986,0.002219807488164401,-0.353650733877594,-0.3206460626258275,0.24987926245430198,0.23740314984631097,0,0,1
2025-03-24,69.11000061035156,247024.0,73.0,31456.0,0.012082566886560389,0.011573514644171373,0.21636159406288835,0.2712444979367278,0.23385722247403123,0.22483099901408848,0,0,1
2025-03-25,69.0,258411.0,73.0199966430664,30415.0,-0.0015929423376389708,0.00027388910630211086,0.045065842762256385,-0.033653836192087394,0.23311611894311587,0.22395996515816957,0,0,1
2025-03-26,69.6500015258789,262413.0,73.79000091552734,27419.0,0.00937621753636423,0.010489903222782648,0.015368257863835416,-0.10369970403366106,0.21827016222464682,0.21135623641168474,0,0,1
2025-03-27,69.91999816894531,211825.0,74.02999877929688,19183.0,0.0038689830258029543,0.0032471664882276013,-0.2141591364411348,-0.3572117335848068,0.21777955161642948,0.20987545892880236,0,0,1
2025-03-28,69.36000061035156,246650.0,73.62999725341797,12292.0,-0.008041363887377214,-0.005417885887564567,0.15220986559521943,-0.44507582588596256,0.2013012988246212,0.19824433542904119,0,0,1
2025-03-31,71.4800033569336,313087.0,74.73999786376953,53426.0,0.030107395982433494,0.014962881397040679,0.2385107795095617,1.4693488745905285,0.2254204945623036,0.20038324635390295,0,0,1
2025-04-01,71.19999694824219,272832.0,74.48999786376953,54055.0,-0.003924961698320787,-0.0033505359650791173,-0.13762488604656373,0.011704527885967906,0.21277554962737336,0.18380791405794278,0,0,1
2025-04-02,71.70999908447266,286501.0,74.94999694824219,61062.0,0.007137419571240765,0.006156324321256228,0.04888580540735389,0.1218876946931148,0.2130985287954597,0.18064796146517303,0,0,1
2025-04-03,66.94999694824219,459238.0,70.13999938964844,100212.0,-0.06868416857286343,-0.06632794782122915,0.47182656764468944,0.4953982005212431,0.30930661185835157,0.2862743407193449,0,0,1
2025-04-04,61.9900016784668,559638.0,65.58000183105469,121211.0,-0.07697291776429961,-0.06722243667269447,0.19772155193794413,0.19024488663367317,0.4093743090743969,0.3700382234925013,0,0,1
2025-04-07,60.70000076293945,597617.0,64.20999908447266,114411.0,-0.021029398155768406,-0.021111851789805954,0.06565993440308378,-0.05773560042339926,0.4107461987319692,0.3707003092733552,0,0,1
2025-04-08,59.58000183105469,557655.0,62.81999969482422,89690.0,-0.018623732616628662,-0.021885458295066693,-0.06920958893803103,-0.2434379480394549,0.41202121292986643,0.3737778057396359,0,0,1
2025-04-09,62.349998474121094,592250.0,65.4800033569336,127044.0,0.04544366963540521,0.04147131451692063,0.06018835144110939,0.34817420301933133,0.446960177599966,0.4058715315527249,0,0,1
2025-04-10,60.06999969482422,391826.0,63.33000183105469,78111.0,-0.037253103871513815,-0.03338562432823125,-0.41311097934225466,-0.48640259115091594,0.45297394613972947,0.4102317034056661,0,0,1
2025-04-11,61.5,306231.0,64.76000213623047,58543.0,0.02352663103073811,0.022328982355065558,-0.2464781445786411,-0.28836936503707944,0.4619388933419955,0.41944476929919255,0,0,1
2025-04-14,61.529998779296875,238068.0,64.87999725341797,43786.0,0.0004876661007729428,0.0018512056775789288,-0.25178337196936385,-0.29044739537610326,0.45975864623093765,0.4170667657680853,0,0,1
2025-04-15,61.33000183105469,197404.0,64.66999816894531,40096.0,-0.003255691419578087,-0.003241980329212837,-0.18730395693003582,-0.08803755287148667,0.4583096825139411,0.41519317935472067,0,0,1
2025-04-16,62.470001220703125,213194.0,65.8499984741211,50308.0,0.018417311552440873,0.018082017872566945,0.07695015908796166,0.22688753147125135,0.4646149011404493,0.4222927370963783,0,0,1
2025-04-17,64.68000030517578,111479.0,67.95999908447266,39781.0,0.0347655783810385,0.03153987831492055,-0.6483663169519197,-0.23477469881461138,0.48256949619457906,0.43887905493654755,0,0,1
2025-04-21,63.08000183105469,82671.0,66.26000213623047,38512.0,-0.025048248304809336,-0.02533285422029827,-0.2989673568767766,-0.03241953032958163,0.4843196713702229,0.4403083798383317,0,0,1
2025-04-22,64.30999755859375,297928.0,67.44000244140625,46152.0,0.019311311061345086,0.017651920782888627,1.281982971096708,0.18097041591387225,0.4907621046654583,0.44624101594277177,0,0,1
2025-04-23,62.27000045776367,397841.0,66.12000274658203,58914.0,-0.03223532594805014,-0.01976703540258393,0.2892005814020472,0.2441384564606199,0.4977315981538959,0.4463553725318688,0,0,1
2025-04-24,62.790000915527344,264908.0,66.55000305175781,36169.0,0.008316063471168578,0.006482276205560202,-0.40666983207910873,-0.4878763550548472,0.4997564324490341,0.44774542508499454,0,0,1
2025-04-25,63.02000045776367,283758.0,66.87000274658203,30729.0,0.003656303886111966,0.0047968864416069144,0.06873916633326187,-0.16299556423785366,0.4981468227250197,0.44578709190853544,0,0,1
2025-04-28,62.04999923706055,276116.0,65.86000061035156,21525.0,-0.015511644237855738,-0.015219190923715473,-0.02730069495559225,-0.35599178380871266,0.49843915928429283,0.44623425659323784,0,0,1
2025-04-29,60.41999816894531,312373.0,64.25,17528.0,-0.026620353701971432,-0.024749562440298144,0.12337691929841486,-0.20541544802062908,0.5036728947385042,0.451149852302208,0,0,1
2025-04-30,58.209999084472656,419549.0,63.119998931884766,79025.0,-0.03726300009744934,-0.017744064159688273,0.29498233823350484,1.505964655808516,0.4958644309726049,0.4457489062137576,0,0,1
2025-05-01,59.2400016784668,364216.0,62.130001068115234,66984.0,0.017539872177297182,-0.015808678348420504,-0.1414332265730243,-0.16531047319955067,0.5045562151091264,0.4461841070036005,0,0,1
2025-05-02,58.290000915527344,322096.0,61.290000915527344,58444.0,-0.016166449969052803,-0.01361226883195014,-0.12289746047760355,-0.13638475409229278,0.5017566498514956,0.4431691088381644,0,0,1
2025-05-05,57.130001068115234,308387.0,60.22999954223633,49504.0,-0.020101176331286184,-0.0174461529799008,-0.043494150003752466,-0.1660155564191824,0.4561508934006221,0.393916394674097,0,0,1
2025-05-06,59.09000015258789,343893.0,62.150001525878906,63444.0,0.03373231650728526,0.03138028305290159,0.10897507472405052,0.24810415265065794,0.4018409773430523,0.3504709091811119,0,0,1
2025-05-07,58.06999969482422,295238.0,61.119998931884766,60579.0,-0.017412533811229817,-0.016711715125713435,-0.1525487517477079,-0.046209328676518016,0.39990545670656596,0.34785756849873295,0,0,1
2025-05-08,59.90999984741211,281000.0,62.84000015258789,56931.0,0.031194259420231813,0.0277526884330597,-0.04942714139531699,-0.06210829012484393,0.4110643217777207,0.35515334460406556,0,0,1
2025-05-09,61.02000045776367,239640.0,63.90999984741211,51994.0,0.01835825324150491,0.016884025459029856,-0.15921687211802166,-0.09071168093122554,0.38332642762857544,0.328179972494104,0,0,1
2025-05-12,61.95000076293945,325865.0,64.95999908447266,62946.0,0.015125933600171835,0.016295840485066205,0.3073453879541328,0.19114888866867763,0.3633798112002331,0.31140011797247175,0,0,1
2025-05-13,63.66999816894531,258795.0,66.62999725341797,55567.0,0.027385844879859716,0.025383203593329427,-0.23044694266792004,-0.1246877161065176,0.3665636510992253,0.3141773623774433,0,0,1
2025-05-14,63.150001525878906,225626.0,66.08999633789062,49980.0,-0.008200592311148426,-0.008137491281628058,-0.1371574812916494,-0.10596657446407948,0.3681433152772495,0.3158796319236655,0,0,1
2025-05-15,61.619998931884766,258404.0,64.52999877929688,70642.0,-0.024526397124652956,-0.023887181040497734,0.13564549045450816,0.3460019430588864,0.37863871658555115,0.32716827830101747,0,0,1
2025-05-16,62.4900016784668,121556.0,65.41000366210938,38629.0,0.014020094966139728,0.013544994929198518,-0.7541491897186431,-0.6036215787391862,0.3762756647876491,0.3243561734814958,0,0,1
2025-05-19,62.689998626708984,95570.0,65.54000091552734,43539.0,0.003195352579058796,0.001985449279539095,-0.2405160986680644,0.11965379842982908,0.3548199719572668,0.30325026977447056,0,0,1
2025-05-20,62.560001373291016,250414.0,65.37999725341797,42663.0,-0.0020758051911769233,-0.002444297953104836,0.96325658492805,-0.020325054097666564,0.3443703089017396,0.29091488336941596,0,0,1
2025-05-21,61.56999969482422,302702.0,64.91000366210938,58658.0,-0.015951384222085634,-0.007214607822912097,0.1896332750015573,0.3183919341258975,0.34059024415628003,0.2838860711802465,0,0,1
2025-05-22,61.20000076293945,258549.0,64.44000244140625,45811.0,-0.006027531981941245,-0.007267155268361538,-0.15766359209678915,-0.24719973122925756,0.3229919960471301,0.27715203857087434,0,0,1
2025-05-23,61.529998779296875,273392.0,64.77999877929688,29810.0,0.005377638928633734,0.005262298704079938,0.0558214315950112,-0.42968032926532884,0.32210329813914323,0.27675647659999736,0,0,1
2025-05-27,60.88999938964844,291317.0,64.08999633789062,34117.0,-0.010455893316601546,-0.010708606523327707,0.0635053586366328,0.13495188609717979,0.3232596792961768,0.27767479362458886,0,0,1
2025-05-28,61.84000015258789,260374.0,64.9000015258789,17817.0,0.015481459149985511,0.012559358845247061,-0.11229296238328781,-0.649642736085327,0.32432616214200555,0.27771348697325426,0,0,1
2025-05-29,60.939998626708984,299859.0,64.1500015258789,10456.0,-0.014660655724199617,-0.011623532373520932,0.1411933052123186,-0.5329770813799121,0.31453070804352234,0.26690263782230983,0,0,1
2025-05-30,60.790000915527344,384927.0,63.900001525878906,63546.0,-0.002464434201305977,-0.0039047295850964114,0.24974134174827015,1.8045880767676663,0.2835951034284026,0.2595629934251444,0,0,1
2025-06-02,62.52000045776367,403580.0,64.62999725341797,57349.0,0.02806119605402807,0.01135927151513094,0.047321027317886864,-0.10260864645786041,0.29301448514456785,0.25496388369672157,0,0,1
2025-06-03,63.40999984741211,291260.0,65.62999725341797,43536.0,0.01413506243041926,0.015354209858351436,-0.3261583941833037,-0.27556722459083627,0.28735253230295466,0.25252258422780977,0,0,1
2025-06-04,62.849998474121094,321128.0,64.86000061035156,56182.0,-0.008870664547419721,-0.011801756346676295,0.0976234584884567,0.2550082388591478,0.2779596177438667,0.2473965335909608,0,0,1
2025-06-05,63.369998931884766,232423.0,65.33999633789062,38658.0,0.00823963572205525,0.0073732398364828805,-0.3232808101643123,-0.37384268151547795,0.2575052735796693,0.2264294753052924,0,0,1
2025-06-06,64.58000183105469,310133.0,66.47000122070312,39490.0,0.01891424720320025,0.017146386292265985,0.2884422503506539,0.021293735913997688,0.2513089687923634,0.22075837595187575,0,0,1
2025-06-09,65.29000091552734,235900.0,67.04000091552734,35213.0,0.010934105537609646,0.008538733412048536,-0.2735932513156032,-0.11463214269386161,0.23396319702339674,0.20411144396757488,0,0,1
2025-06-10,64.9800033569336,279021.0,66.87000274658203,40266.0,-0.004759317319035391,-0.002538992690918894,0.16787906139238531,0.1340921077994609,0.229875215866429,0.19857597424419113,0,0,1
2025-06-11,68.1500015258789,378473.0,69.7699966430664,58118.0,0.04763159863056644,0.04245359269751738,0.3048576883130802,0.36696798614354853,0.2746992311620741,0.2386709675641899,0,0,1
2025-06-12,68.04000091552734,379394.0,69.36000061035156,60336.0,-0.0016153995491640903,-0.0058937285648106765,0.0024305068129106457,0.037453513968295465,0.26240729758371756,0.22666563824650457,0,0,1
2025-06-13,72.9800033569336,715652.0,74.2300033569336,175031.0,0.0700896960229113,0.06785808508081347,0.6346187723565103,1.0650341605767124,0.3464021337526002,0.318489030409695,0,0,1
2025-06-16,71.7699966430664,367312.0,73.2300033569336,100509.0,-0.016718962337808015,-0.013563207438924146,-0.6669823921553004,-0.5547158253643396,0.33844494473402903,0.3083191846867271,0,0,1
2025-06-17,74.83999633789062,154264.0,76.44999694824219,88748.0,0.04188593780488692,0.04303167354278252,-0.8675462027159115,-0.12444638283803819,0.35862158558696294,0.33329251267081683,0,0,1
2025-06-23,68.51000213623047,728868.0,71.4800033569336,100475.0,-0.08957459725292966,-0.07451757403632567,0.07178946505358975,0.016598807559835106,0.48917142473378566,0.43545995082401096,0,0,1
2025-06-24,64.37000274658203,541475.0,67.13999938964844,62358.0,-0.06233202246291182,-0.06263775479332342,-0.2971957483311064,-0.4770169685009251,0.5413867900106093,0.49291245403945094,0,0,1
2025-06-25,64.91999816894531,278504.0,67.68000030517578,23618.0,0.008507985708414682,0.008010737345906661,-0.6648644754022716,-0.9708828386552497,0.5417118771990399,0.49323668933341636,0,0,1
2025-06-26,65.23999786376953,233771.0,67.7300033569336,13057.0,0.004917030567025608,0.0007385429832113716,-0.17509041821563207,-0.5926847447531884,0.5396737296985171,0.49108472693835126,0,0,1
2025-06-27,65.5199966430664,236284.0,67.7699966430664,8218.0,0.004282643300932393,0.0005903068235299825,0.010692467657291602,-0.4629975179646835,0.5378763651374548,0.4897842084175043,0,0,1
2025-06-30,65.11000061035156,193289.0,67.61000061035156,32957.0,-0.006277231686631752,-0.002363659483687355,-0.20084799313105722,1.3888768110200587,0.5352341522282127,0.4875698365064474,0,0,1
2025-07-01,65.44999694824219,193162.0,67.11000061035156,29256.0,0.005208289105661505,-0.007422836865179387,-0.0006572631695710175,-0.11911900063419653,0.5348795440959735,0.4883040285494832,0,0,1
2025-07-02,67.44999694824219,265200.0,69.11000061035156,50268.0,0.030100091680430326,0.02936637366995736,0.3169550432493879,0.5412840109058181,0.5361036156334218,0.49641452257822416,0,0,1
2025-07-08,68.33000183105469,219882.0,70.1500015258789,34109.0,0.0058711678942017665,0.008158632260514456,-0.4148982862765817,-0.5556752641064285,0.5361803916804156,0.4944380677715822,0,0,1
2025-07-09,68.37999725341797,223945.0,70.19000244140625,42186.0,0.0007314084547858205,0.0005700572250220184,0.018309447170358307,0.21252713336013462,0.5353675056388518,0.49399554994096617,0,0,1
2025-07-10,66.56999969482422,258654.0,68.63999938964844,52295.0,-0.026826323016373506,-0.0223304392375125,0.14409077525199443,0.21481235176115232,0.5443646692129449,0.5010876479252899,0,0,1
2025-07-11,68.44999694824219,226297.0,70.36000061035156,40262.0,0.027849486122376768,0.024749482256414015,-0.13364296543114185,-0.2614926681295948,0.5271223299722009,0.4862763437245385,0,0,1
2025-07-14,66.9800033569336,263877.0,69.20999908447266,62179.0,-0.021709389666200556,-0.01647958091853313,0.15363478967326494,0.43460922608305996,0.532566494243964,0.48937573254627403,0,0,1
2025-07-15,66.5199966430664,252724.0,68.70999908447266,51233.0,-0.006891513624805755,-0.007250611907048874,-0.04318510132386583,-0.19363346648529317,0.4661770192628719,0.42255368523864023,0,0,1
2025-07-16,66.37999725341797,248346.0,68.5199966430664,55511.0,-0.0021068389445210046,-0.0027691112545783292,-0.01747504904011595,0.08019734363751573,0.4640603268529286,0.42102415843077085,0,0,1
2025-07-17,67.54000091552734,188802.0,69.5199966430664,50817.0,0.017324263597579107,0.01448880820593591,-0.2741240882464296,-0.08835025503956445,0.44086819157786705,0.3921846901093212,0,0,1
2025-07-18,67.33999633789062,107628.0,69.27999877929688,52366.0,-0.0029656691622084916,-0.003458186035497487,-0.5620180099517651,0.030026581495326124,0.43975771806677566,0.39119240402150207,0,0,1
2025-07-21,67.19999694824219,81194.0,69.20999908447266,41204.0,-0.00208115723450823,-0.0010108990088111345,-0.28183948411197046,-0.23972218674623363,0.4398144970255355,0.39013867841963445,0,0,1
2025-07-22,66.20999908447266,269991.0,68.58999633789062,50140.0,-0.014841707006914905,-0.008998649505592557,1.2015472722975777,0.19628375370870033,0.31863491079320666,0.29846744101096423,0,0,1
2025-07-23,65.25,251825.0,68.51000213623047,37734.0,-0.014605448906322377,-0.0011669469238256023,-0.06965422328072872,-0.2842575479407261,0.2363271592911029,0.20109992414432395,0,0,1
2025-07-24,66.02999877929688,281209.0,69.18000030517578,39597.0,0.011883119516578307,0.00973205672425079,0.1103637632854942,0.048191813025505965,0.23802492109944218,0.20194676084265428,0,0,1
2025-07-25,65.16000366210938,234283.0,68.44000244140625,27384.0,-0.013263325783737057,-0.010754323224147226,-0.18256837878427287,-0.368794456587043,0.24236195704076258,0.20604842215030503,0,0,1
2025-07-28,66.70999908447266,262038.0,70.04000091552734,31485.0,0.02350901306179033,0.02310903579293866,0.11195974508205134,0.13955234071282185,0.25549642755954155,0.22044104957152105,0,0,1
2025-07-29,69.20999908447266,329112.0,72.51000213623047,24345.0,0.0367904946280851,0.03465799235554147,0.22790858695364496,-0.2571847523060417,0.2824772844766937,0.24773498413467213,0,0,1
2025-07-30,70.0,345336.0,73.23999786376953,15242.0,0.01134989442383949,0.010017177794086625,0.048119737763563604,-0.4682717143907386,0.2839050302246641,0.24555226955020112,0,0,1
2025-07-31,69.26000213623047,247031.0,72.52999877929688,56020.0,-0.010627672231444093,-0.009741438093771038,-0.3350040213036027,1.3016539945880368,0.26999791561331055,0.2319697045174817,0,0,1
2025-08-01,67.33000183105469,355819.0,69.66999816894531,68855.0,-0.02826164006549793,-0.04023046978479766,0.3649083397672991,0.20629407434712677,0.2877575807799671,0.2743233620881676,0,0,1
2025-08-04,66.29000091552734,277375.0,68.76000213623047,41788.0,-0.015566859688174842,-0.013147571177630796,-0.24905179334016447,-0.4993936272038276,0.29182056311451393,0.27712868012475594,0,0,1
2025-08-05,65.16000366210938,279030.0,67.63999938964844,47388.0,-0.01719323012859795,-0.01642269657572258,0.005948921669727294,0.12575981511725107,0.286612003593778,0.274471163611874,0,0,1
2025-08-06,64.3499984741211,353827.0,66.88999938964844,62159.0,-0.012508929605690623,-0.01115004500123869,0.23748879019327687,0.2713265863213864,0.28733732660009864,0.2741957292075836,0,0,1
2025-08-07,63.880001068115234,300518.0,66.43000030517578,44063.0,-0.0073305702624902,-0.006900703734515914,-0.16330044076805392,-0.34407519038806367,0.28742566370881284,0.2744432852054538,0,0,1
2025-08-08,63.880001068115234,322939.0,66.58999633789062,52157.0,0.0,0.002405594856549754,0.07195579855052957,0.16863797260106841,0.2744185147093118,0.26528515066331015,0,0,1
2025-08-11,63.959999084472656,234807.0,66.62999725341797,31132.0,0.0012515335842291375,0.0006005242253979446,-0.31869955078220985,-0.5160221715297619,0.2526099343235102,0.24785927472162975,0,0,1
2025-08-12,63.16999816894531,304441.0,66.12000274658203,33110.0,-0.012428397727227305,-0.007683570860866995,0.259713407997253,0.061599122462013066,0.24601548059441888,0.24348458994052793,0,0,1
2025-08-13,62.650001525878906,298939.0,65.62999725341797,40497.0,-0.00826577022677899,-0.007438447856035271,-0.018237768914081135,0.20139254573564477,0.24635008036585587,0.24353479090373026,0,0,1
2025-08-14,63.959999084472656,251652.0,66.83999633789062,34810.0,0.02069416795400631,0.018268782301862362,-0.17219235846221742,-0.1513231954714521,0.2595311829382322,0.2535942754855388,0,0,1
2025-08-15,62.79999923706055,197390.0,65.8499984741211,35864.0,-0.018302812326256804,-0.014922243920754084,-0.24286571358208642,0.029829305029790885,0.2558249324911207,0.25114846956723025,0,0,1
2025-08-18,63.41999816894531,95113.0,66.5999984741211,35004.0,0.009824178912884366,0.01132514961799989,-0.7301158087334928,-0.0242716661795537,0.25994286787266524,0.2556793590342979,0,0,1
2025-08-19,62.349998474121094,99484.0,65.79000091552734,32562.0,-0.017015592585072035,-0.012236689621437815,0.04493116879269063,-0.07231637636426189,0.2644903557937072,0.2581446814433789,0,0,1
2025-08-20,63.209999084472656,280663.0,66.83999633789062,39505.0,0.01369885434705882,0.015833783924191918,1.03715783414177,0.19328128186537388,0.26762096430073345,0.2644190935256983,0,0,1
2025-08-21,63.52000045776367,250166.0,67.66999816894531,29950.0,0.00489232214518028,0.012341274247542463,-0.11502996384408104,-0.27689792161323823,0.26474808903376845,0.2685681089708582,0,0,1
2025-08-22,63.65999984741211,223169.0,67.7300033569336,27481.0,0.0022015953115401775,0.0008863396047325279,-0.11419536553947068,-0.08603446776752122,0.2607776279543182,0.26602150864188506,0,0,1
2025-08-25,64.80000305175781,185270.0,68.80000305175781,19094.0,0.01774923099622844,0.015674526505964206,-0.18611511141039078,-0.3641207072180957,0.26559578553279545,0.2695525809742326,0,0,1
2025-08-26,63.25,199101.0,67.22000122070312,21046.0,-0.02421052284562626,-0.02323294883946215,0.0719980130973238,0.09733636874277898,0.26320975018404275,0.26783231532158736,0,0,1
2025-08-27,64.1500015258789,193476.0,68.05000305175781,16597.0,0.01412898724012466,0.012271933486510865,-0.028658759889641977,-0.23748856218003864,0.2301817054978699,0.23893983497011131,0,0,1
2025-08-28,64.5999984741211,208931.0,68.62000274658203,8829.0,0.0069902723203849985,0.008341303512981927,0.07685058014516169,-0.6311801982191364,0.22708496257548266,0.23785549546432036,0,0,1
2025-09-03,63.970001220703125,298737.0,67.5999984741211,45108.0,-0.02500894692781603,-0.02252546518897004,-0.06943842619374756,-0.20383986842586835,0.2378354439470436,0.21220867224740994,0,0,1
2025-09-04,63.47999954223633,251689.0,66.98999786376953,42152.0,-0.007689354097416977,-0.009064637845365636,-0.17136938928912376,-0.0677774814630566,0.2322458447155696,0.206850903227351,0,0,1
2025-09-05,61.869998931884766,294540.0,65.5,38287.0,-0.02568949616802651,-0.022493179990173053,0.15722061893256048,-0.09617171992575481,0.24446790815344466,0.21768570426843425,0,0,1
2025-09-08,62.2599983215332,237288.0,66.0199966430664,29078.0,0.0062837457754367386,0.007907532936617527,-0.21614022403507455,-0.27512853847199603,0.24518534138229733,0.21866986333449817,0,0,1
2025-09-09,62.630001068115234,268529.0,66.38999938964844,38860.0,0.005925275537221591,0.005588757959818188,0.1236843223023829,0.28998356944006015,0.24641388518244328,0.219441825230438,0,0,1
2025-09-10,63.66999816894531,260684.0,67.48999786376953,38789.0,0.01646905167872603,0.01643297356512486,-0.029649969735211987,-0.001828742669888987,0.25365230135708355,0.22684676613807464,0,0,1
2025-09-11,62.369998931884766,222661.0,66.37000274658203,34565.0,-0.020629091857851622,-0.016734218562049485,-0.15765851038720657,-0.11529509188217665,0.2601349790698925,0.23309687009759286,0,0,1
2025-09-12,62.689998626708984,313265.0,66.98999786376953,50762.0,0.005117549967248644,0.009298134090662317,0.3413990422626363,0.3843064337759864,0.25930009962256206,0.23341478361231408,0,0,1
2025-09-15,63.29999923706055,205560.0,67.44000244140625,26320.0,0.009683393717559274,0.006695027263380272,-0.4213115155815133,-0.6568189367160984,0.2509138858943225,0.22593471292964748,0,0,1
2025-09-16,64.5199966430664,234250.0,68.47000122070312,34128.0,0.019089884130283317,0.015157361066503231,0.1306509589945027,0.2597890552718783,0.2509085622353196,0.22421008030917491,0,0,1
2025-09-17,64.05000305175781,165427.0,67.94999694824219,30515.0,-0.007311125238423738,-0.0076236152759259716,-0.3478589112224635,-0.11189979573253644,0.2505832256164437,0.22373676925651886,0,0,1
2025-09-18,63.56999969482422,82321.0,67.44000244140625,29610.0,-0.007522419841542572,-0.007533745790577349,-0.6979037707278274,-0.030106223882958326,0.24431574934022302,0.22081684938309307,0,0,1
2025-09-19,62.68000030517578,87165.0,66.68000030517578,24400.0,-0.014099233791081182,-0.011333287435445072,0.05717663502693789,-0.1935290098143437,0.2449758892740369,0.2181381169155152,0,0,1
2025-09-22,62.63999938964844,223779.0,66.56999969482422,23634.0,-0.0006383804178616805,-0.0016510414309863035,0.9428560834998209,-0.03189677908233239,0.24421815363932442,0.21340525894373644,0,0,1
2025-09-23,63.40999984741211,265948.0,67.62999725341797,27893.0,0.01221753336682196,0.01579760994663083,0.17264184325448428,0.16568940807346713,0.24813241871639088,0.22098928953814875,0,0,1
2025-09-24,64.98999786376953,282721.0,69.30999755859375,28459.0,0.024611803730545136,0.024537529730489064,0.061159744684124655,0.020088693719660978,0.2554148305256763,0.23085814835315688,0,0,1
2025-09-25,64.9800033569336,258353.0,69.41999816894531,21388.0,-0.0001537971341351223,0.0015858233517196865,-0.0901336788137808,-0.2856344379234669,0.23962428410445585,0.21432809617500845,0,0,1
2025-09-26,65.72000122070312,284990.0,70.12999725341797,11917.0,0.011323729841388266,0.010175639327497816,0.09812722511393623,-0.5848640649778161,0.23792069252279083,0.21312435982655967,0,0,1
2025-09-29,63.45000076293945,294292.0,67.97000122070312,8229.0,-0.035151105558710066,-0.03128417406667901,0.03211837978974557,-0.37030145148509325,0.26779904717566433,0.2395129869496654,0,0,1
2025-09-30,62.369998931884766,271649.0,67.0199966430664,46335.0,-0.017167832772092623,-0.014075417097358111,-0.08006167994018909,1.7282331144150789,0.272320928430487,0.24307241610740993,0,0,1
2025-10-01,61.779998779296875,274339.0,65.3499984741211,44601.0,-0.009504705681003096,-0.025233615499730706,0.00985377614839227,-0.03814133473933124,0.2570229824879661,0.25015167071349864,0,0,1
2025-10-02,60.47999954223633,290507.0,64.11000061035156,52074.0,-0.021266943429129492,-0.019157049201351903,0.05726310445548236,0.15490950359083938,0.25325730063426255,0.24703812872018152,0,0,1
2025-10-03,60.880001068115234,240044.0,64.52999877929688,38970.0,0.006592006795596239,0.0065298455113709025,-0.1908054325153721,-0.28987366453954483,0.25452086530530144,0.24774142354025205,0,0,1
2025-10-06,61.689998626708984,224682.0,65.47000122070312,38055.0,0.013217089862356094,0.014461828067311586,-0.06613617069833992,-0.023759637631262955,0.24435808281468557,0.24181784090560168,0,0,1
2025-10-07,61.72999954223633,245121.0,65.44999694824219,36191.0,0.0006482080298397469,-0.0003055953696363721,0.0870658970048866,-0.05022201258293339,0.24326917395316236,0.24009204543605556,0,0,1
2025-10-08,62.54999923706055,273318.0,66.25,38630.0,0.01319619572542084,0.012149019137739343,0.10888398627731696,0.0652187075417683,0.24693025292030552,0.2432135333008492,0,0,1
2025-10-09,61.5099983215332,259171.0,65.22000122070312,40845.0,-0.016766488783076145,-0.015669275788459478,-0.053147876952954164,0.05575523811564276,0.24573434567522626,0.2411312154698947,0,0,1
2025-10-10,58.900001525878906,339103.0,62.72999954223633,54929.0,-0.04335861936876658,-0.03892639426658475,0.26881582053752956,0.2962570274068169,0.27831562021770473,0.26926111460422203,0,0,1
2025-10-13,59.4900016784668,339103.0,63.31999969482422,35368.0,0.009967142850277801,0.009361435381944337,0.0,-0.44023398567670735,0.2805358253667973,0.26929670045843473,0,0,1
2025-10-14,58.70000076293945,259200.0,62.38999938964844,44016.0,-0.013368519582766103,-0.014796233853379696,-0.26870393156214223,0.21874574765827673,0.2792893585434131,0.27015602527534543,0,0,1
2025-10-15,58.27000045776367,224919.0,61.90999984741211,40209.0,-0.00735235082042639,-0.007723281273384103,-0.14185962708925573,-0.09046235301774945,0.26698028349606634,0.26151461718894975,0,0,1
2025-10-16,57.459999084472656,203866.0,61.060001373291016,46229.0,-0.013998351393044674,-0.013824705268891145,-0.09827742211859695,0.1395164556261549,0.2687555402509129,0.2632360469255741,0,0,1
2025-10-17,57.540000915527344,108748.0,61.290000915527344,50372.0,0.0013913364167031342,0.0037597026376934807,-0.6284296362751842,0.08582815835297593,0.26954524427187215,0.26481801771667474,0,0,1
2025-10-20,57.52000045776367,108146.0,61.0099983215332,33883.0,-0.0003476526634173085,-0.004578954782848648,-0.005551112948055441,-0.3965220514640522,0.26773599771952394,0.2636703196168609,0,0,1
2025-10-21,57.81999969482422,314207.0,61.31999969482422,45150.0,0.005202009939038112,0.0050682913744178135,1.0665698383296345,0.2870768661834466,0.2694439206348514,0.26551990366495565,0,0,1
2025-10-22,58.5,378637.0,62.59000015258789,46114.0,0.011692022927642327,0.020499474347666368,0.18652595809676714,0.021126311671427193,0.2690558538111207,0.27037274100453423,0,0,1
2025-10-23,61.790000915527344,735186.0,65.98999786376953,87705.0,0.05471479965183317,0.05289765964879074,0.6635455659493067,0.6428623187613219,0.32380104231379264,0.32081927388474774,0,0,1
2025-10-24,61.5,373744.0,65.94000244140625,38354.0,-0.004704379077171698,-0.0007579083550496586,-0.6765524573584043,-0.8271200854444196,0.32378623282226265,0.3205607715244204,0,0,1
2025-10-27,61.310001373291016,272191.0,65.62000274658203,32237.0,-0.003094190638740023,-0.0048647052794245395,-0.31706704531717506,-0.17374396365169356,0.31978970659118844,0.31731496985161334,0,0,1
2025-10-28,60.150001525878906,307568.0,64.4000015258789,33807.0,-0.019101516385149182,-0.018766912584742758,0.12219217526334807,0.04755302043869166,0.30410104836714513,0.30610337576468183,0,0,1
2025-10-29,60.47999954223633,276875.0,64.91999816894531,16478.0,0.005471256513850732,0.008042057637524991,-0.10513006021110444,-0.7186417237449236,0.300473721411172,0.3052152498834631,0,0,1
2025-10-30,60.56999969482422,247917.0,65.0,10024.0,0.0014869916520238826,0.0012315554540326826,-0.11047212807075905,-0.4970439402996311,0.2991779229726232,0.29281971161192505,0,0,1
2025-10-31,60.97999954223633,278598.0,65.06999969482422,44972.0,0.006746218098867316,0.0010763389212942712,0.1166758698403995,1.501057856293746,0.29081985162509516,0.28463771406613575,0,0,1
2025-11-05,59.599998474121094,292518.0,63.52000045776367,42320.0,-0.015979083336420338,-0.014379772049788677,0.2880855478161937,0.14370994287449396,0.291847754074916,0.284169404785972,0,0,1
2025-11-06,59.43000030517578,277768.0,63.380001068115234,43138.0,-0.0028563939556934584,-0.002206453030152947,-0.05173997033949806,0.019144491650138477,0.2867973686431784,0.2798474278673736,0,0,1
2025-11-07,59.75,259446.0,63.630001068115234,36620.0,0.005370036298004862,0.00393670291571288,-0.06823764443438933,-0.16380973995381767,0.28308869208334514,0.2760933472446706,0,0,1
2025-11-10,60.130001068115234,222879.0,64.05999755859375,30891.0,0.006339712003290341,0.0067350320387206605,-0.1519195651640295,-0.17012965990364126,0.2391806322088355,0.24043323918209872,0,0,1
2025-11-11,61.040000915527344,264427.0,65.16000366210938,41959.0,0.015020499160100932,0.017025733865876153,0.1709361974647493,0.306228071680218,0.24219360711680385,0.24521042302360135,0,0,1
2025-11-12,58.4900016784668,329517.0,62.709999084472656,42279.0,-0.04267357382343158,-0.03832492998009837,0.22006272516802064,0.0075975578545422,0.282383023526277,0.27632071929260843,0,0,1
2025-11-13,58.689998626708984,247349.0,63.0099983215332,36603.0,0.003413503019600131,0.004772507360316131,-0.2868276511235991,-0.14416030461617677,0.2813940772318915,0.2751693113452682,0,0,1
2025-11-14,60.09000015258789,334116.0,64.38999938964844,58912.0,0.023574109713979455,0.02166491475524948,0.3006879432580757,0.47591460078936054,0.28730661231386423,0.27878002651534745,0,0,1
2025-11-17,59.90999984741211,189638.0,64.19999694824219,33667.0,-0.003000007336277463,-0.0029551689103654664,-0.56637124638931,-0.559526675936433,0.2878512927927505,0.27937620203172314,0,0,1
2025-11-18,60.7400016784668,105325.0,64.88999938964844,36791.0,0.013759053702352598,0.010690356066389406,-0.5880661838149754,0.08873512093231004,0.2905847591395949,0.2797088074223389,0,0,1
2025-11-19,59.439998626708984,79622.0,63.5099983215332,38776.0,-0.021635109945549888,-0.021496171840638192,-0.2797603712916392,0.05254824849653058,0.30218926643873467,0.29202337199351813,0,0,1
2025-11-20,59.13999938964844,324282.0,63.380001068115234,42345.0,-0.005059873201805662,-0.002048976271162809,1.4043230710366061,0.08804885183048745,0.3005088726563006,0.2840424540117589,0,0,1
2025-11-21,58.060001373291016,345014.0,62.560001373291016,43029.0,-0.018430521854432346,-0.013022252926696143,0.06197148830812357,0.01602395660662338,0.23368734190451274,0.21434759847748464,0,0,1
2025-11-24,58.84000015258789,238138.0,63.369998931884766,30888.0,0.013344916077058603,0.012864428291568274,-0.3707346583515053,-0.3315065480182505,0.24026640648094347,0.2208711775939711,0,0,1
2025-11-25,57.95000076293945,334442.0,62.47999954223633,26580.0,-0.01524131537526606,-0.014144048275339164,0.3396131338432265,-0.15020870567683592,0.24454289332604667,0.22474926970741382,0,0,1
2025-11-26,58.650001525878906,228285.0,63.130001068115234,21288.0,0.012007018164936087,0.010349611093964038,-0.3818686230550191,-0.22201551960971122,0.24195824265414292,0.220519325375488,0,0,1
2025-11-28,58.54999923706055,153758.0,63.20000076293945,31795.0,-0.0017065241030113673,0.0011082039258071702,-0.39521491050156493,0.4011655110439831,0.24073819031466184,0.21825391769343863,0,0,1
2025-12-01,59.31999969482422,232770.0,63.16999816894531,31203.0,0.013065435111999804,-0.0004748373001733858,0.41467090372065984,-0.018794800680265303,0.24586191192162302,0.21808661770842688,0,0,1
2025-12-02,58.63999938964844,255513.0,62.45000076293945,39539.0,-0.01152946495521809,-0.011463227136073771,0.09322244740163957,0.23677328253883215,0.24676265323340013,0.22063276881267832,0,0,1
2025-12-03,58.95000076293945,260974.0,62.66999816894531,40622.0,0.005272592755579819,0.0035165862307886425,0.02114749652676012,0.027022265191356108,0.2478083913263093,0.2214142628914162,0,0,1
2025-12-04,59.66999816894531,264993.0,63.2599983215332,32164.0,0.012139710922112105,0.009370356325492936,0.015282625040630812,-0.2334619770833913,0.251100132246635,0.2237019411028791,0,0,1
2025-12-05,60.08000183105469,255075.0,63.75,26349.0,0.006847687085184139,0.00771599269386263,-0.03814579098162896,-0.19941749108281254,0.2460037398966061,0.2199645819169265,0,0,1
2025-12-08,58.880001068115234,263009.0,62.4900016784668,38815.0,-0.020175545371656393,-0.01996261323777931,0.030630632563206014,0.3873764462545537,0.25598952836103994,0.23072081299643193,0,0,1
2025-12-09,58.25,260206.0,61.939998626708984,32575.0,-0.010757400115354736,-0.008840418427010924,-0.010714627126786763,-0.17526164684673481,0.2574672565478367,0.23174720816395877,0,0,1
2025-12-10,58.459999084472656,256508.0,62.209999084472656,45191.0,0.0035986515765415294,0.004349591436459808,-0.014313771789512519,0.3273528289569966,0.25662814579715654,0.2308530540233763,0,0,1
2025-12-11,57.599998474121094,286808.0,61.279998779296875,48635.0,-0.014820202811459567,-0.015062238297959723,0.11165314913094866,0.07344548435349828,0.25345574995371767,0.22528451091144586,0,0,1
2025-12-12,57.439998626708984,212806.0,61.119998931884766,42931.0,-0.002781640379193324,-0.002614378129687933,-0.2984320497804985,-0.12474926062224362,0.20788042231813966,0.1849270859766848,0,0,1
2025-12-15,56.81999969482422,229310.0,60.560001373291016,42976.0,-0.010852529776578733,-0.009204495576828517,0.07469384734417081,0.0010476446416670684,0.21004576745909612,0.18555480709442007,0,0,1
2025-12-16,55.27000045776367,230933.0,58.91999816894531,48212.0,-0.027658096927631208,-0.02745407128826342,0.007052825258163369,0.11496613238527006,0.20782194905612064,0.18500888316582817,0,0,1
2025-12-17,55.939998626708984,125608.0,59.68000030517578,50078.0,0.012049389096967787,0.01281640049157498,-0.6089616788878396,0.03797383716604205,0.21512794003856495,0.1942134922968517,0,0,1
2025-12-18,56.150001525878906,85735.0,59.81999969482422,31064.0,0.0037470451350424486,0.002343087091193699,-0.38190480264240584,-0.47753219746277303,0.207816543767393,0.18861333860873827,0,0,1
2025-12-19,56.65999984741211,209264.0,60.470001220703125,36104.0,0.009041783349827094,0.01080734637180837,0.8923354691159818,0.1503540700953338,0.20161334682855273,0.18371682860282687,0,0,1
2025-12-22,58.0099983215332,221576.0,62.06999969482422,35138.0,0.023546888834552214,0.02611538103687975,0.057169033012014356,-0.027120496581837638,0.22014715084043995,0.20850456529100359,0,0,1
2025-12-23,58.380001068115234,183633.0,62.380001068115234,26231.0,0.006358003178000216,0.004981952793454131,-0.18782644516136934,-0.29234124850562254,0.2118944979198756,0.20471182433481236,0,0,1
2025-12-24,58.349998474121094,111762.0,62.2400016784668,14966.0,-0.0005140511397665496,-0.0022468214645863815,-0.4965675903185211,-0.5611609557790731,0.20648215671683434,0.19923870239053637,0,0,1
2025-12-26,56.7400016784668,166669.0,60.63999938964844,9687.0,-0.027979873619687227,-0.026043175568838114,0.3996381993771625,-0.43499618121391886,0.2221417094259552,0.21302446193125835,0,0,1
2025-12-29,58.08000183105469,178590.0,61.939998626708984,9170.0,0.023341943080538913,0.02121142110479338,0.0690828661773254,-0.05484749417587434,0.23367799830518726,0.22364626902822765,0,0,1
2025-12-30,57.95000076293945,143802.0,61.91999816894531,30567.0,-0.0022408190917251633,-0.00032295266357063333,-0.2166553224373389,1.2039837093918846,0.2337210900783979,0.22353877248948903,0,0,1
2025-12-31,57.41999816894531,157160.0,60.849998474121094,30919.0,-0.009187940147117662,-0.01743140535270956,0.0888270412941894,0.011449886009444644,0.23014372638198485,0.2306652238377521,0,0,1
2026-01-02,57.31999969482422,189503.0,60.75,33381.0,-0.001743045168221482,-0.0016447121368073046,0.18714046084147556,0.0766159941739705,0.22727594439561533,0.22796455985075967,0,0,1
2026-01-05,58.31999969482422,301483.0,61.7599983215332,45681.0,0.017295484831722364,0.016488796318615113,0.4643087743028742,0.313695580683032,0.23519120841988744,0.23572521492318335,0,0,1
2026-01-06,57.130001068115234,292067.0,60.70000076293945,48263.0,-0.020615691035027604,-0.017312167904801525,-0.03173040183162923,0.05498276502034504,0.24030608409655224,0.2394595941967633,0,0,1
2026-01-07,55.9900016784668,383128.0,59.959999084472656,71788.0,-0.020156258093818158,-0.012266052669043024,0.2713859089994168,0.3970521096199798,0.24582131521447587,0.23928304626658567,0,0,1
2026-01-08,57.7599983215332,334134.0,61.9900016784668,64136.0,0.031123332186466183,0.03329545082481151,-0.13682702687914547,-0.1127115024263795,0.26507654578038314,0.26156962192823097,0,0,1
2026-01-09,59.119998931884766,360309.0,63.34000015258789,56568.0,0.023272793047802182,0.0215439347292828,0.07541988650283549,-0.12556237443871085,0.2751751428489865,0.27022416991277565,0,0,1
2026-01-12,59.5,309700.0,63.869998931884766,56900.0,0.006407053978539629,0.0083327073307053,-0.1513579096469291,0.00585188683034549,0.2757185621745818,0.27118488394267537,0,0,1
2026-01-13,61.150001525878906,411190.0,65.47000122070312,80180.0,0.027353574534645247,0.024742290248000683,0.2834513077999371,0.34297876608207556,0.2841148417755352,0.27602110516038836,0,0,1
2026-01-14,62.02000045776367,410261.0,66.5199966430664,96568.0,0.014127033966977518,0.015910562761470213,-0.0022618522494019947,0.18597331618446505,0.2859253643168359,0.278594706538601,0,0,1
2026-01-15,59.189998626708984,113642.0,63.7599983215332,54944.0,-0.04670433555197605,-0.042376595702500956,-1.2837403862617551,-0.563932938683761,0.3320887131734432,0.31919305338074533,0,0,1
2026-01-16,59.439998626708984,113794.0,64.12999725341797,35235.0,0.004214791804453334,0.005786222175223866,0.0013366399570019529,-0.44427457793607916,0.3141586197153541,0.3001537165371472,0,0,1
2026-01-20,60.34000015258789,499595.0,64.91999816894531,78657.0,0.015027858954032521,0.012243484109182858,1.4794079739699981,0.8030567206720499,0.3153514162240918,0.2999490100884581,0,0,1
2026-01-21,60.619998931884766,333062.0,65.23999786376953,52906.0,0.004629617750091477,0.004917030567025608,-0.4054691113588038,-0.3965798734684252,0.31537122717760924,0.2999015631204469,0,0,1
2026-01-22,59.36000061035156,324349.0,64.05999755859375,49453.0,-0.021004244868480324,-0.018252638938862076,-0.026508562271076893,-0.06749403041332988,0.3258954814803628,0.3085205603509027,0,0,1
2026-01-23,61.06999969482422,283419.0,65.87999725341797,34015.0,0.028400133096568393,0.028014757548990164,-0.1348937285070665,-0.3742211197722566,0.33030171645071066,0.3103977629143287,0,0,1
2026-01-26,60.630001068115234,281062.0,65.58999633789062,25795.0,-0.007230904537314283,-0.004411674146464803,-0.00835108249239952,-0.2766209291004109,0.3316265044891807,0.31128418951625947,0,0,1
2026-01-27,62.38999938964844,360208.0,67.56999969482422,34327.0,0.02861515863927036,0.02974090357535081,0.24810635681302778,0.28575154182954654,0.3441788057896498,0.32471397517961154,0,0,1
2026-01-28,63.209999084472656,354864.0,68.4000015258789,23555.0,0.01305750566045477,0.012208753889031485,-0.01494702489576406,-0.37659410437415536,0.32624524139595446,0.3067927404007161,0,0,1
2026-01-29,65.41999816894531,560007.0,70.70999908447266,26980.0,0.03436549212071179,0.03321414573183764,0.4562146661682166,0.13575773862760532,0.33608033571923673,0.31706773077106715,0,0,1
2026-01-30,65.20999908447266,449325.0,70.69000244140625,85305.0,-0.0032151767555849923,-0.00028283794885322443,-0.22020282701297234,1.1511372186472628,0.3363860151176388,0.3170571940638482,0,0,1
2026-02-02,62.13999938964844,414083.0,66.30000305175781,80104.0,-0.04822292322273334,-0.0641142114983147,-0.08168001981504593,-0.06290727902137104,0.38210886009063055,0.3931964880199177,0,0,1
2026-02-03,63.209999084472656,381144.0,67.33000183105469,83736.0,0.017072607857606444,0.01541598653107164,-0.08288918034659724,0.044343202147080985,0.38424652511876467,0.3945035549116078,0,0,1
2026-02-04,65.13999938964844,446588.0,69.45999908447266,98236.0,0.030076288477937793,0.031145104382869583,0.15845921288656392,0.15970375440492804,0.39201516713947987,0.403102980355343,0,0,1
2026-02-05,63.290000915527344,389763.0,67.55000305175781,65248.0,-0.028811437225438243,-0.027882924551317922,-0.13609760726682862,-0.40917735256546606,0.399784227257614,0.41223171536416237,0,0,1
2026-02-06,63.54999923706055,448924.0,68.05000305175781,79538.0,0.00409963237731521,0.007374664359321896,0.14131474628571378,0.19803950049002697,0.38934126576227424,0.40739779030918594,0,0,1
2026-02-09,64.36000061035156,298005.0,69.04000091552734,51346.0,0.012665345977459917,0.01444328609270671,-0.4097433434937677,-0.4376478583283742,0.37947802655833396,0.3965894845675005,0,0,1
2026-02-10,63.959999084472656,276292.0,68.80000305175781,45779.0,-0.006234457955889157,-0.0034822707397552475,-0.0756519874134105,-0.1147615658676769,0.37546975270472127,0.3929972271085732,0,0,1
2026-02-11,64.62999725341797,340194.0,69.4000015258789,49482.0,0.010420783126096593,0.008683100203244299,0.2080577656472039,0.0777834963932528,0.37608496570473154,0.39304847458939846,0,0,1
2026-02-12,62.84000015258789,369303.0,67.5199966430664,48058.0,-0.028086840962171712,-0.027463088929404262,0.08210140218044043,-0.02920035228522019,0.3815887879914681,0.39980439329357315,0,0,1
2026-02-13,62.88999938964844,255793.0,67.75,42167.0,0.0007953430347292803,0.0034006591897283015,-0.3672489216610671,-0.13077069018749346,0.378725295341812,0.3964449140570785,0,0,1
2026-02-17,62.33000183105469,328727.0,67.41999816894531,74745.0,-0.00894427865280796,-0.004882777112820479,0.25085909542603146,0.5724443957949178,0.3398085245241641,0.3649306476442504,0,0,1
2026-02-18,65.19000244140625,115379.0,70.3499984741211,56115.0,0.044863240189533624,0.042541079223587054,-1.0470052572894974,-0.28667916393325843,0.37026128194674884,0.3902344728516097,0,0,1
2026-02-19,66.43000030517578,113408.0,71.66000366210938,73081.0,0.018842645884022652,0.01845000111018413,-0.01723042623527635,0.26416525858233997,0.37187365133670386,0.3923909759833574,0,0,1
2026-02-20,66.38999938964844,351351.0,71.76000213623047,40579.0,-0.0006023327334532596,0.0013944845388772942,1.1307937882563883,-0.58831772363765,0.37230603565000653,0.3925565415118803,0,0,1
2026-02-23,66.30999755859375,270365.0,71.48999786376953,28933.0,-0.0012057549749366833,-0.003769697622406644,-0.2620128258777668,-0.3382678792184056,0.36149126673881565,0.385098116153028,0,0,1
2026-02-24,65.62999725341797,312124.0,70.7699966430664,37988.0,-0.010307811926564714,-0.010122415243954897,0.143627646829009,0.2722875081862026,0.35509978841678214,0.3792785328910222,0,0,1
2026-02-25,65.41999816894531,306780.0,70.8499984741211,18491.0,-0.0032048725151217657,0.0011298099466601236,-0.01726966643022852,-0.719986193155857,0.3538486123982013,0.37832328232707085,0,0,1
2026-02-26,65.20999908447266,498542.0,70.75,17725.0,-0.0032151767555849923,-0.001412408076589853,0.4855569602911407,-0.04230805480665785,0.34251766246038445,0.36648358867084035,0,0,1
2026-02-27,67.0199966430664,437053.0,72.4800033569336,79435.0,0.027378214855194663,0.024158171526684702,-0.13163336940498468,1.4999630047537955,0.3517553893021917,0.3728814913383143,0,0,1
2026-03-02,71.2300033569336,881329.0,77.73999786376953,143671.0,0.06092309289771936,0.07005918989487765,0.7013765262925226,0.5925868862217678,0.39157302449753967,0.42849597228553604,0,0,1
2026-03-03,74.55999755859375,1009753.0,81.4000015258789,229556.0,0.04569001251480495,0.046005393809026095,0.136030029972901,0.46862104505615765,0.41602192429771806,0.45135937259125525,0,0,1
2026-03-04,74.66000366210938,617822.0,81.4000015258789,152390.0,0.0013403849037710832,0.0,-0.4912606353912426,-0.40970398414814296,0.36654198716207875,0.37230544131768384,0,0,1
2026-03-05,81.01000213623047,707030.0,85.41000366210938,146018.0,0.08162810767543585,0.048087941080941526,0.1348727077307363,-0.04271312252150043,0.44487787153371955,0.39505537296759385,0,0,1
2026-03-06,90.9000015258789,996251.0,92.69000244140625,197523.0,0.11518738775742002,0.08179738539234233,0.34292613605700006,0.30212513147667186,0.5692191272978601,0.4606015102218684,0,0,1
2026-03-09,94.7699966430664,1107193.0,98.95999908447266,235965.0,0.04169285009042199,0.06545510060552413,0.10558402872104779,0.17782845568563688,0.5516148356168672,0.4677595124272593,0,0,1
2026-03-10,83.44999694824219,801564.0,87.80000305175781,144614.0,-0.12720525452225404,-0.1196541834336115,-0.32301844344661695,-0.48961536509404024,0.7491453543441873,0.6686063541381644,0,0,1
2026-03-11,87.25,538020.0,91.9800033569336,101940.0,0.044529947544589055,0.04650966320898771,-0.39866908495045617,-0.34968371893664196,0.757070952113616,0.6791460631755302,0,0,1
2026-03-12,95.7300033569336,548999.0,100.45999908447266,92219.0,0.09275420294240794,0.08818843060042697,0.020200885822235715,-0.10021822182691513,0.7994026502672755,0.7228266951658715,0,0,1
2026-03-13,98.70999908447266,436700.0,103.13999938964844,71698.0,0.030654485129932216,0.026327653496566496,-0.2288501595227317,-0.25170332987124017,0.7996744380445092,0.7225371502125767,0,0,1
2026-03-16,93.5,455454.0,100.20999908447266,77839.0,-0.054224812860235304,-0.028819307770963223,0.04204826318351718,0.08217973771612269,0.8242943881437337,0.7236472931448661,0,0,1
2026-03-17,96.20999908447266,308425.0,103.41999816894531,65199.0,0.028571856562604855,0.03153037432889072,-0.38981602171750407,-0.17719845953818816,0.8222112370852515,0.7226639410228819,0,0,1
2026-03-18,96.31999969482422,157222.0,107.37999725341797,73104.0,0.001142685534911508,0.037575570153229904,-0.6738198826449704,0.11443895342924087,0.8184330151994933,0.7190972471490003,0,0,1
2026-03-19,96.13999938964844,118719.0,108.6500015258789,87485.0,-0.0018705222749135695,0.011757801330152412,-0.2808994631095557,0.17958426527566737,0.8170766215163714,0.7160059020219726,0,0,1
2026-03-20,98.31999969482422,461845.0,112.19000244140625,57217.0,0.022422006036631845,0.03206216357180363,1.358469980751249,-0.4246162930696307,0.817189608797875,0.7170195031086775,0,0,1
2026-03-23,88.12999725341797,666790.0,99.94000244140625,113332.0,-0.10941449620742738,-0.11562385397344825,0.3672458168093316,0.683470507140058,0.9288310145387941,0.8586443092075193,0,0,1
2026-03-24,92.3499984741211,420067.0,104.48999786376953,68614.0,0.04677272417601841,0.04452132225688777,-0.462060931399215,-0.5018249686243413,0.9341218351475801,0.8610874442789074,0,0,1
2026-03-25,90.31999969482422,405170.0,102.22000122070312,53714.0,-0.022226773659888763,-0.02196398731961208,-0.03610749024309105,-0.2448229203711708,0.9392135490432979,0.8669302155914957,0,0,1
2026-03-26,94.4800033569336,350768.0,108.01000213623047,28970.0,0.045029290957154605,0.055096469926409014,-0.14418169585246735,-0.6174128633902393,0.9421581977895189,0.8742091017700423,0,0,1
2026-03-27,99.63999938964844,374920.0,112.56999969482422,18402.0,0.05317547684867919,0.041351412447262884,0.06658763360947566,-0.45380145742108957,0.9467732978266369,0.8735137734989494,0,0,1
2026-03-30,102.87999725341797,374075.0,112.77999877929688,15053.0,0.03199954952394878,0.0018637598995549294,-0.00225635780880204,-0.20088204748180263,0.9473506730856116,0.8762665777779826,0,0,1
