"Date","P_Regime1","P_Regime2","F_Regime1","F_Regime2","Regime","P_HighVol"
2011-01-05,1.62398469866754e-83,0.999999999999999,0.0212727825700045,0.978727217429995,2,1.62398469866754e-83
2011-01-06,0.00423315618714078,0.995766843812858,0.0341044112054358,0.965895588794564,2,0.00423315618714078
2011-01-10,0.00702893959976171,0.992971060400237,0.03439068868044,0.96560931131956,2,0.00702893959976171
2011-01-11,0.00913487127231727,0.990865128727682,0.0556224424491169,0.944377557550883,2,0.00913487127231727
2011-01-12,0.0130201659292114,0.986979834070788,0.0644110975662913,0.935588902433709,2,0.0130201659292114
2011-01-13,0.0143977827456624,0.985602217254337,0.0476473259134313,0.952352674086569,2,0.0143977827456624
2011-01-19,0.0148048684314712,0.985195131568528,0.0934715248418428,0.906528475158157,2,0.0148048684314712
2011-01-20,0.019067232001211,0.980932767998788,0.0905418822913597,0.90945811770864,2,0.019067232001211
2011-01-24,0.0166684966073559,0.983331503392643,0.083848878408565,0.916151121591435,2,0.0166684966073559
2011-01-26,0.0139184460016913,0.986081553998308,0.0586586269634047,0.941341373036595,2,0.0139184460016913
2011-01-27,0.0111560728331711,0.988843927166828,0.0513698628740349,0.948630137125965,2,0.0111560728331711
2011-01-31,0.0110024374642016,0.988997562535797,0.0514066441861393,0.948593355813861,2,0.0110024374642016
2011-02-01,0.0121007969785621,0.987899203021437,0.0975025416403352,0.902497458359665,2,0.0121007969785621
2011-02-02,0.0138301301461589,0.98616986985384,0.0669099171892889,0.933090082810711,2,0.0138301301461589
2011-02-03,0.00930547712085975,0.990694522879139,0.0500835738223251,0.949916426177675,2,0.00930547712085975
2011-02-07,0.00702656293244327,0.992973437067556,0.0421047392649617,0.957895260735038,2,0.00702656293244327
2011-02-08,0.00601026868585892,0.99398973131414,0.0364004924720332,0.963599507527967,2,0.00601026868585892
2011-02-09,0.00563671914211272,0.994363280857886,0.0334243897824466,0.966575610217553,2,0.00563671914211272
2011-02-10,0.00603114245414195,0.993968857545857,0.0353805720776892,0.964619427922311,2,0.00603114245414195
2011-02-14,0.00740911947290742,0.992590880527092,0.0531549098986481,0.946845090101352,2,0.00740911947290742
2011-02-15,0.00952393682045994,0.990476063179539,0.0472486070174369,0.952751392982563,2,0.00952393682045994
2011-02-16,0.00944642162728561,0.990553578372713,0.0391957047628718,0.960804295237128,2,0.00944642162728561
2011-02-17,0.0104197365181478,0.989580263481851,0.0349494702364541,0.965050529763546,2,0.0104197365181478
2011-02-22,0.013960822776768,0.986039177223231,0.104066841978225,0.895933158021775,2,0.013960822776768
2011-02-23,0.0218507938685569,0.978149206131442,0.0831274636542413,0.916872536345759,2,0.0218507938685569
2011-02-24,0.0187861998747013,0.981213800125298,0.0580161071612875,0.941983892838713,2,0.0187861998747013
2011-02-28,0.0178372801426587,0.98216271985734,0.0556562888806024,0.944343711119398,2,0.0178372801426587
2011-03-01,0.02121876316504,0.978781236834959,0.0560426529732653,0.943957347026735,2,0.02121876316504
2011-03-02,0.0269775191376196,0.97302248086238,0.0458748561912201,0.95412514380878,2,0.0269775191376196
2011-03-03,0.0356882060707775,0.964311793929222,0.0528944180550548,0.947105581944945,2,0.0356882060707775
2011-03-07,0.0540942204736081,0.945905779526391,0.0652216353174227,0.934778364682577,2,0.0540942204736081
2011-03-08,0.0792079275361115,0.920792072463888,0.0588595809279292,0.941140419072071,2,0.0792079275361115
2011-03-09,0.108890811059135,0.891109188940864,0.299342940005141,0.700657059994859,2,0.108890811059135
2011-03-10,0.158060567746518,0.841939432253481,0.285553582744969,0.714446417255031,2,0.158060567746518
2011-03-14,0.145867805317328,0.854132194682671,0.430368833897397,0.569631166102603,2,0.145867805317328
2011-03-15,0.1346118998098,0.8653881001902,0.352420860143663,0.647579139856337,2,0.1346118998098
2011-03-16,0.0980664588949687,0.901933541105031,0.221213322803012,0.778786677196988,2,0.0980664588949687
2011-03-17,0.0715819642614603,0.928418035738539,0.300906831294667,0.699093168705333,2,0.0715819642614603
2011-03-21,0.0613583530238622,0.938641646976138,0.198834208592883,0.801165791407117,2,0.0613583530238622
2011-03-22,0.0389631546997158,0.961036845300284,0.12190933038115,0.87809066961885,2,0.0389631546997158
2011-03-23,0.0272268345816169,0.972773165418383,0.137925451466253,0.862074548533747,2,0.0272268345816169
2011-03-24,0.023097853535063,0.976902146464937,0.0970253632085684,0.902974636791432,2,0.023097853535063
2011-03-28,0.0160222765706172,0.983977723429383,0.0648106354866077,0.935189364513392,2,0.0160222765706172
2011-03-29,0.0122128280546163,0.987787171945383,0.0751977277582334,0.924802272241767,2,0.0122128280546163
2011-03-30,0.0115507091857474,0.988449290814252,0.0584895068771613,0.941510493122839,2,0.0115507091857474
2011-03-31,0.00908192054315307,0.990918079456847,0.0451795955746126,0.954820404425387,2,0.00908192054315307
2011-04-04,0.00790276713488536,0.992097232865114,0.0435895984834953,0.956410401516505,2,0.00790276713488536
2011-04-05,0.00827591126513159,0.991724088734868,0.0433053524496081,0.956694647550392,2,0.00827591126513159
2011-04-06,0.0092120595855613,0.990787940414438,0.0368991076408842,0.963100892359116,2,0.0092120595855613
2011-04-07,0.0108555502365944,0.989144449763405,0.0341428638261868,0.965857136173813,2,0.0108555502365944
2011-04-11,0.0154204675255059,0.984579532474494,0.0857606762163844,0.914239323783616,2,0.0154204675255059
2011-04-12,0.0249499802555044,0.975050019744495,0.130520100433634,0.869479899566366,2,0.0249499802555044
2011-04-13,0.0256967488803349,0.974303251119665,0.0913536393928179,0.908646360607182,2,0.0256967488803349
2011-04-14,0.0200898212895683,0.979910178710431,0.0643206295401312,0.935679370459869,2,0.0200898212895683
2011-04-18,0.018321723861493,0.981678276138506,0.0686297172272554,0.931370282772745,2,0.018321723861493
2011-04-19,0.0205520607771115,0.979447939222888,0.123869572676357,0.876130427323643,2,0.0205520607771115
2011-04-20,0.0228843497838579,0.977115650216142,0.0880134731149846,0.911986526885015,2,0.0228843497838579
2011-04-21,0.0174810958514132,0.982518904148586,0.0851321148006288,0.914867885199371,2,0.0174810958514132
2011-04-27,0.015351878888827,0.984648121111173,0.0719258244652466,0.928074175534753,2,0.015351878888827
2011-04-28,0.012910665502604,0.987089334497396,0.0550074206565638,0.944992579343436,2,0.012910665502604
2011-05-02,0.0114511324221654,0.988548867577834,0.0708829076001932,0.929117092399807,2,0.0114511324221654
2011-05-03,0.01210243788597,0.98789756211403,0.0695186866062361,0.930481313393764,2,0.01210243788597
2011-05-04,0.010462886638679,0.989537113361321,0.0513043640696963,0.948695635930304,2,0.010462886638679
2011-05-05,0.00832809989241338,0.991671900107586,0.0411964657464604,0.95880353425354,2,0.00832809989241338
2011-05-09,0.00788218275080397,0.992117817249196,0.0359167799893556,0.964083220010644,2,0.00788218275080397
2011-05-10,0.00903478423189383,0.990965215768106,0.0337980456613841,0.966201954338616,2,0.00903478423189383
2011-05-11,0.0123838686945409,0.987616131305459,0.0456989508859015,0.954301049114099,2,0.0123838686945409
2011-05-12,0.0193612982318711,0.980638701768129,0.124148663804972,0.875851336195028,2,0.0193612982318711
2011-05-16,0.0271572643321696,0.97284273566783,0.102958614051366,0.897041385948635,2,0.0271572643321696
2011-05-17,0.0227106453409423,0.977289354659057,0.0809386130272137,0.919061386972786,2,0.0227106453409423
2011-05-18,0.0200426905086853,0.979957309491314,0.0621057771226555,0.937894222877344,2,0.0200426905086853
2011-05-19,0.0198978419490658,0.980102158050934,0.0573083211546382,0.942691678845362,2,0.0198978419490658
2011-05-23,0.0233510324658598,0.97664896753414,0.159139038923815,0.840860961076185,2,0.0233510324658598
2011-05-24,0.0297620946891086,0.970237905310891,0.100062849352919,0.899937150647081,2,0.0297620946891086
2011-05-25,0.0214129962061905,0.978587003793809,0.0714916596116203,0.92850834038838,2,0.0214129962061905
2011-05-26,0.0187847149927554,0.981215285007244,0.0792872357178871,0.920712764282113,2,0.0187847149927554
2011-05-31,0.0198134014287489,0.980186598571251,0.0826608000861582,0.917339199913842,2,0.0198134014287489
2011-06-01,0.0198630054587446,0.980136994541255,0.0632095303228664,0.936790469677134,2,0.0198630054587446
2011-06-02,0.0193694620269437,0.980630537973056,0.127839855170432,0.872160144829568,2,0.0193694620269437
2011-06-06,0.0223242793282508,0.977675720671749,0.103819476769586,0.896180523230414,2,0.0223242793282508
2011-06-07,0.016300646976744,0.983699353023256,0.0756591936512375,0.924340806348763,2,0.016300646976744
2011-06-08,0.011718981259996,0.988281018740004,0.0558159419296873,0.944184058070313,2,0.011718981259996
2011-06-09,0.00925330121707762,0.990746698782922,0.0433014653432669,0.956698534656733,2,0.00925330121707762
2011-06-14,0.0085823055878304,0.991417694412169,0.0375959160667729,0.962404083933227,2,0.0085823055878304
2011-06-15,0.00978974149527456,0.990210258504725,0.0340715187896151,0.965928481210385,2,0.00978974149527456
2011-06-16,0.0132836323540401,0.986716367645959,0.122322376896557,0.877677623103443,2,0.0132836323540401
2011-06-20,0.0209503335512457,0.979049666448754,0.09114848542689,0.90885151457311,2,0.0209503335512457
2011-06-21,0.0152862655497776,0.984713734450222,0.0791890785425208,0.920810921457479,2,0.0152862655497776
2011-06-22,0.0120106349671335,0.987989365032866,0.0606840042831242,0.939315995716876,2,0.0120106349671335
2011-06-23,0.0091834073270578,0.990816592672941,0.0483472289026087,0.951652771097391,2,0.0091834073270578
2011-06-27,0.00772631042448063,0.992273689575519,0.0396733752312842,0.960326624768716,2,0.00772631042448063
2011-06-28,0.0074186291060018,0.992581370893997,0.0350884141487188,0.964911585851281,2,0.0074186291060018
2011-06-29,0.00854982625484895,0.99145017374515,0.0633647245780019,0.936635275421998,2,0.00854982625484895
2011-06-30,0.0117207807290448,0.988279219270955,0.0718190230656902,0.92818097693431,2,0.0117207807290448
2011-07-05,0.0110636626086471,0.988936337391352,0.0580751433396216,0.941924856660378,2,0.0110636626086471
2011-07-06,0.00886166956267211,0.991138330437327,0.044461204216912,0.955538795783088,2,0.00886166956267211
2011-07-07,0.00763298410800051,0.992367015891999,0.0385338585074218,0.961466141492578,2,0.00763298410800051
2011-07-11,0.00796048421147757,0.992039515788522,0.0347710629378204,0.96522893706218,2,0.00796048421147757
2011-07-12,0.00976376195945284,0.990236238040547,0.0862279368631226,0.913772063136877,2,0.00976376195945284
2011-07-13,0.0140802919705098,0.98591970802949,0.0605290974154551,0.939470902584545,2,0.0140802919705098
2011-07-14,0.0110560678801174,0.988943932119882,0.0457172853230798,0.95428271467692,2,0.0110560678801174
2011-07-18,0.0105404871045991,0.989459512895401,0.0398460939794695,0.960153906020531,2,0.0105404871045991
2011-07-19,0.0125435551651011,0.987456444834899,0.0360315962323387,0.963968403767661,2,0.0125435551651011
2011-07-20,0.0175115321294721,0.982488467870528,0.0506341029822985,0.949365897017701,2,0.0175115321294721
2011-07-21,0.0279332474405632,0.972066752559436,0.0408247156260131,0.959175284373987,2,0.0279332474405632
2011-07-25,0.0391724881495606,0.960827511850439,0.0362475967540512,0.963752403245949,2,0.0391724881495606
2011-07-26,0.0634709118244685,0.936529088175531,0.0372821828111299,0.96271781718887,2,0.0634709118244685
2011-07-27,0.112075596119806,0.887924403880194,0.0421778163937216,0.957822183606278,2,0.112075596119806
2011-07-28,0.198441280433816,0.801558719566184,0.0579779190555324,0.942022080944468,2,0.198441280433816
2011-08-02,0.335226978781875,0.664773021218124,0.0496536276623877,0.950346372337612,2,0.335226978781875
2011-08-03,0.501434548112301,0.498565451887699,0.249270545126233,0.750729454873767,1,0.501434548112301
2011-08-04,0.798284714301651,0.201715285698349,0.17204492049273,0.82795507950727,1,0.798284714301651
2011-08-08,0.870038450178812,0.129961549821187,0.999997233571351,2.7664286494842e-06,1,0.870038450178812
2011-08-09,0.999999742089351,2.57910648464367e-07,0.935727340909784,0.0642726590902157,1,0.999999742089351
2011-08-10,0.996130923821825,0.00386907617817499,0.953383865077723,0.0466161349222768,1,0.996130923821825
2011-08-11,0.9966705272505,0.00332947274950017,0.896188218530236,0.103811781469764,1,0.9966705272505
2011-08-15,0.995867987501453,0.00413201249854665,0.996220992470447,0.00377900752955278,1,0.995867987501453
2011-08-16,0.99915143094195,0.000848569058050363,0.905841795733044,0.0941582042669557,1,0.99915143094195
2011-08-17,0.987280285811718,0.0127197141882824,0.800844435377483,0.199155564622517,1,0.987280285811718
2011-08-18,0.984740873088278,0.0152591269117218,0.785273592103228,0.214726407896772,1,0.984740873088278
2011-08-22,0.990411418321053,0.00958858167894689,0.998399013845049,0.00160098615495134,1,0.990411418321053
2011-08-23,0.998546113935355,0.001453886064645,0.960831529973076,0.0391684700269239,1,0.998546113935355
2011-08-24,0.944116070012428,0.055883929987572,0.857423133171621,0.142576866828379,1,0.944116070012428
2011-08-25,0.86174368421866,0.13825631578134,0.713425941370653,0.286574058629347,1,0.86174368421866
2011-08-29,0.815871741102646,0.184128258897354,0.588110795408382,0.411889204591618,1,0.815871741102646
2011-08-30,0.798766545396359,0.201233454603641,0.445520400784619,0.554479599215381,1,0.798766545396359
2011-08-31,0.799442776380479,0.200557223619521,0.308640122761717,0.691359877238283,1,0.799442776380479
2011-09-01,0.821516422099341,0.178483577900659,0.203711370091614,0.796288629908386,1,0.821516422099341
2011-09-06,0.875030168883754,0.124969831116246,0.85275140745382,0.14724859254618,1,0.875030168883754
2011-09-07,0.980861455056036,0.0191385449439638,0.906805783060781,0.0931942169392187,1,0.980861455056036
2011-09-08,0.981090515139326,0.018909484860673,0.753902737259439,0.246097262740561,1,0.981090515139326
2011-09-12,0.974637549182763,0.025362450817236,0.973065079029017,0.026934920970983,1,0.974637549182763
2011-09-13,0.981531241108699,0.0184687588913001,0.898094075146338,0.101905924853662,1,0.981531241108699
2011-09-14,0.942727428027366,0.0572725719726339,0.812119510476297,0.187880489523703,1,0.942727428027366
2011-09-15,0.916363076060267,0.0836369239397319,0.67343707579208,0.32656292420792,1,0.916363076060267
2011-09-19,0.902072994530113,0.0979270054698862,0.492351710899107,0.507648289100893,1,0.902072994530113
2011-09-20,0.904666258306227,0.0953337416937721,0.534676026274133,0.465323973725867,1,0.904666258306227
2011-09-21,0.929485352343162,0.0705146476568374,0.379774004860522,0.620225995139478,1,0.929485352343162
2011-09-22,0.951260192369128,0.0487398076308713,0.982899020017057,0.0171009799829433,1,0.951260192369128
2011-09-26,0.999460255116579,0.000539744883420689,0.99999995797522,4.20247794769647e-08,1,0.999460255116579
2011-09-27,0.999999998619941,1.38005842356767e-09,0.998611091161118,0.00138890883888244,1,0.999999998619941
2011-09-28,0.999888022047377,0.000111977952622445,0.954895213401981,0.0451047865980187,1,0.999888022047377
2011-09-29,0.996853112661606,0.0031468873383928,0.888507248302236,0.111492751697764,1,0.996853112661606
2011-10-03,0.996091679681038,0.0039083203189614,0.99895607693314,0.00104392306686,1,0.996091679681038
2011-10-04,0.99995710156677,4.28984332289632e-05,0.981695266346386,0.0183047336536143,1,0.99995710156677
2011-10-05,0.999366608522292,0.000633391477707068,0.995142518805955,0.00485748119404527,1,0.999366608522292
2011-10-06,0.99976139050674,0.000238609493259836,0.995177476839985,0.00482252316001476,1,0.99976139050674
2011-10-10,0.998802112109186,0.00119788789081369,0.88225414063348,0.11774585936652,1,0.998802112109186
2011-10-11,0.985500482288831,0.0144995177111687,0.770828190972228,0.229171809027772,1,0.985500482288831
2011-10-12,0.984706939198559,0.0152930608014404,0.916367203433122,0.0836327965668777,1,0.984706939198559
2011-10-13,0.992483345770783,0.00751665422921618,0.900325525038502,0.0996744749614981,1,0.992483345770783
2011-10-17,0.992078494344599,0.00792150565540019,0.936969154048794,0.0630308459512062,1,0.992078494344599
2011-10-18,0.992943207439413,0.00705679256058693,0.84716472721977,0.152835272780229,1,0.992943207439413
2011-10-19,0.99039819179411,0.0096018082058892,0.94445255855123,0.0555474414487703,1,0.99039819179411
2011-10-20,0.994537695730915,0.0054623042690846,0.811397401455871,0.188602598544129,1,0.994537695730915
2011-10-24,0.992488866378235,0.00751113362176529,0.995439397079505,0.00456060292049488,1,0.992488866378235
2011-10-25,0.999554991090618,0.000445008909382168,0.882469126934892,0.117530873065108,1,0.999554991090618
2011-10-26,0.995583956293525,0.0044160437064749,0.995701874741653,0.00429812525834653,1,0.995583956293525
2011-10-27,0.999558744740704,0.000441255259295773,0.882894925028554,0.117105074971446,1,0.999558744740704
2011-11-01,0.995262882224249,0.00473711777575116,0.990730239141197,0.00926976085880308,1,0.995262882224249
2011-11-02,0.999059091035319,0.000940908964680156,0.890417712459469,0.109582287540531,1,0.999059091035319
2011-11-03,0.995021019383093,0.00497898061690665,0.995982929901004,0.004017070098996,1,0.995021019383093
2011-11-07,0.998224158545237,0.00177584145476284,0.896460779439623,0.103539220560377,1,0.998224158545237
2011-11-08,0.972881805137049,0.0271181948629509,0.793581914873362,0.206418085126638,1,0.972881805137049
2011-11-09,0.963595602732563,0.0364043972674369,0.97618525913592,0.02381474086408,1,0.963595602732563
2011-11-10,0.964473674994321,0.0355263250056786,0.888966679005459,0.111033320994541,1,0.964473674994321
2011-11-14,0.876403192882725,0.123596807117275,0.775315829720403,0.224684170279597,1,0.876403192882725
2011-11-15,0.819699231476349,0.18030076852365,0.619064913552156,0.380935086447844,1,0.819699231476349
2011-11-16,0.789615589203576,0.210384410796423,0.475220541580801,0.524779458419199,1,0.789615589203576
2011-11-17,0.784574410157562,0.215425589842438,0.437340951278962,0.562659048721038,1,0.784574410157562
2011-11-21,0.800481223323659,0.199518776676341,0.35704458843449,0.64295541156551,1,0.800481223323659
2011-11-22,0.824021452307107,0.175978547692893,0.847242324294856,0.152757675705144,1,0.824021452307107
2011-11-23,0.865340447897936,0.134659552102064,0.681018432270121,0.318981567729879,1,0.865340447897936
2011-11-28,0.825139764882272,0.174860235117728,0.599942066030205,0.400057933969795,1,0.825139764882272
2011-11-29,0.815189799439244,0.184810200560756,0.479171579690455,0.520828420309545,1,0.815189799439244
2011-11-30,0.816070396451927,0.183929603548073,0.926050496936319,0.0739495030636811,1,0.816070396451927
2011-12-01,0.834349107374813,0.165650892625187,0.790376474989319,0.209623525010681,1,0.834349107374813
2011-12-05,0.708660139114786,0.291339860885214,0.628812865966585,0.371187134033415,1,0.708660139114786
2011-12-06,0.646972455100608,0.353027544899392,0.474071378472897,0.525928621527103,1,0.646972455100608
2011-12-07,0.622211332898979,0.377788667101021,0.317120093217773,0.682879906782227,1,0.622211332898979
2011-12-08,0.622964741876539,0.377035258123462,0.538603927687172,0.461396072312829,1,0.622964741876539
2011-12-12,0.65426584454476,0.34573415545524,0.403876644809841,0.596123355190159,1,0.65426584454476
2011-12-13,0.64718411358656,0.35281588641344,0.257708034250955,0.742291965749045,1,0.64718411358656
2011-12-14,0.662589117092957,0.337410882907043,0.391914666971615,0.608085333028385,1,0.662589117092957
2011-12-15,0.715282011614156,0.284717988385844,0.265419825422111,0.734580174577889,1,0.715282011614156
2011-12-19,0.739211701095257,0.260788298904743,0.648444935028939,0.351555064971061,1,0.739211701095257
2011-12-20,0.797897739409473,0.202102260590527,0.743916540372757,0.256083459627243,1,0.797897739409473
2011-12-21,0.789309918039101,0.210690081960898,0.643352498302287,0.356647501697713,1,0.789309918039101
2011-12-22,0.76080047818544,0.23919952181456,0.502186590691774,0.497813409308226,1,0.76080047818544
2011-12-27,0.748080224365386,0.251919775634614,0.534429151817818,0.465570848182181,1,0.748080224365386
2011-12-28,0.756290325192316,0.243709674807683,0.389485961388337,0.610514038611663,1,0.756290325192316
2011-12-29,0.760365662477834,0.239634337522166,0.245178662443967,0.754821337556033,1,0.760365662477834
2012-01-03,0.788926307287536,0.211073692712464,0.966000303647449,0.0339996963525507,1,0.788926307287536
2012-01-04,0.861311571502628,0.138688428497372,0.884645987892316,0.115354012107684,1,0.861311571502628
2012-01-05,0.618509337230979,0.38149066276902,0.775438400376438,0.224561599623562,1,0.618509337230979
2012-01-09,0.439466077216486,0.560533922783513,0.685088986968899,0.314911013031101,2,0.439466077216486
2012-01-10,0.322773630732203,0.677226369267796,0.60389927801082,0.39610072198918,2,0.322773630732203
2012-01-11,0.23504633035315,0.764953669646849,0.417022182879538,0.582977817120462,2,0.23504633035315
2012-01-12,0.166262726654039,0.83373727334596,0.293552374005668,0.706447625994332,2,0.166262726654039
2012-01-17,0.135099153899925,0.864900846100074,0.457389793274032,0.542610206725968,2,0.135099153899925
2012-01-18,0.121442347972081,0.878557652027918,0.296208234495406,0.703791765504594,2,0.121442347972081
2012-01-19,0.0783883509734346,0.921611649026564,0.218353657293122,0.781646342706878,2,0.0783883509734346
2012-01-23,0.0584214411420685,0.94157855885793,0.210848561123017,0.789151438876983,2,0.0584214411420685
2012-01-24,0.0468563009927177,0.953143699007281,0.129406735636455,0.870593264363545,2,0.0468563009927177
2012-01-26,0.0347170103569262,0.965282989643073,0.15275120401908,0.84724879598092,2,0.0347170103569262
2012-01-30,0.031257396858105,0.968742603141894,0.101896095356005,0.898103904643995,2,0.031257396858105
2012-01-31,0.0239732130180463,0.976026786981952,0.085432850197331,0.914567149802669,2,0.0239732130180463
2012-02-01,0.0218168384424593,0.978183161557539,0.0883293032418802,0.91167069675812,2,0.0218168384424593
2012-02-02,0.0215487155618859,0.978451284438113,0.0602188429495404,0.93978115705046,2,0.0215487155618859
2012-02-06,0.0207200563467487,0.97927994365325,0.0661826281711378,0.933817371828862,2,0.0207200563467487
2012-02-07,0.0250214933176333,0.974978506682365,0.0581374780743667,0.941862521925633,2,0.0250214933176333
2012-02-08,0.0298677264669299,0.970132273533069,0.0515141100574607,0.948485889942539,2,0.0298677264669299
2012-02-09,0.0393747901517311,0.960625209848268,0.107302649847403,0.892697350152597,2,0.0393747901517311
2012-02-13,0.0568961512656302,0.943103848734368,0.108859856581503,0.891140143418497,2,0.0568961512656302
2012-02-14,0.0628530497414265,0.937146950258572,0.0799975663739005,0.920002433626099,2,0.0628530497414265
2012-02-15,0.0700440062592968,0.929955993740702,0.189165023068622,0.810834976931377,2,0.0700440062592968
2012-02-16,0.0884042605488732,0.911595739451126,0.122358136348091,0.877641863651909,2,0.0884042605488732
2012-02-21,0.0853685254564857,0.914631474543513,0.3667513430318,0.6332486569682,2,0.0853685254564857
2012-02-22,0.0948770741499755,0.905122925850023,0.288330310639803,0.711669689360197,2,0.0948770741499755
2012-02-23,0.0657951130812187,0.93420488691878,0.1768562622972,0.8231437377028,2,0.0657951130812187
2012-02-27,0.0456221614064779,0.954377838593521,0.110260130514674,0.889739869485326,2,0.0456221614064779
2012-02-28,0.0377142565026466,0.962285743497352,0.0952595433115328,0.904740456688467,2,0.0377142565026466
2012-02-29,0.0379746549529087,0.96202534504709,0.0884604477958351,0.911539552204165,2,0.0379746549529087
2012-03-01,0.0411053293913312,0.958894670608668,0.0641860156373736,0.935813984362627,2,0.0411053293913312
2012-03-05,0.0467165415520843,0.953283458447915,0.188938949181074,0.811061050818926,2,0.0467165415520843
2012-03-06,0.0620803548925859,0.937919645107413,0.229404710479723,0.770595289520277,2,0.0620803548925859
2012-03-07,0.0550841107044193,0.944915889295579,0.190055378287965,0.809944621712036,2,0.0550841107044193
2012-03-08,0.0416200847984596,0.958379915201539,0.176925885852335,0.823074114147665,2,0.0416200847984596
2012-03-12,0.0313752921760943,0.968624707823905,0.129025831054836,0.870974168945164,2,0.0313752921760943
2012-03-13,0.0211514077639189,0.97884859223608,0.0975153252213926,0.902484674778607,2,0.0211514077639189
2012-03-14,0.0147213357729741,0.985278664227025,0.0651033167538411,0.934896683246159,2,0.0147213357729741
2012-03-15,0.0104610777092449,0.989538922290754,0.0591737771365784,0.940826222863422,2,0.0104610777092449
2012-03-19,0.00895537309548541,0.991044626904513,0.0538251012575172,0.946174898742483,2,0.00895537309548541
2012-03-20,0.00760920184422867,0.99239079815577,0.0422923138066981,0.957707686193302,2,0.00760920184422867
2012-03-21,0.00635528741563742,0.993644712584361,0.0367782132679937,0.963221786732006,2,0.00635528741563742
2012-03-22,0.00619466100876483,0.993805338991234,0.0459165577085476,0.954083442291452,2,0.00619466100876483
2012-03-26,0.00697236676118716,0.993027633238811,0.0406381365225528,0.959361863477447,2,0.00697236676118716
2012-03-27,0.00660066961065453,0.993399330389344,0.0408348301849805,0.95916516981502,2,0.00660066961065453
2012-03-28,0.00692330984832029,0.993076690151678,0.0461314840011143,0.953868515998886,2,0.00692330984832029
2012-03-29,0.00744619304173404,0.992553806958264,0.0402081129583481,0.959791887041652,2,0.00744619304173404
2012-04-02,0.00734585055235959,0.992654149447639,0.0501924484759602,0.94980755152404,2,0.00734585055235959
2012-04-03,0.00830938535894627,0.991690614641052,0.0420450573576761,0.957954942642324,2,0.00830938535894627
2012-04-04,0.00804028378142455,0.991959716218574,0.0433191720675923,0.956680827932408,2,0.00804028378142455
2012-04-05,0.00912883454900336,0.990871165450995,0.0504275660641532,0.949572433935847,2,0.00912883454900336
2012-04-10,0.0107115685416841,0.989288431458314,0.0464115645061508,0.953588435493849,2,0.0107115685416841
2012-04-11,0.0118263355026186,0.98817366449738,0.0654885160203525,0.934511483979648,2,0.0118263355026186
2012-04-12,0.0145056628343304,0.985494337165668,0.0509464187106703,0.94905358128933,2,0.0145056628343304
2012-04-16,0.0147715835667305,0.985228416433268,0.0598717488361118,0.940128251163888,2,0.0147715835667305
2012-04-17,0.0181649645631244,0.981835035436874,0.0513122833862067,0.948687716613793,2,0.0181649645631244
2012-04-18,0.0212846502142586,0.97871534978574,0.102416015236079,0.897583984763921,2,0.0212846502142586
2012-04-19,0.0283807642265583,0.97161923577344,0.0730232917593121,0.926976708240688,2,0.0283807642265583
2012-04-23,0.027397696839604,0.972602303160395,0.0579446299758836,0.942055370024117,2,0.027397696839604
2012-04-24,0.0316220770796165,0.968377922920382,0.0613283638214797,0.93867163617852,2,0.0316220770796165
2012-04-26,0.0420959296704632,0.957904070329535,0.0481623287176441,0.951837671282356,2,0.0420959296704632
2012-04-30,0.0564713619072134,0.943528638092785,0.0395692875653704,0.96043071243463,2,0.0564713619072134
2012-05-01,0.0864965491221469,0.913503450877852,0.0352614575635443,0.964738542436456,2,0.0864965491221469
2012-05-02,0.147849463376807,0.852150536623191,0.0331891898711856,0.966810810128814,2,0.147849463376807
2012-05-03,0.270350907560886,0.729649092439113,0.0351057750713193,0.964894224928681,2,0.270350907560886
2012-05-07,0.512823991874522,0.487176008125477,0.907963912094712,0.0920360879052883,1,0.512823991874522
2012-05-08,0.950117737461695,0.0498822625383034,0.795736048884782,0.204263951115218,1,0.950117737461695
2012-05-09,0.924236594453299,0.0757634055466994,0.663087549169708,0.336912450830292,1,0.924236594453299
2012-05-10,0.914891720795433,0.0851082792045657,0.565858356757052,0.434141643242948,1,0.914891720795433
2012-05-14,0.920529848062107,0.0794701519378918,0.499592608308963,0.500407391691037,1,0.920529848062107
2012-05-15,0.937673909435376,0.0623260905646221,0.576879369568833,0.423120630431167,1,0.937673909435376
2012-05-16,0.964701524765529,0.035298475234469,0.935300259283291,0.0646997407167089,1,0.964701524765529
2012-05-17,0.98550718634581,0.0144928136541881,0.81154012345199,0.18845987654801,1,0.98550718634581
2012-05-21,0.976468457351554,0.0235315426484445,0.908611306681002,0.0913886933189984,1,0.976468457351554
2012-05-22,0.979056668783498,0.0209433312165003,0.797239062381821,0.202760937618179,1,0.979056668783498
2012-05-23,0.971015251703606,0.0289847482963927,0.823368382365544,0.176631617634456,1,0.971015251703606
2012-05-24,0.973424475728594,0.0265755242714048,0.657353768731855,0.342646231268145,1,0.973424475728594
2012-05-29,0.974040129664349,0.0259598703356495,0.933477371471615,0.0665226285283853,1,0.974040129664349
2012-05-30,0.988562179307788,0.0114378206922106,0.830849516000226,0.169150483999774,1,0.988562179307788
2012-05-31,0.982654840619792,0.0173451593802068,0.787185981351193,0.212814018648807,1,0.982654840619792
2012-06-04,0.985440139669082,0.0145598603309168,0.996249553471477,0.00375044652852326,1,0.985440139669082
2012-06-05,0.992249608729648,0.00775039127035019,0.952424933616724,0.0475750663832758,1,0.992249608729648
2012-06-06,0.86618687754411,0.133813122455888,0.818029082152472,0.181970917847528,1,0.86618687754411
2012-06-07,0.702290083465673,0.297709916534326,0.771107024972452,0.228892975027548,1,0.702290083465673
2012-06-12,0.62467053649979,0.375329463500209,0.660432009887216,0.339567990112784,1,0.62467053649979
2012-06-13,0.552256165432869,0.447743834567129,0.511245135995793,0.488754864004207,1,0.552256165432869
2012-06-14,0.507112967273988,0.492887032726011,0.343137895813856,0.656862104186144,1,0.507112967273988
2012-06-18,0.49014308945201,0.509856910547989,0.828118981060318,0.171881018939682,2,0.49014308945201
2012-06-19,0.502714736008181,0.497285263991817,0.711851124791063,0.288148875208937,1,0.502714736008181
2012-06-20,0.356916423718856,0.643083576281143,0.559143962838957,0.440856037161043,2,0.356916423718856
2012-06-21,0.262021597686408,0.73797840231359,0.509007718011952,0.490992281988048,2,0.262021597686408
2012-06-25,0.209297828107783,0.790702171892215,0.411037264145653,0.588962735854347,2,0.209297828107783
2012-06-26,0.163457867481726,0.836542132518272,0.274961305777261,0.725038694222739,2,0.163457867481726
2012-06-27,0.133121337124186,0.866878662875812,0.173565053535786,0.826434946464215,2,0.133121337124186
2012-06-28,0.122168755661701,0.877831244338298,0.108246932778917,0.891753067221083,2,0.122168755661701
2012-07-02,0.127330949649631,0.872669050350367,0.101272906179239,0.898727093820761,2,0.127330949649631
2012-07-03,0.151923650913115,0.848076349086883,0.0696110226991831,0.930388977300817,2,0.151923650913115
2012-07-05,0.186562504324977,0.813437495675021,0.0741714769821802,0.92582852301782,2,0.186562504324977
2012-07-09,0.259111747112817,0.740888252887181,0.192626886006487,0.807373113993513,2,0.259111747112817
2012-07-10,0.355072913464978,0.644927086535021,0.122441790419026,0.877558209580974,2,0.355072913464978
2012-07-11,0.391223900409277,0.608776099590721,0.0785218677302317,0.921478132269768,2,0.391223900409277
2012-07-12,0.472720281780338,0.52727971821966,0.344853068539909,0.655146931460091,2,0.472720281780338
2012-07-16,0.642342738491869,0.35765726150813,0.225639230625712,0.774360769374288,1,0.642342738491869
2012-07-17,0.669131075909457,0.330868924090542,0.152209755275483,0.847790244724517,1,0.669131075909457
2012-07-18,0.735201186348011,0.264798813651987,0.295946132038838,0.704053867961162,1,0.735201186348011
2012-07-19,0.860502400466223,0.139497599533775,0.443427501534085,0.556572498465915,1,0.860502400466223
2012-07-23,0.92191071852157,0.0780892814784283,0.99248876858538,0.00751123141462023,1,0.92191071852157
2012-07-24,0.955655900994213,0.0443440990057859,0.882783332947693,0.117216667052307,1,0.955655900994213
2012-07-25,0.593119429806008,0.406880570193991,0.722408967974289,0.277591032025711,1,0.593119429806008
2012-07-26,0.405292609669815,0.594707390330184,0.590227133377262,0.409772866622738,2,0.405292609669815
2012-07-30,0.313486274963852,0.686513725036147,0.643001828162506,0.356998171837494,2,0.313486274963852
2012-07-31,0.258017085053576,0.741982914946423,0.492708623088514,0.507291376911486,2,0.258017085053576
2012-08-01,0.178397092202861,0.821602907797138,0.322422394918482,0.677577605081518,2,0.178397092202861
2012-08-02,0.133223225975924,0.866776774024075,0.389316119010988,0.610683880989012,2,0.133223225975924
2012-08-06,0.114854243889428,0.885145756110571,0.290164591839427,0.709835408160573,2,0.114854243889428
2012-08-07,0.0838643288636559,0.916135671136343,0.241925945607042,0.758074054392958,2,0.0838643288636559
2012-08-08,0.0653394609845818,0.934660539015417,0.162876796135359,0.837123203864641,2,0.0653394609845818
2012-08-09,0.051471521755287,0.948528478244712,0.140266493236024,0.859733506763976,2,0.051471521755287
2012-08-13,0.0464850385659769,0.953514961434022,0.0916735973820637,0.908326402617936,2,0.0464850385659769
2012-08-14,0.0439162348350926,0.956083765164906,0.066537457355535,0.933462542644465,2,0.0439162348350926
2012-08-15,0.0496840917306383,0.950315908269361,0.113625670284144,0.886374329715856,2,0.0496840917306383
2012-08-16,0.0654076888367844,0.934592311163215,0.0783554551280834,0.921644544871917,2,0.0654076888367844
2012-08-20,0.0721437456493207,0.927856254350678,0.0552672824270416,0.944732717572959,2,0.0721437456493207
2012-08-21,0.0919739988983588,0.90802600110164,0.0441750015539125,0.955824998446087,2,0.0919739988983588
2012-08-22,0.135987384200861,0.864012615799138,0.0382495522261245,0.961750447773875,2,0.135987384200861
2012-08-23,0.223603202443848,0.776396797556151,0.0385244804832552,0.961475519516745,2,0.223603202443848
2012-08-27,0.395463542522376,0.604536457477623,0.244942980900511,0.755057019099489,2,0.395463542522376
2012-08-28,0.700494930119315,0.299505069880684,0.171037134809408,0.828962865190592,1,0.700494930119315
2012-08-29,0.762378156927184,0.237621843072815,0.422542348429291,0.577457651570709,1,0.762378156927184
2012-08-30,0.875252888444068,0.12474711155593,0.523823054284311,0.476176945715689,1,0.875252888444068
2012-09-04,0.908222421427352,0.0917775785726465,0.348029421939663,0.651970578060337,1,0.908222421427352
2012-09-05,0.929193858404748,0.0708061415952509,0.83050752609831,0.16949247390169,1,0.929193858404748
2012-09-06,0.982633574762394,0.0173664252376046,0.677503289553767,0.322496710446233,1,0.982633574762394
2012-09-10,0.985440191915465,0.0145598080845337,0.999999716784438,2.83215562155635e-07,1,0.985440191915465
2012-09-11,0.999999968411532,3.15884670189827e-08,0.940239553955402,0.0597604460445974,1,0.999999968411532
2012-09-12,0.99499219077903,0.00500780922096837,0.851207643484227,0.148792356515773,1,0.99499219077903
2012-09-13,0.993968899194018,0.00603110080598113,0.993085023926927,0.00691497607307337,1,0.993968899194018
2012-09-17,0.999133536083459,0.000866463916539541,0.961550065907386,0.0384499340926138,1,0.999133536083459
2012-09-18,0.993536168203148,0.00646383179685059,0.993530526404774,0.00646947359522562,1,0.993536168203148
2012-09-19,0.986621432910735,0.0133785670892642,0.934461985134527,0.0655380148654731,1,0.986621432910735
2012-09-20,0.860881892849005,0.139118107150994,0.891313094109804,0.108686905890196,1,0.860881892849005
2012-09-24,0.740750672462502,0.259249327537497,0.782487516246984,0.217512483753016,1,0.740750672462502
2012-09-25,0.612225105852479,0.38777489414752,0.690554835043151,0.309445164956849,1,0.612225105852479
2012-09-26,0.53116595179358,0.468834048206419,0.564838030228538,0.435161969771462,1,0.53116595179358
2012-09-27,0.473599806856086,0.526400193143913,0.398419361599202,0.601580638400798,2,0.473599806856086
2012-10-01,0.442337905781202,0.557662094218796,0.255219223921126,0.744780776078874,2,0.442337905781202
2012-10-02,0.439909318280251,0.560090681719748,0.18499520789945,0.81500479210055,2,0.439909318280251
2012-10-03,0.467660261195778,0.532339738804221,0.11953399054631,0.88046600945369,2,0.467660261195778
2012-10-04,0.52409159663349,0.475908403366509,0.0934744412009847,0.906525558799015,1,0.52409159663349
2012-10-08,0.640219175354622,0.359780824645377,0.9417629835307,0.0582370164693002,1,0.640219175354622
2012-10-09,0.83154479365999,0.168455206340009,0.831334265739079,0.168665734260921,1,0.83154479365999
2012-10-10,0.664951830844877,0.335048169155123,0.718566582412153,0.281433417587847,1,0.664951830844877
2012-10-11,0.567047052533365,0.432952947466634,0.632492589779302,0.367507410220698,1,0.567047052533365
2012-10-15,0.505441914447997,0.494558085552002,0.519146893374385,0.480853106625615,1,0.505441914447997
2012-10-16,0.461644688740993,0.538355311259006,0.617716220456453,0.382283779543547,2,0.461644688740993
2012-10-17,0.438635082840547,0.561364917159452,0.808385077890511,0.191614922109489,2,0.438635082840547
2012-10-18,0.390408755793333,0.609591244206666,0.6529907424433,0.3470092575567,2,0.390408755793333
2012-10-22,0.232870757259371,0.767129242740628,0.524843987173316,0.475156012826684,2,0.232870757259371
2012-10-23,0.145881329256227,0.854118670743772,0.360120938083779,0.639879061916221,2,0.145881329256227
2012-10-24,0.0899282247370673,0.910071775262932,0.237975147899782,0.762024852100218,2,0.0899282247370673
2012-10-25,0.0614499391104762,0.938550060889523,0.243088280037035,0.756911719962965,2,0.0614499391104762
2012-10-31,0.0476411999990991,0.9523588000009,0.158885890895061,0.841114109104939,2,0.0476411999990991
2012-11-01,0.0314795523369326,0.968520447663066,0.12492231782639,0.87507768217361,2,0.0314795523369326
2012-11-05,0.0234708920846019,0.976529107915397,0.10268006238422,0.89731993761578,2,0.0234708920846019
2012-11-06,0.0180710029453163,0.981928997054683,0.0725884999388247,0.927411500061175,2,0.0180710029453163
2012-11-07,0.0141308107533869,0.985869189246612,0.0796941630752104,0.92030583692479,2,0.0141308107533869
2012-11-08,0.013068491894716,0.986931508105283,0.0603317057959176,0.939668294204082,2,0.013068491894716
2012-11-12,0.0105644306144461,0.989435569385553,0.0535766196271243,0.946423380372876,2,0.0105644306144461
2012-11-13,0.00983919486956946,0.99016080513043,0.0425147009865246,0.957485299013475,2,0.00983919486956946
2012-11-14,0.00986434131530917,0.99013565868469,0.0551684866033451,0.944831513396655,2,0.00986434131530917
2012-11-15,0.0121452383105668,0.987854761689432,0.0465628042499378,0.953437195750062,2,0.0121452383105668
2012-11-19,0.01314144037312,0.986858559626879,0.0624030764843489,0.937596923515651,2,0.01314144037312
2012-11-20,0.0166313321552288,0.98336866784477,0.0685509199899808,0.931449080010019,2,0.0166313321552288
2012-11-21,0.0184639892699511,0.981536010730048,0.0521162883447752,0.947883711655225,2,0.0184639892699511
2012-11-26,0.0199125459068652,0.980087454093133,0.0517684828066234,0.948231517193377,2,0.0199125459068652
2012-11-27,0.0259691177034895,0.974030882296509,0.0553437524204849,0.944656247579515,2,0.0259691177034895
2012-11-28,0.0356231175239025,0.964376882476096,0.048767815599873,0.951232184400127,2,0.0356231175239025
2012-11-29,0.0492245242137296,0.950775475786269,0.0520248872199515,0.947975112780048,2,0.0492245242137296
2012-12-03,0.0743107003427159,0.925689299657283,0.108463058976393,0.891536941023607,2,0.0743107003427159
2012-12-04,0.111616250807136,0.888383749192863,0.0877193931243591,0.912280606875641,2,0.111616250807136
2012-12-05,0.131924576558915,0.868075423441084,0.0601401391181511,0.939859860881849,2,0.131924576558915
2012-12-06,0.16797878537011,0.832021214629889,0.0496172470801408,0.950382752919859,2,0.16797878537011
2012-12-10,0.245024117242493,0.754975882757505,0.617917117938559,0.382082882061441,2,0.245024117242493
2012-12-11,0.387543708494197,0.612456291505802,0.456309974480702,0.543690025519298,2,0.387543708494197
2012-12-12,0.332942023522843,0.667057976477155,0.29452121122111,0.70547878877889,2,0.332942023522843
2012-12-13,0.309804525372167,0.690195474627831,0.18706600762978,0.81293399237022,2,0.309804525372167
2012-12-17,0.314222536369653,0.685777463630346,0.450765404187083,0.549234595812917,2,0.314222536369653
2012-12-18,0.346154166298869,0.65384583370113,0.328403903762932,0.671596096237068,2,0.346154166298869
2012-12-19,0.325292573656746,0.674707426343253,0.268871457596024,0.731128542403976,2,0.325292573656746
2012-12-20,0.324780810061694,0.675219189938305,0.22429395370418,0.775706046295821,2,0.324780810061694
2012-12-26,0.336121781274024,0.663878218725975,0.195572010622468,0.804427989377532,2,0.336121781274024
2012-12-27,0.359698136746699,0.6403018632533,0.164049313327709,0.835950686672291,2,0.359698136746699
2013-01-02,0.395483380234973,0.604516619765026,0.743423135028444,0.256576864971556,2,0.395483380234973
2013-01-03,0.450372786776451,0.549627213223548,0.698566621179277,0.301433378820723,2,0.450372786776451
2013-01-07,0.3559411808405,0.644058819159498,0.6910059240091,0.308994075990899,2,0.3559411808405
2013-01-08,0.267304372388981,0.732695627611017,0.501375557082096,0.498624442917904,2,0.267304372388981
2013-01-09,0.168186946590666,0.831813053409333,0.343192261360497,0.656807738639503,2,0.168186946590666
2013-01-10,0.120073187789438,0.879926812210561,0.376968684746798,0.623031315253202,2,0.120073187789438
2013-01-14,0.0971490030242589,0.90285099697574,0.254043562043067,0.745956437956933,2,0.0971490030242589
2013-01-15,0.0666017963089512,0.933398203691047,0.178325344522042,0.821674655477958,2,0.0666017963089512
2013-01-16,0.0512341127167748,0.948765887283224,0.178706131084156,0.821293868915844,2,0.0512341127167748
2013-01-17,0.0440327714175793,0.955967228582419,0.187500609040363,0.812499390959637,2,0.0440327714175793
2013-01-22,0.0356245415962012,0.964375458403797,0.149208835073589,0.850791164926411,2,0.0356245415962012
2013-01-23,0.0247868025191672,0.975213197480831,0.0949694053659553,0.905030594634045,2,0.0247868025191672
2013-01-24,0.0167068682402419,0.983293131759757,0.0698029794393896,0.93019702056061,2,0.0167068682402419
2013-01-28,0.0133726044409063,0.986627395559092,0.057476320336943,0.942523679663057,2,0.0133726044409063
2013-01-29,0.0124292251781875,0.987570774821811,0.0513817306181194,0.948618269381881,2,0.0124292251781875
2013-01-30,0.0131382597234009,0.986861740276597,0.0476713289372682,0.952328671062732,2,0.0131382597234009
2013-01-31,0.0154760138853143,0.984523986114684,0.0540907204158868,0.945909279584113,2,0.0154760138853143
2013-02-04,0.0201535322689145,0.979846467731084,0.0507252166026472,0.949274783397353,2,0.0201535322689145
2013-02-05,0.0257749508153424,0.974225049184656,0.0470895795399735,0.952910420460027,2,0.0257749508153424
2013-02-06,0.0357056406301594,0.964294359369839,0.042073390677279,0.957926609322721,2,0.0357056406301594
2013-02-07,0.0534185013176921,0.946581498682306,0.0425437900566555,0.957456209943344,2,0.0534185013176921
2013-02-11,0.0869311186046165,0.913068881395382,0.0374255938336001,0.9625744061664,2,0.0869311186046165
2013-02-12,0.143654242969249,0.85634575703075,0.0625948612643992,0.937405138735601,2,0.143654242969249
2013-02-13,0.255109983966895,0.744890016033103,0.141496295831683,0.858503704168317,2,0.255109983966895
2013-02-14,0.369882991451934,0.630117008548064,0.187424565609393,0.812575434390607,2,0.369882991451934
2013-02-19,0.432712217758901,0.567287782241097,0.242252273770019,0.757747726229981,2,0.432712217758901
2013-02-20,0.482654554777549,0.517345445222449,0.458332232076799,0.541667767923201,2,0.482654554777549
2013-02-21,0.519248675667293,0.480751324332706,0.300777212444907,0.699222787555093,1,0.519248675667293
2013-02-25,0.513100344558068,0.486899655441931,0.414939926358804,0.585060073641196,1,0.513100344558068
2013-02-26,0.537216550407313,0.462783449592686,0.268287779445902,0.731712220554098,1,0.537216550407313
2013-02-27,0.540497882328372,0.459502117671626,0.224165318383829,0.775834681616172,1,0.540497882328372
2013-02-28,0.576016791552484,0.423983208447514,0.254194237724614,0.745805762275386,1,0.576016791552484
2013-03-04,0.630688180783852,0.369311819216146,0.546298400716463,0.453701599283537,1,0.630688180783852
2013-03-05,0.680909177855042,0.319090822144957,0.494120163527751,0.50587983647225,1,0.680909177855042
2013-03-06,0.675291628197783,0.324708371802216,0.351652285338768,0.648347714661232,1,0.675291628197783
2013-03-07,0.677738314827545,0.322261685172453,0.239972923594055,0.760027076405945,1,0.677738314827545
2013-03-11,0.706411013393273,0.293588986606726,0.457199787239918,0.542800212760082,1,0.706411013393273
2013-03-12,0.771019367237664,0.228980632762335,0.296231658166317,0.703768341833683,1,0.771019367237664
2013-03-13,0.78853466033263,0.211465339667369,0.666348666986243,0.333651333013758,1,0.78853466033263
2013-03-14,0.842371091866712,0.157628908133287,0.560658072012136,0.439341927987864,1,0.842371091866712
2013-03-18,0.837225893928288,0.162774106071711,0.878880707414717,0.121119292585283,1,0.837225893928288
2013-03-19,0.846008644165508,0.153991355834491,0.859338513839588,0.140661486160412,1,0.846008644165508
2013-03-20,0.781454659381375,0.218545340618624,0.739427356869167,0.260572643130833,1,0.781454659381375
2013-03-21,0.703457496551619,0.29654250344838,0.614217459452933,0.385782540547067,1,0.703457496551619
2013-03-25,0.659601502760878,0.340398497239121,0.479991207581659,0.520008792418341,1,0.659601502760878
2013-03-26,0.639385599493302,0.360614400506697,0.481312685881898,0.518687314118102,1,0.639385599493302
2013-03-27,0.640758045630852,0.359241954369147,0.372940613621782,0.627059386378218,1,0.640758045630852
2013-04-01,0.642037363409246,0.357962636590753,0.327982416552102,0.672017583447898,1,0.642037363409246
2013-04-02,0.662913286446533,0.337086713553466,0.383616812027722,0.616383187972278,1,0.662913286446533
2013-04-03,0.695548655682931,0.304451344317068,0.391778892437841,0.608221107562159,1,0.695548655682931
2013-04-04,0.719271895179892,0.280728104820106,0.292783946487645,0.707216053512355,1,0.719271895179892
2013-04-08,0.743595685404188,0.25640431459581,0.179416889890219,0.820583110109781,1,0.743595685404188
2013-04-09,0.793791287848164,0.206208712151835,0.534555601576639,0.465444398423361,1,0.793791287848164
2013-04-10,0.905026223795384,0.0949737762046145,0.579614387809255,0.420385612190745,1,0.905026223795384
2013-04-11,0.924311320595039,0.0756886794049603,0.42289615842728,0.57710384157272,1,0.924311320595039
2013-04-15,0.940306302539783,0.0596936974602155,0.904469702569956,0.0955302974300438,1,0.940306302539783
2013-04-16,0.979191428763928,0.0208085712360709,0.753931661868756,0.246068338131243,1,0.979191428763928
2013-04-17,0.972001887306497,0.0279981126935016,0.586285657228414,0.413714342771586,1,0.972001887306497
2013-04-18,0.978353964864678,0.0216460351353205,0.992954432334217,0.0070455676657826,1,0.978353964864678
2013-04-22,0.999763200606376,0.000236799393623098,0.999853284777629,0.000146715222371415,1,0.999763200606376
2013-04-23,0.999837716941185,0.000162283058813431,0.933302239365986,0.066697760634014,1,0.999837716941185
2013-04-24,0.932969761159015,0.0670302388409836,0.801526362116534,0.198473637883466,1,0.932969761159015
2013-04-29,0.878363599105179,0.121636400894819,0.621907603322336,0.378092396677664,1,0.878363599105179
2013-04-30,0.856029075461435,0.143970924538564,0.437084546343774,0.562915453656226,1,0.856029075461435
2013-05-01,0.858856471425247,0.141143528574752,0.337923090001822,0.662076909998178,1,0.858856471425247
2013-05-02,0.887823475778414,0.112176524221584,0.437064301512823,0.562935698487177,1,0.887823475778414
2013-05-06,0.939855401247441,0.0601445987525575,0.957817861366435,0.0421821386335646,1,0.939855401247441
2013-05-07,0.97629542157558,0.0237045784244183,0.895842851001984,0.104157148998016,1,0.97629542157558
2013-05-08,0.945986342801409,0.0540136571985898,0.923152459124477,0.0768475408755227,1,0.945986342801409
2013-05-09,0.922227861246821,0.0777721387531774,0.776357175603928,0.223642824396072,1,0.922227861246821
2013-05-13,0.868124091135545,0.131875908864454,0.648008537658162,0.351991462341838,1,0.868124091135545
2013-05-14,0.848842700706577,0.151157299293421,0.482740312026502,0.517259687973498,1,0.848842700706577
2013-05-15,0.847217089879437,0.152782910120562,0.677169269501173,0.322830730498827,1,0.847217089879437
2013-05-16,0.867919242011675,0.132080757988323,0.681174423424146,0.318825576575854,1,0.867919242011675
2013-05-20,0.864972066752031,0.135027933247967,0.649276289875146,0.350723710124854,1,0.864972066752031
2013-05-21,0.861024774363837,0.138975225636162,0.462774844098514,0.537225155901487,1,0.861024774363837
2013-05-22,0.860877747211231,0.139122252788767,0.444239981455016,0.555760018544984,1,0.860877747211231
2013-05-23,0.885895544206099,0.1141044557939,0.456193659422993,0.543806340577007,1,0.885895544206099
2013-05-28,0.916178441672844,0.0838215583271547,0.767276021009171,0.232723978990829,1,0.916178441672844
2013-05-29,0.94737554907257,0.0526244509274283,0.882998201444495,0.117001798555505,1,0.94737554907257
2013-05-30,0.947245962695264,0.0527540373047344,0.897018647854428,0.102981352145572,1,0.947245962695264
2013-06-03,0.928108382952287,0.0718916170477112,0.796187694440797,0.203812305559203,1,0.928108382952287
2013-06-04,0.894117650104968,0.105882349895031,0.851397875314956,0.148602124685044,1,0.894117650104968
2013-06-05,0.877025291794111,0.122974708205888,0.683470459182339,0.316529540817662,1,0.877025291794111
2013-06-06,0.839409418962394,0.160590581037605,0.575413173602697,0.424586826397303,1,0.839409418962394
2013-06-11,0.831237579844242,0.168762420155757,0.516970294860947,0.483029705139053,1,0.831237579844242
2013-06-12,0.83736306151729,0.162636938482708,0.414927820785026,0.585072179214974,1,0.83736306151729
2013-06-13,0.852168676771076,0.147831323228923,0.566807149130927,0.433192850869073,1,0.852168676771076
2013-06-17,0.884375390266719,0.115624609733279,0.676320692165702,0.323679307834298,1,0.884375390266719
2013-06-18,0.897467884531433,0.102532115468566,0.486061094604055,0.513938905395945,1,0.897467884531433
2013-06-19,0.899032389596849,0.10096761040315,0.374900371530794,0.625099628469206,1,0.899032389596849
2013-06-20,0.924195531321421,0.0758044686785773,0.856276841766459,0.143723158233541,1,0.924195531321421
2013-06-24,0.970928612589779,0.0290713874102195,0.960810553733889,0.0391894462661108,1,0.970928612589779
2013-06-25,0.967040271923564,0.0329597280764351,0.851134960356853,0.148865039643147,1,0.967040271923564
2013-06-26,0.919798816473799,0.0802011835262,0.861441924396409,0.138558075603591,1,0.919798816473799
2013-06-27,0.897895956555129,0.10210404344487,0.697460516520944,0.302539483479056,1,0.897895956555129
2013-07-01,0.864431982648599,0.1355680173514,0.713792694484216,0.286207305515784,1,0.864431982648599
2013-07-02,0.858057403920713,0.141942596079287,0.915787076688261,0.0842129233117394,1,0.858057403920713
2013-07-03,0.848116965667084,0.151883034332915,0.904442343052124,0.0955576569478762,1,0.848116965667084
2013-07-08,0.749133126501061,0.250866873498938,0.857355326180078,0.142644673819922,1,0.749133126501061
2013-07-09,0.604839511914592,0.395160488085407,0.726043345821042,0.273956654178958,1,0.604839511914592
2013-07-10,0.46061588608344,0.539384113916559,0.550435125518159,0.449564874481841,2,0.46061588608344
2013-07-11,0.376938310434946,0.623061689565054,0.699114558519454,0.300885441480546,2,0.376938310434946
2013-07-15,0.338578446548738,0.661421553451262,0.543875385456791,0.456124614543209,2,0.338578446548738
2013-07-16,0.246877913250871,0.753122086749128,0.372671863653333,0.627328136346668,2,0.246877913250871
2013-07-17,0.19647251198659,0.80352748801341,0.532593103502117,0.467406896497884,2,0.19647251198659
2013-07-18,0.175889139518971,0.824110860481029,0.355245165523132,0.644754834476868,2,0.175889139518971
2013-07-22,0.121018340003148,0.878981659996852,0.23018996003535,0.76981003996465,2,0.121018340003148
2013-07-23,0.0962563482555003,0.903743651744499,0.140882261238909,0.859117738761091,2,0.0962563482555003
2013-07-24,0.0878959888193466,0.912104011180653,0.151883379107522,0.848116620892478,2,0.0878959888193466
2013-07-25,0.0936685209951678,0.906331479004831,0.120394302985883,0.879605697014117,2,0.0936685209951678
2013-07-29,0.0982680096834873,0.901731990316512,0.0805942544449556,0.919405745555044,2,0.0982680096834873
2013-07-30,0.111365805266424,0.888634194733575,0.0683092705027161,0.931690729497284,2,0.111365805266424
2013-07-31,0.144528474390486,0.855471525609513,0.0578639273342295,0.94213607266577,2,0.144528474390486
2013-08-01,0.200558389484031,0.799441610515968,0.0481361504980649,0.951863849501935,2,0.200558389484031
2013-08-05,0.297900884120604,0.702099115879395,0.135445537105562,0.864554462894438,2,0.297900884120604
2013-08-06,0.478110795167951,0.521889204832048,0.0883760503212141,0.911623949678786,2,0.478110795167951
2013-08-07,0.567848119714762,0.432151880285237,0.219074359502626,0.780925640497374,1,0.567848119714762
2013-08-08,0.747667518629053,0.252332481370946,0.16592275262889,0.83407724737111,1,0.747667518629053
2013-08-12,0.827105058338455,0.172894941661544,0.991796228973691,0.00820377102630897,1,0.827105058338455
2013-08-13,0.955531897467105,0.0444681025328941,0.878220610333637,0.121779389666363,1,0.955531897467105
2013-08-14,0.623087930480939,0.37691206951906,0.718592854124236,0.281407145875764,1,0.623087930480939
2013-08-15,0.457150806311615,0.542849193688384,0.549387968709531,0.450612031290469,2,0.457150806311615
2013-08-19,0.376314678742664,0.623685321257335,0.564740728369606,0.435259271630394,2,0.376314678742664
2013-08-20,0.338130153827471,0.661869846172528,0.41060340693513,0.58939659306487,2,0.338130153827471
2013-08-21,0.292184412757588,0.707815587242411,0.266484406366246,0.733515593633754,2,0.292184412757588
2013-08-22,0.273748603045023,0.726251396954976,0.169951346460061,0.830048653539939,2,0.273748603045023
2013-08-26,0.279894080020218,0.72010591997978,0.150858567637392,0.849141432362608,2,0.279894080020218
2013-08-27,0.312384423453723,0.687615576546275,0.0945476296430445,0.905452370356956,2,0.312384423453723
2013-08-28,0.358742389597905,0.641257610402094,0.255411740718971,0.744588259281029,2,0.358742389597905
2013-08-29,0.460874149523681,0.539125850476318,0.189453559894594,0.810546440105406,2,0.460874149523681
2013-09-03,0.491001657544246,0.508998342455753,0.877283607924326,0.122716392075674,2,0.491001657544246
2013-09-04,0.548894594081418,0.451105405918581,0.74291882237769,0.25708117762231,1,0.548894594081418
2013-09-05,0.35084492184605,0.649155078153949,0.573936964996482,0.426063035003519,2,0.35084492184605
2013-09-09,0.237338868271818,0.762661131728181,0.418560488908482,0.581439511091518,2,0.237338868271818
2013-09-10,0.177890031325864,0.822109968674135,0.299284565702013,0.700715434297987,2,0.177890031325864
2013-09-11,0.147513437921033,0.852486562078966,0.470745438200085,0.529254561799915,2,0.147513437921033
2013-09-12,0.134241157850906,0.865758842149093,0.334098618009275,0.665901381990725,2,0.134241157850906
2013-09-16,0.0896161594060128,0.910383840593986,0.259104927498269,0.740895072501731,2,0.0896161594060128
2013-09-17,0.0651701540928674,0.934829845907131,0.15950610915122,0.84049389084878,2,0.0651701540928674
2013-09-18,0.0489474331076238,0.951052566892375,0.155856235857176,0.844143764142824,2,0.0489474331076238
2013-09-19,0.0439981489941245,0.956001851005874,0.195507671804615,0.804492328195385,2,0.0439981489941245
2013-09-23,0.0386671125861523,0.961332887413847,0.145111097761982,0.854888902238018,2,0.0386671125861523
2013-09-24,0.0272995545858846,0.972700445414115,0.0927909198899309,0.907209080110069,2,0.0272995545858846
2013-09-25,0.0202039257949318,0.979796074205067,0.0750358198278137,0.924964180172186,2,0.0202039257949318
2013-09-26,0.0182594637994819,0.981740536200517,0.0619938316000611,0.938006168399939,2,0.0182594637994819
2013-09-30,0.0184442449133795,0.98155575508662,0.130541486288325,0.869458513711675,2,0.0184442449133795
2013-10-01,0.0212276057880846,0.978772394211915,0.0881448970793006,0.911855102920699,2,0.0212276057880846
2013-10-02,0.0146332504176817,0.985366749582318,0.0623013007874136,0.937698699212586,2,0.0146332504176817
2013-10-03,0.0115408323759945,0.988459167624005,0.0475313434686833,0.952468656531317,2,0.0115408323759945
2013-10-07,0.0109706793328345,0.989029320667165,0.0642836736857532,0.935716326314247,2,0.0109706793328345
2013-10-08,0.0128483269284295,0.98715167307157,0.0507489937071036,0.949251006292896,2,0.0128483269284295
2013-10-09,0.0125641017799738,0.987435898220026,0.0414346458096563,0.958565354190344,2,0.0125641017799738
2013-10-10,0.0147060243813419,0.985293975618657,0.0614997028178092,0.938500297182191,2,0.0147060243813419
2013-10-14,0.020762610960945,0.979237389039054,0.123600869912042,0.876399130087958,2,0.020762610960945
2013-10-15,0.0247732447292817,0.975226755270718,0.108659419300594,0.891340580699406,2,0.0247732447292817
2013-10-16,0.0198441423440133,0.980155857655986,0.0922340596788595,0.90776594032114,2,0.0198441423440133
2013-10-17,0.0156187201486708,0.984381279851329,0.0623994184621849,0.937600581537815,2,0.0156187201486708
2013-10-21,0.0123062384177641,0.987693761582235,0.084105528616533,0.915894471383467,2,0.0123062384177641
2013-10-22,0.0120839552302899,0.98791604476971,0.058723012116061,0.941276987883939,2,0.0120839552302899
2013-10-23,0.00864822426743356,0.991351775732566,0.0462149555253214,0.953785044474679,2,0.00864822426743356
2013-10-24,0.00721407435702163,0.992785925642978,0.0410687773671357,0.958931222632864,2,0.00721407435702163
2013-10-28,0.00694842433690388,0.993051575663095,0.0374995025400789,0.962500497459921,2,0.00694842433690388
2013-10-29,0.00744395835049435,0.992556041649505,0.0341324516450172,0.965867548354983,2,0.00744395835049435
2013-10-30,0.00907787960504357,0.990922120394956,0.0331267316058766,0.966873268394123,2,0.00907787960504357
2013-10-31,0.0129922397878133,0.987007760212186,0.0348683097076664,0.965131690292333,2,0.0129922397878133
2013-11-04,0.0208006015853415,0.979199398414658,0.128307733178588,0.871692266821412,2,0.0208006015853415
2013-11-05,0.0346543293595971,0.965345670640402,0.165357606502888,0.834642393497112,2,0.0346543293595971
2013-11-06,0.0313390848541595,0.96866091514584,0.114985121415486,0.885014878584514,2,0.0313390848541595
2013-11-07,0.0225095009986479,0.977490499001352,0.123701852456734,0.876298147543266,2,0.0225095009986479
2013-11-11,0.0181524850784174,0.981847514921582,0.0836093440232011,0.916390655976799,2,0.0181524850784174
2013-11-12,0.0116680175195382,0.988331982480461,0.059101859237468,0.940898140762532,2,0.0116680175195382
2013-11-13,0.00814939387687448,0.991850606123125,0.0472046641001115,0.952795335899889,2,0.00814939387687448
2013-11-14,0.00640865890397227,0.993591341096027,0.039179996887118,0.960820003112882,2,0.00640865890397227
2013-11-18,0.00546279784381031,0.994537202156189,0.0348526678302282,0.965147332169772,2,0.00546279784381031
2013-11-19,0.00519611075047403,0.994803889249525,0.0400026838956161,0.959997316104384,2,0.00519611075047403
2013-11-20,0.00552521594816614,0.994474784051833,0.0356523575505262,0.964347642449474,2,0.00552521594816614
2013-11-21,0.00516115636860641,0.994838843631393,0.0344672459452574,0.965532754054743,2,0.00516115636860641
2013-11-25,0.00530347053339177,0.994696529466608,0.0337831808760948,0.966216819123905,2,0.00530347053339177
2013-11-26,0.00580420213669333,0.994195797863306,0.045049493093744,0.954950506906256,2,0.00580420213669333
2013-11-27,0.00689560319316304,0.993104396806836,0.0378575055954556,0.962142494404544,2,0.00689560319316304
2013-12-02,0.00662246213902413,0.993377537860975,0.0442932600547354,0.955706739945265,2,0.00662246213902413
2013-12-03,0.00751965493240389,0.992480345067596,0.0543947464201631,0.945605253579837,2,0.00751965493240389
2013-12-04,0.00780194178620284,0.992198058213797,0.0425126450718905,0.95748735492811,2,0.00780194178620284
2013-12-05,0.00656831343260599,0.993431686567394,0.0365124940346179,0.963487505965382,2,0.00656831343260599
2013-12-09,0.00651923418910737,0.993480765810892,0.0346450416728257,0.965354958327174,2,0.00651923418910737
2013-12-10,0.00762113906186708,0.992378860938132,0.0387045423425064,0.961295457657494,2,0.00762113906186708
2013-12-11,0.0101080140632233,0.989891985936776,0.0843631468441465,0.915636853155854,2,0.0101080140632233
2013-12-12,0.0135439920638846,0.986456007936115,0.0585017875698856,0.941498212430114,2,0.0135439920638846
2013-12-16,0.0105825579351676,0.989417442064832,0.0488520448780796,0.951147955121921,2,0.0105825579351676
2013-12-17,0.0101641931483778,0.989835806851622,0.0410266638567786,0.958973336143221,2,0.0101641931483778
2013-12-18,0.0112640686297994,0.9887359313702,0.0761777861739572,0.923822213826043,2,0.0112640686297994
2013-12-19,0.0149331302228271,0.985066869777172,0.0539972040170342,0.946002795982966,2,0.0149331302228271
2013-12-23,0.0136384212072872,0.986361578792712,0.0430034200530414,0.956996579946959,2,0.0136384212072872
2013-12-26,0.0156882828182125,0.984311717181787,0.0397261052839114,0.960273894716089,2,0.0156882828182125
2013-12-30,0.0219237249964546,0.978076275003545,0.0420942575560373,0.957905742443963,2,0.0219237249964546
2014-01-02,0.0340410821988539,0.965958917801146,0.0366427001727694,0.963357299827231,2,0.0340410821988539
2014-01-06,0.0536916019124843,0.946308398087515,0.301045255166584,0.698954744833416,2,0.0536916019124843
2014-01-07,0.0936277062657894,0.90637229373421,0.200525593002872,0.799474406997128,2,0.0936277062657894
2014-01-08,0.0745323347160968,0.925467665283902,0.125088527153035,0.874911472846965,2,0.0745323347160968
2014-01-09,0.0676893118797464,0.932310688120253,0.181096310458393,0.818903689541607,2,0.0676893118797464
2014-01-13,0.0724508469650159,0.927549153034983,0.122038578861225,0.877961421138775,2,0.0724508469650159
2014-01-14,0.0682272226132187,0.93177277738678,0.0997754335804363,0.900224566419564,2,0.0682272226132187
2014-01-15,0.0737667079022041,0.926233292097795,0.164342517085762,0.835657482914237,2,0.0737667079022041
2014-01-16,0.0864324214602762,0.913567578539723,0.175575680286137,0.824424319713864,2,0.0864324214602762
2014-01-21,0.087325931193354,0.912674068806645,0.312436828020285,0.687563171979715,2,0.087325931193354
2014-01-22,0.086392076883248,0.913607923116751,0.259949890368784,0.740050109631216,2,0.086392076883248
2014-01-23,0.0648797702832237,0.935120229716776,0.158900716516035,0.841099283483965,2,0.0648797702832237
2014-01-27,0.0485088232001083,0.951491176799891,0.148934913095183,0.851065086904817,2,0.0485088232001083
2014-01-28,0.0435675151730177,0.956432484826981,0.173306969546238,0.826693030453762,2,0.0435675151730177
2014-01-29,0.0391345727104237,0.960865427289575,0.116190395179491,0.883809604820509,2,0.0391345727104237
2014-01-30,0.0306285698380805,0.969371430161919,0.076329604338179,0.923670395661821,2,0.0306285698380805
2014-02-03,0.0281330840650627,0.971866915934936,0.160077411893815,0.839922588106185,2,0.0281330840650627
2014-02-04,0.031901766070666,0.968098233929333,0.106158953068825,0.893841046931175,2,0.031901766070666
2014-02-05,0.0238211525080441,0.976178847491955,0.0950369006291817,0.904963099370818,2,0.0238211525080441
2014-02-06,0.0210070042270179,0.978992995772981,0.0878863967256756,0.912113603274324,2,0.0210070042270179
2014-02-10,0.0189819280852831,0.981018071914716,0.0662374501328448,0.933762549867155,2,0.0189819280852831
2014-02-11,0.0173701770779582,0.982629822922041,0.0696158930989323,0.930384106901068,2,0.0173701770779582
2014-02-12,0.0187851300171137,0.981214869982885,0.0543399356613123,0.945660064338688,2,0.0187851300171137
2014-02-13,0.0201667137690138,0.979833286230985,0.0461621004082709,0.953837899591729,2,0.0201667137690138
2014-02-18,0.0257252397166416,0.974274760283357,0.107118364081626,0.892881635918374,2,0.0257252397166416
2014-02-19,0.0374911467533059,0.962508853246693,0.0712881788797572,0.928711821120243,2,0.0374911467533059
2014-02-20,0.0382399278808936,0.961760072119105,0.0689802196270426,0.931019780372957,2,0.0382399278808936
2014-02-24,0.0473565936785372,0.952643406321462,0.0893372778866378,0.910662722113362,2,0.0473565936785372
2014-02-25,0.0610949999524698,0.938905000047529,0.12443560165327,0.87556439834673,2,0.0610949999524698
2014-02-26,0.0730374949728204,0.926962505027178,0.0894079314033554,0.910592068596645,2,0.0730374949728204
2014-02-27,0.0791750117705813,0.920824988229417,0.0618657627035116,0.938134237296488,2,0.0791750117705813
2014-03-03,0.0970025635460697,0.902997436453929,0.0650021655851438,0.934997834414856,2,0.0970025635460697
2014-03-04,0.137486840741907,0.862513159258092,0.0481980940702812,0.951801905929719,2,0.137486840741907
2014-03-05,0.193858859271786,0.806141140728212,0.040232137271559,0.959767862728441,2,0.193858859271786
2014-03-06,0.309192808653023,0.690807191346976,0.0356188255242341,0.964381174475766,2,0.309192808653023
2014-03-10,0.536042544991525,0.463957455008474,0.996269434525382,0.00373056547461853,1,0.536042544991525
2014-03-11,0.986469241011364,0.0135307589886345,0.90421718242466,0.0957828175753404,1,0.986469241011364
2014-03-12,0.763662647906939,0.23633735209306,0.857145301494248,0.142854698505752,1,0.763662647906939
2014-03-13,0.62839649827254,0.371603501727459,0.865430395888643,0.134569604111357,1,0.62839649827254
2014-03-17,0.493438003658899,0.5065619963411,0.70040605945033,0.29959394054967,2,0.493438003658899
2014-03-18,0.293128458112892,0.706871541887107,0.511351862606076,0.488648137393923,2,0.293128458112892
2014-03-19,0.193420162347047,0.806579837652952,0.438332428437709,0.561667571562291,2,0.193420162347047
2014-03-20,0.145474114290201,0.854525885709798,0.321759781357685,0.678240218642315,2,0.145474114290201
2014-03-24,0.108414078551293,0.891585921448706,0.308196932237038,0.691803067762962,2,0.108414078551293
2014-03-25,0.0876949478808903,0.912305052119109,0.315190133119437,0.684809866880564,2,0.0876949478808903
2014-03-26,0.0669396649614224,0.933060335038576,0.245648227908714,0.754351772091286,2,0.0669396649614224
2014-03-27,0.0430733924622259,0.956926607537773,0.156830144586214,0.843169855413786,2,0.0430733924622259
2014-03-31,0.0260361838550815,0.973963816144917,0.107027605969214,0.892972394030787,2,0.0260361838550815
2014-04-01,0.0172888087340942,0.982711191265904,0.0859769301201058,0.914023069879894,2,0.0172888087340942
2014-04-02,0.0125830337454973,0.987416966254501,0.0628077510757282,0.937192248924272,2,0.0125830337454973
2014-04-03,0.00908250714663797,0.990917492853361,0.0484797591108188,0.951520240889181,2,0.00908250714663797
2014-04-07,0.00726993572090837,0.99273006427909,0.0395377291912894,0.96046227080871,2,0.00726993572090837
2014-04-08,0.00665785838276284,0.993342141617236,0.0414336546608865,0.958566345339114,2,0.00665785838276284
2014-04-09,0.00723846230368673,0.992761537696312,0.0365250647696924,0.963474935230308,2,0.00723846230368673
2014-04-10,0.00787371302891928,0.99212628697108,0.0457789860847174,0.954221013915283,2,0.00787371302891928
2014-04-14,0.0100924387908287,0.98990756120917,0.0805806820292779,0.919419317970722,2,0.0100924387908287
2014-04-15,0.0117881645608534,0.988211835439145,0.059930134958794,0.940069865041206,2,0.0117881645608534
2014-04-16,0.00869743425209396,0.991302565747905,0.0463695812818868,0.953630418718113,2,0.00869743425209396
2014-04-17,0.00711128940937881,0.99288871059062,0.0392473008100346,0.960752699189965,2,0.00711128940937881
2014-04-22,0.00675250439855898,0.99324749560144,0.0367323934826707,0.963267606517329,2,0.00675250439855898
2014-04-23,0.00746396999229838,0.9925360300077,0.0342586196471056,0.965741380352894,2,0.00746396999229838
2014-04-24,0.00929435072787415,0.990705649272124,0.0342691548664672,0.965730845133533,2,0.00929435072787415
2014-04-28,0.0133610003966385,0.98663899960336,0.074875402414013,0.925124597585987,2,0.0133610003966385
2014-04-29,0.0210130450954428,0.978986954904556,0.0734652875105031,0.926534712489497,2,0.0210130450954428
2014-04-30,0.0223080416382737,0.977691958361725,0.0551429041704216,0.944857095829578,2,0.0223080416382737
2014-05-01,0.0243900644984524,0.975609935501546,0.0867044521247304,0.91329554787527,2,0.0243900644984524
2014-05-05,0.0320079075982007,0.967992092401798,0.0612278504260973,0.938772149573903,2,0.0320079075982007
2014-05-06,0.034968613998012,0.965031386001987,0.0476544686611163,0.952345531338884,2,0.034968613998012
2014-05-07,0.0459309543475512,0.954069045652448,0.0813613587544805,0.91863864124552,2,0.0459309543475512
2014-05-08,0.0697532772262198,0.930246722773779,0.11037158690111,0.88962841309889,2,0.0697532772262198
2014-05-12,0.0874589354395767,0.912541064560422,0.101586485628339,0.898413514371661,2,0.0874589354395767
2014-05-13,0.100745646727489,0.89925435327251,0.130517586847284,0.869482413152716,2,0.100745646727489
2014-05-14,0.120586569121476,0.879413430878522,0.0847788586054339,0.915221141394566,2,0.120586569121476
2014-05-15,0.135891491789511,0.864108508210487,0.0593755011685904,0.94062449883141,2,0.135891491789511
2014-05-19,0.175128128373883,0.824871871626116,0.603808429119301,0.396191570880699,2,0.175128128373883
2014-05-20,0.256914825679349,0.74308517432065,0.47767591444852,0.52232408555148,2,0.256914825679349
2014-05-21,0.190764704606837,0.809235295393162,0.399068029342153,0.600931970657847,2,0.190764704606837
2014-05-22,0.150017021360487,0.849982978639512,0.448032962326154,0.551967037673845,2,0.150017021360487
2014-05-27,0.120574786501992,0.879425213498007,0.291902947983531,0.708097052016469,2,0.120574786501992
2014-05-28,0.0793203731883031,0.920679626811695,0.184103606958434,0.815896393041566,2,0.0793203731883031
2014-05-29,0.0600679822844334,0.939932017715565,0.226699476423534,0.773300523576466,2,0.0600679822844334
2014-06-02,0.0534531038172705,0.946546896182728,0.201657355565988,0.798342644434012,2,0.0534531038172705
2014-06-03,0.0401359881596717,0.959864011840327,0.123541772748917,0.876458227251083,2,0.0401359881596717
2014-06-04,0.0282178125711259,0.971782187428872,0.0833854747339038,0.916614525266096,2,0.0282178125711259
2014-06-05,0.0240998456716387,0.97590015432836,0.0774812530277007,0.922518746972299,2,0.0240998456716387
2014-06-10,0.0249775411619016,0.975022458838097,0.05489973901878,0.94510026098122,2,0.0249775411619016
2014-06-11,0.0272970354532178,0.972702964546781,0.0533614274853901,0.94663857251461,2,0.0272970354532178
2014-06-12,0.0365703764050474,0.963429623594951,0.0886387958268839,0.911361204173116,2,0.0365703764050474
2014-06-16,0.0515779979175725,0.948422002082426,0.164797257901387,0.835202742098613,2,0.0515779979175725
2014-06-17,0.0605998105309756,0.939400189469023,0.146120853809665,0.853879146190335,2,0.0605998105309756
2014-06-18,0.0569227498298576,0.943077250170141,0.0995625858894535,0.900437414110546,2,0.0569227498298576
2014-06-19,0.0555162568638007,0.944483743136198,0.276321363425831,0.723678636574169,2,0.0555162568638007
2014-06-23,0.062917132974865,0.937082867025133,0.226450875787735,0.773549124212266,2,0.062917132974865
2014-06-24,0.04409389142356,0.955906108576439,0.145865214489227,0.854134785510773,2,0.04409389142356
2014-06-25,0.029608438862204,0.970391561137794,0.0961221098586423,0.903877890141358,2,0.029608438862204
2014-06-26,0.0228739739358528,0.977126026064145,0.0869087689240119,0.913091231075988,2,0.0228739739358528
2014-06-30,0.0212560227408908,0.978743977259108,0.102141730766728,0.897858269233272,2,0.0212560227408908
2014-07-01,0.0205567503022978,0.9794432496977,0.0729189219234066,0.927081078076593,2,0.0205567503022978
2014-07-02,0.0173929466394582,0.98260705336054,0.082324951187744,0.917675048812256,2,0.0173929466394582
2014-07-03,0.0175980014771553,0.982401998522843,0.10703620089774,0.89296379910226,2,0.0175980014771553
2014-07-07,0.0163526924378963,0.983647307562102,0.0722217017183577,0.927778298281642,2,0.0163526924378963
2014-07-08,0.0113923848513523,0.988607615148646,0.0567557625224899,0.94324423747751,2,0.0113923848513523
2014-07-09,0.00926909989779068,0.990730900102208,0.0530904313124961,0.946909568687504,2,0.00926909989779068
2014-07-10,0.00845597387122688,0.991544026128771,0.0419257465985344,0.958074253401466,2,0.00845597387122688
2014-07-14,0.00778943266145007,0.992210567338548,0.0383264769110306,0.961673523088969,2,0.00778943266145007
2014-07-15,0.00872300620191612,0.991276993798082,0.0397902889629764,0.960209711037024,2,0.00872300620191612
2014-07-16,0.0111747420463625,0.988825257953636,0.087528739346648,0.912471260653352,2,0.0111747420463625
2014-07-17,0.0151240895390555,0.984875910460943,0.0702349918145796,0.92976500818542,2,0.0151240895390555
2014-07-21,0.0122773677995613,0.987722632200437,0.0747223637899521,0.925277636210048,2,0.0122773677995613
2014-07-22,0.0108064092702908,0.989193590729707,0.0568270547855292,0.943172945214471,2,0.0108064092702908
2014-07-23,0.00810893016078982,0.991891069839209,0.0457165595247252,0.954283440475275,2,0.00810893016078982
2014-07-24,0.00667683021080646,0.993323169789192,0.0381481527500695,0.96185184724993,2,0.00667683021080646
2014-07-28,0.00614548975877349,0.993854510241225,0.0433037889950771,0.956696211004923,2,0.00614548975877349
2014-07-29,0.00660480192013603,0.993395198079863,0.0402520392383461,0.959747960761654,2,0.00660480192013603
2014-07-30,0.00643987497718106,0.993560125022818,0.0375845285060348,0.962415471493965,2,0.00643987497718106
2014-07-31,0.00671661075299017,0.993283389247008,0.0354743986922879,0.964525601307712,2,0.00671661075299017
2014-08-04,0.00774710158477149,0.992252898415227,0.065647556186291,0.934352443813709,2,0.00774710158477149
2014-08-05,0.0101263311647891,0.989873668835209,0.0515360671962148,0.948463932803785,2,0.0101263311647891
2014-08-06,0.00838991894738923,0.991610081052609,0.0418295109338697,0.95817048906613,2,0.00838991894738923
2014-08-07,0.00794124839700756,0.992058751602991,0.0373163434412914,0.962683656558709,2,0.00794124839700756
2014-08-11,0.00900373435457051,0.990996265645428,0.0497446422452526,0.950255357754747,2,0.00900373435457051
2014-08-12,0.0119413451406942,0.988058654859304,0.0582072778063575,0.941792722193643,2,0.0119413451406942
2014-08-13,0.0139327181015549,0.986067281898444,0.0685103379256371,0.931489662074363,2,0.0139327181015549
2014-08-14,0.0152748270800752,0.984725172919923,0.0593515601670412,0.940648439832959,2,0.0152748270800752
2014-08-18,0.0153558048563701,0.984644195143628,0.060868601450679,0.939131398549321,2,0.0153558048563701
2014-08-19,0.0171876550759235,0.982812344924075,0.064941173671265,0.935058826328735,2,0.0171876550759235
2014-08-20,0.0196071996615709,0.980392800338428,0.097000558844286,0.902999441155714,2,0.0196071996615709
2014-08-21,0.0222957049644299,0.977704295035569,0.0722249354545897,0.92777506454541,2,0.0222957049644299
2014-08-25,0.0203717965780205,0.979628203421978,0.116800647794085,0.883199352205915,2,0.0203717965780205
2014-08-26,0.0219133965389365,0.978086603461062,0.0822401939139555,0.917759806086045,2,0.0219133965389365
2014-08-27,0.0171731177361662,0.982826882263832,0.0574866121127927,0.942513387887207,2,0.0171731177361662
2014-08-28,0.0157893447517322,0.984210655248266,0.103605054977116,0.896394945022884,2,0.0157893447517322
2014-09-02,0.0182354531666107,0.981764546833388,0.0701674943886645,0.929832505611335,2,0.0182354531666107
2014-09-03,0.0142222122536417,0.985777787746357,0.0633365967633103,0.93666340323669,2,0.0142222122536417
2014-09-04,0.0135794194023156,0.986420580597683,0.0471975898107138,0.952802410189286,2,0.0135794194023156
2014-09-08,0.0137966393243546,0.986203360675644,0.0537324926058952,0.946267507394105,2,0.0137966393243546
2014-09-09,0.0175414757115521,0.982458524288447,0.0498492815405324,0.950150718459468,2,0.0175414757115521
2014-09-10,0.0218146593372125,0.978185340662786,0.0555120805004508,0.944487919499549,2,0.0218146593372125
2014-09-11,0.0297061427889403,0.970293857211058,0.0481908667639032,0.951809133236097,2,0.0297061427889403
2014-09-15,0.0400602321260055,0.959939767873993,0.0438448298242208,0.956155170175779,2,0.0400602321260055
2014-09-16,0.0598666360407492,0.940133363959249,0.0378945227859882,0.962105477214012,2,0.0598666360407492
2014-09-17,0.0960864968463798,0.903913503153619,0.0344969539796457,0.965503046020354,2,0.0960864968463798
2014-09-18,0.168179414838707,0.831820585161291,0.0385541156665497,0.96144588433345,2,0.168179414838707
2014-09-22,0.311433159027261,0.688566840972737,0.641906683172313,0.358093316827687,2,0.311433159027261
2014-09-23,0.550515115127433,0.449484884872565,0.484476990661835,0.515523009338165,1,0.550515115127433
2014-09-24,0.510135037871332,0.489864962128667,0.316204944838815,0.683795055161185,1,0.510135037871332
2014-09-25,0.498415523363706,0.501584476636292,0.194625409485878,0.805374590514122,2,0.498415523363706
2014-09-29,0.517499125759177,0.482500874240821,0.735144446263264,0.264855553736736,1,0.517499125759177
2014-09-30,0.576910076960756,0.423089923039243,0.586354984499682,0.413645015500318,1,0.576910076960756
2014-10-01,0.510612824171025,0.489387175828973,0.407340297991932,0.592659702008068,1,0.510612824171025
2014-10-02,0.478698460522234,0.521301539477765,0.259161331817926,0.740838668182074,2,0.478698460522234
2014-10-06,0.477986026212193,0.522013973787805,0.177789581164722,0.822210418835278,2,0.477986026212193
2014-10-07,0.509033385454737,0.490966614545261,0.144984003403713,0.855015996596287,1,0.509033385454737
2014-10-08,0.575673824624651,0.424326175375348,0.0916530106737478,0.908346989326252,1,0.575673824624651
2014-10-09,0.677069171124659,0.322930828875339,0.204497670660784,0.795502329339216,1,0.677069171124659
2014-10-13,0.884408663233839,0.115591336766159,0.994905889365518,0.00509411063448148,1,0.884408663233839
2014-10-14,0.991037446904114,0.00896255309588474,0.881377056108412,0.118622943891588,1,0.991037446904114
2014-10-15,0.884194171502292,0.115805828497706,0.931456582655329,0.0685434173446705,1,0.884194171502292
2014-10-16,0.835848962808172,0.164151037191826,0.788418014176966,0.211581985823034,1,0.835848962808172
2014-10-20,0.700283318558541,0.299716681441457,0.696274180902599,0.303725819097401,1,0.700283318558541
2014-10-21,0.637421053198978,0.36257894680102,0.660459512135548,0.339540487864452,1,0.637421053198978
2014-10-22,0.594889103114598,0.4051108968854,0.738909883929713,0.261090116070287,1,0.594889103114598
2014-10-23,0.555743522064485,0.444256477935513,0.557913831756722,0.442086168243278,1,0.555743522064485
2014-10-27,0.483847622247225,0.516152377752773,0.573139877537411,0.426860122462589,2,0.483847622247225
2014-10-28,0.455184716012735,0.544815283987263,0.502154667160983,0.497845332839017,2,0.455184716012735
2014-10-29,0.420045620512728,0.57995437948727,0.346304243397837,0.653695756602163,2,0.420045620512728
2014-10-30,0.39629550876112,0.603704491238878,0.278166702896143,0.721833297103857,2,0.39629550876112
2014-11-03,0.399262454783675,0.600737545216323,0.210642735545304,0.789357264454696,2,0.399262454783675
2014-11-04,0.416692296856033,0.583307703143965,0.15035731639021,0.849642683609789,2,0.416692296856033
2014-11-05,0.455248210729328,0.54475178927067,0.328622866749863,0.671377133250137,2,0.455248210729328
2014-11-06,0.5290814374705,0.470918562529498,0.370818406243844,0.629181593756156,1,0.5290814374705
2014-11-10,0.548469254836199,0.451530745163799,0.358801017052268,0.641198982947732,1,0.548469254836199
2014-11-11,0.561041970267321,0.438958029732677,0.396909237805234,0.603090762194766,1,0.561041970267321
2014-11-12,0.577177050857394,0.422822949142605,0.275958318110498,0.724041681889502,1,0.577177050857394
2014-11-13,0.587437428142399,0.412562571857599,0.17006156648521,0.82993843351479,1,0.587437428142399
2014-11-17,0.625925295543774,0.374074704456224,0.137723128009642,0.862276871990358,1,0.625925295543774
2014-11-18,0.716640192196119,0.283359807803879,0.572150026132647,0.427849973867353,1,0.716640192196119
2014-11-19,0.854198298187047,0.145801701812952,0.731731456926316,0.268268543073684,1,0.854198298187047
2014-11-20,0.863301429619281,0.136698570380718,0.551926298086703,0.448073701913297,1,0.863301429619281
2014-11-24,0.851351254210542,0.148648745789456,0.575744309742554,0.424255690257446,1,0.851351254210542
2014-11-25,0.862811499625723,0.137188500374275,0.404070821940197,0.595929178059803,1,0.862811499625723
2014-11-26,0.872402990573664,0.127597009426335,0.255355159891572,0.744644840108428,1,0.872402990573664
2014-12-01,0.908471970276344,0.0915280297236542,0.947476206512447,0.0525237934875533,1,0.908471970276344
2014-12-02,0.990484966758552,0.00951503324144619,0.879630279072406,0.120369720927594,1,0.990484966758552
2014-12-03,0.983408691268125,0.0165913087318732,0.801222532848217,0.198777467151783,1,0.983408691268125
2014-12-04,0.981917800103027,0.0180821998969708,0.86267536694984,0.13732463305016,1,0.981917800103027
2014-12-08,0.986820634907057,0.0131793650929408,0.978725568137646,0.0212744318623542,1,0.986820634907057
2014-12-09,0.988435305165345,0.0115646948346528,0.884114986115049,0.115885013884951,1,0.988435305165345
2014-12-10,0.957891230622959,0.042108769377039,0.881934255768039,0.118065744231961,1,0.957891230622959
2014-12-11,0.943578243527673,0.0564217564723255,0.845620598265329,0.154379401734671,1,0.943578243527673
2014-12-15,0.922999813216711,0.0770001867832878,0.830628295304259,0.169371704695741,1,0.922999813216711
2014-12-16,0.903634646119294,0.0963653538807046,0.656141157310325,0.343858842689675,1,0.903634646119294
2014-12-17,0.881522957155015,0.118477042844984,0.839761540342256,0.160238459657744,1,0.881522957155015
2014-12-18,0.883298885135765,0.116701114864234,0.837596237798575,0.162403762201425,1,0.883298885135765
2014-12-22,0.851972403057432,0.148027596942566,0.679369475186887,0.320630524813113,1,0.851972403057432
2014-12-23,0.810973387819801,0.189026612180198,0.495465409130093,0.504534590869907,1,0.810973387819801
2014-12-29,0.799160255112282,0.200839744887716,0.791491698420125,0.208508301579875,1,0.799160255112282
2014-12-30,0.813353741204212,0.186646258795786,0.610133519094326,0.389866480905674,1,0.813353741204212
2015-01-05,0.77715018020856,0.222849819791439,0.479573969523703,0.520426030476297,1,0.77715018020856
2015-01-06,0.771967289641449,0.22803271035855,0.337987714770017,0.662012285229983,1,0.771967289641449
2015-01-07,0.785997486046016,0.214002513953982,0.209677127346092,0.790322872653908,1,0.785997486046016
2015-01-08,0.828182735847154,0.171817264152844,0.284949964491693,0.715050035508307,1,0.828182735847154
2015-01-12,0.923693951741703,0.0763060482582953,0.961752405123052,0.0382475948769475,1,0.923693951741703
2015-01-13,0.995523429400745,0.00447657059925389,0.995125923923483,0.00487407607651655,1,0.995523429400745
2015-01-14,0.991665493762606,0.00833450623739214,0.94080005369446,0.0591999463055399,1,0.991665493762606
2015-01-15,0.887853862701808,0.11214613729819,0.808240859683109,0.191759140316891,1,0.887853862701808
2015-01-20,0.780214434417181,0.219785565582818,0.752853796127013,0.247146203872987,1,0.780214434417181
2015-01-21,0.729422357264378,0.27057764273562,0.580265748939174,0.419734251060826,1,0.729422357264378
2015-01-22,0.686478393519457,0.313521606480541,0.396398109479607,0.603601890520393,1,0.686478393519457
2015-01-26,0.675676756332822,0.324323243667176,0.314945357665972,0.685054642334028,1,0.675676756332822
2015-01-27,0.695101539994308,0.304898460005691,0.204009464924193,0.795990535075807,1,0.695101539994308
2015-01-28,0.734155043494599,0.2658449565054,0.345304952920962,0.654695047079038,1,0.734155043494599
2015-01-29,0.819903347932397,0.180096652067602,0.386983218739977,0.613016781260023,1,0.819903347932397
2015-02-02,0.863573973565059,0.136426026434939,0.384966532266371,0.615033467733629,1,0.863573973565059
2015-02-03,0.902163277091834,0.0978367229081647,0.958797714429781,0.0412022855702187,1,0.902163277091834
2015-02-04,0.944730541690182,0.0552694583098167,0.906135935969829,0.0938640640301708,1,0.944730541690182
2015-02-05,0.86769714131764,0.132302858682358,0.768772462896398,0.231227537103602,1,0.86769714131764
2015-02-09,0.792454814166583,0.207545185833415,0.614889432485005,0.385110567514995,1,0.792454814166583
2015-02-10,0.758068510023345,0.241931489976654,0.524274223943056,0.475725776056944,1,0.758068510023345
2015-02-11,0.749799323540395,0.250200676459603,0.351959808431995,0.648040191568005,1,0.749799323540395
2015-02-12,0.754768988667699,0.2452310113323,0.961270684119242,0.0387293158807581,1,0.754768988667699
2015-02-17,0.790685692582688,0.209314307417311,0.849614450361915,0.150385549638085,1,0.790685692582688
2015-02-18,0.469594669402743,0.530405330597255,0.680634644912785,0.319365355087215,2,0.469594669402743
2015-02-19,0.285640676013652,0.714359323986347,0.534885349530006,0.465114650469994,2,0.285640676013652
2015-02-23,0.19426669326495,0.805733306735049,0.365789390490254,0.634210609509746,2,0.19426669326495
2015-02-24,0.140694048098065,0.859305951901934,0.246104763800907,0.753895236199093,2,0.140694048098065
2015-02-25,0.116059499629659,0.88394050037034,0.149958867612594,0.850041132387406,2,0.116059499629659
2015-02-26,0.107681627323206,0.892318372676793,0.0965771184338597,0.90342288156614,2,0.107681627323206
2015-03-02,0.115355989769601,0.884644010230399,0.0679064402375249,0.932093559762475,2,0.115355989769601
2015-03-03,0.1415458760922,0.858454123907799,0.132753629075951,0.867246370924049,2,0.1415458760922
2015-03-04,0.196692586693689,0.80330741330631,0.0939206024786182,0.906079397521382,2,0.196692586693689
2015-03-05,0.227831921491969,0.77216807850803,0.237311218863237,0.762688781136763,2,0.227831921491969
2015-03-09,0.2901560942276,0.7098439057724,0.640874811430543,0.359125188569457,2,0.2901560942276
2015-03-10,0.304605812178754,0.695394187821246,0.642536448440311,0.357463551559689,2,0.304605812178754
2015-03-11,0.231957142437107,0.768042857562892,0.49374454761001,0.50625545238999,2,0.231957142437107
2015-03-12,0.149048855323423,0.850951144676576,0.342501733594909,0.657498266405091,2,0.149048855323423
2015-03-16,0.100815329534193,0.899184670465806,0.214835489431796,0.785164510568204,2,0.100815329534193
2015-03-17,0.0761524378332746,0.923847562166725,0.161013705204819,0.838986294795181,2,0.0761524378332746
2015-03-18,0.0674449370384961,0.932555062961503,0.229881084222015,0.770118915777985,2,0.0674449370384961
2015-03-19,0.0655695494312847,0.934430450568714,0.140916471250278,0.859083528749722,2,0.0655695494312847
2015-03-23,0.0533704933761241,0.946629506623875,0.0887083747529986,0.911291625247001,2,0.0533704933761241
2015-03-24,0.0521042366926591,0.94789576330734,0.0604381468948146,0.939561853105185,2,0.0521042366926591
2015-03-25,0.0612802532548458,0.938719746745153,0.0482150410637142,0.951784958936286,2,0.0612802532548458
2015-03-26,0.0854560206687774,0.914543979331221,0.0743562431036823,0.925643756896318,2,0.0854560206687774
2015-03-30,0.133435185465629,0.86656481453437,0.0529239262116207,0.947076073788379,2,0.133435185465629
2015-03-31,0.179347835094556,0.820652164905442,0.101194161784352,0.898805838215649,2,0.179347835094556
2015-04-01,0.275067269651662,0.724932730348337,0.112312350925799,0.887687649074201,2,0.275067269651662
2015-04-07,0.345100707501867,0.654899292498132,0.0730929465488371,0.926907053451163,2,0.345100707501867
2015-04-08,0.42417326589606,0.575826734103939,0.225113125253617,0.774886874746383,2,0.42417326589606
2015-04-09,0.588338782994172,0.411661217005827,0.219905283677508,0.780094716322492,1,0.588338782994172
2015-04-13,0.644221479348738,0.355778520651261,0.58837672370094,0.411623276299059,1,0.644221479348738
2015-04-14,0.709610576752357,0.290389423247642,0.414048460805825,0.585951539194175,1,0.709610576752357
2015-04-15,0.700035751214357,0.299964248785642,0.306926155212047,0.693073844787953,1,0.700035751214357
2015-04-16,0.718430849530939,0.28156915046906,0.364174716255982,0.635825283744018,1,0.718430849530939
2015-04-20,0.761969186636223,0.238030813363776,0.435120730321355,0.564879269678645,1,0.761969186636223
2015-04-21,0.795872019985366,0.204127980014633,0.307187158572462,0.692812841427538,1,0.795872019985366
2015-04-22,0.819364634216386,0.180635365783613,0.188725719053677,0.811274280946323,1,0.819364634216386
2015-04-23,0.873085002509303,0.126914997490696,0.743552798746179,0.256447201253821,1,0.873085002509303
2015-04-27,0.98940813421814,0.0105918657818591,0.999999920200471,7.97995285230334e-08,1,0.98940813421814
2015-04-28,0.999999994959276,5.04072301431221e-09,0.960655684694947,0.0393443153050533,1,0.999999994959276
2015-04-29,0.998001251259751,0.00199874874024802,0.973603535461104,0.0263964645388964,1,0.998001251259751
2015-04-30,0.998159574680038,0.00184042531996088,0.909450802122035,0.0905491978779647,1,0.998159574680038
2015-05-04,0.996702025283013,0.00329797471698638,0.999813490033438,0.000186509966562122,1,0.996702025283013
2015-05-05,0.999645759670741,0.000354240329257558,0.90922303280962,0.0907769671903798,1,0.999645759670741
2015-05-06,0.883443802658992,0.116556197341007,0.788369462830799,0.211630537169201,1,0.883443802658992
2015-05-07,0.815039964011256,0.184960035988743,0.638990334636464,0.361009665363536,1,0.815039964011256
2015-05-11,0.780195935319194,0.219804064680805,0.452451878692359,0.547548121307641,1,0.780195935319194
2015-05-12,0.770782333596363,0.229217666403636,0.322257820243352,0.677742179756648,1,0.770782333596363
2015-05-13,0.789053521579429,0.210946478420569,0.229850465440661,0.770149534559339,1,0.789053521579429
2015-05-14,0.835537738846061,0.164462261153938,0.704029355378632,0.295970644621368,1,0.835537738846061
2015-05-18,0.920845133940641,0.0791548660593572,0.515178057417586,0.484821942582414,1,0.920845133940641
2015-05-19,0.922795863021996,0.0772041369780032,0.448227334567611,0.551772665432389,1,0.922795863021996
2015-05-20,0.946332136108745,0.0536678638912536,0.855703721068389,0.144296278931611,1,0.946332136108745
2015-05-21,0.98157245129985,0.018427548700149,0.781239154255305,0.218760845744695,1,0.98157245129985
2015-05-26,0.981781436509138,0.018218563490861,0.992849651299622,0.00715034870037812,1,0.981781436509138
2015-05-27,0.988144109360047,0.0118558906399511,0.927915650060336,0.072084349939664,1,0.988144109360047
2015-05-28,0.887835804167306,0.112164195832692,0.805236275964253,0.194763724035747,1,0.887835804167306
2015-06-01,0.801654189629864,0.198345810370135,0.659794168201954,0.340205831798046,1,0.801654189629864
2015-06-02,0.75783271449851,0.242167285501489,0.573323545799833,0.426676454200167,1,0.75783271449851
2015-06-03,0.741762393808199,0.258237606191799,0.467812281179684,0.532187718820316,1,0.741762393808199
2015-06-04,0.738276748973014,0.261723251026984,0.688643218562367,0.311356781437633,1,0.738276748973014
2015-06-09,0.751003539647717,0.248996460352281,0.518704930642686,0.481295069357314,1,0.751003539647717
2015-06-10,0.728271569324351,0.271728430675647,0.386443021179738,0.613556978820262,1,0.728271569324351
2015-06-11,0.731949662453614,0.268050337546384,0.677162624228931,0.322837375771069,1,0.731949662453614
2015-06-15,0.758483222626906,0.241516777373092,0.544872261676316,0.455127738323684,1,0.758483222626906
2015-06-16,0.739211314308093,0.260788685691905,0.657646600320925,0.342353399679075,1,0.739211314308093
2015-06-17,0.739914278272875,0.260085721727123,0.502527145732308,0.497472854267692,1,0.739914278272875
2015-06-18,0.721737740567175,0.278262259432823,0.539301604152383,0.460698395847617,1,0.721737740567175
2015-06-22,0.727326708225645,0.272673291774353,0.502374775332457,0.497625224667543,1,0.727326708225645
2015-06-23,0.72766938171721,0.272330618282788,0.331079935280312,0.668920064719688,1,0.72766938171721
2015-06-24,0.733860724233358,0.266139275766641,0.206687970413653,0.793312029586347,1,0.733860724233358
2015-06-25,0.772679952675654,0.227320047324344,0.165053413294244,0.834946586705756,1,0.772679952675654
2015-06-29,0.862279531433645,0.137720468566353,0.987869945247132,0.012130054752868,1,0.862279531433645
2015-06-30,0.997638375219214,0.00236162478078433,0.871446784214035,0.128553215785965,1,0.997638375219214
2015-07-01,0.987976012533728,0.0120239874662709,0.864499062870693,0.135500937129307,1,0.987976012533728
2015-07-02,0.989322242632053,0.0106777573679457,0.793576754636106,0.206423245363894,1,0.989322242632053
2015-07-06,0.991796283353725,0.00820371664627303,0.998326519386534,0.00167348061346565,1,0.991796283353725
2015-07-07,0.999756609829164,0.000243390170833966,0.937884180940049,0.0621158190599514,1,0.999756609829164
2015-07-08,0.992705888062155,0.00729411193784388,0.988214052085763,0.0117859479142369,1,0.992705888062155
2015-07-09,0.989801788865794,0.0101982111342048,0.971808653912957,0.028191346087043,1,0.989801788865794
2015-07-13,0.938864044061726,0.0611359559382723,0.847857190598602,0.152142809401398,1,0.938864044061726
2015-07-14,0.810296468933273,0.189703531066726,0.889484527053115,0.110515472946885,1,0.810296468933273
2015-07-15,0.750248059213506,0.249751940786492,0.744776944288128,0.255223055711872,1,0.750248059213506
2015-07-16,0.629059732465226,0.370940267534773,0.55938083736961,0.44061916263039,1,0.629059732465226
2015-07-20,0.568920671608715,0.431079328391284,0.377884720173892,0.622115279826108,1,0.568920671608715
2015-07-21,0.549076810330326,0.450923189669673,0.252094222652313,0.747905777347687,1,0.549076810330326
2015-07-22,0.560338674911469,0.43966132508853,0.19495898941506,0.80504101058494,1,0.560338674911469
2015-07-23,0.603051328654077,0.396948671345922,0.55045487039043,0.44954512960957,1,0.603051328654077
2015-07-27,0.674911056375863,0.325088943624136,0.431399192584579,0.568600807415421,1,0.674911056375863
2015-07-28,0.667963848017452,0.332036151982547,0.282145611021879,0.717854388978121,1,0.667963848017452
2015-07-29,0.680320093450148,0.319679906549851,0.515037919784037,0.484962080215963,1,0.680320093450148
2015-07-30,0.727029825449057,0.272970174550942,0.433811467359537,0.566188532640463,1,0.727029825449057
2015-08-03,0.731161183252163,0.268838816747836,0.374690378209587,0.625309621790413,1,0.731161183252163
2015-08-04,0.748916462844994,0.251083537155005,0.379270871663996,0.620729128336004,1,0.748916462844994
2015-08-05,0.77938704222237,0.220612957777629,0.624712931040966,0.375287068959034,1,0.77938704222237
2015-08-06,0.811749393442445,0.188250606557554,0.462146186439372,0.537853813560628,1,0.811749393442445
2015-08-10,0.80862365027274,0.191376349727259,0.320553210050767,0.679446789949233,1,0.80862365027274
2015-08-11,0.828852660071361,0.171147339928638,0.2478629725949,0.7521370274051,1,0.828852660071361
2015-08-12,0.879735694968883,0.120264305031116,0.937322107379834,0.0626778926201656,1,0.879735694968883
2015-08-13,0.961757257390533,0.0382427426094657,0.828794733156388,0.171205266843612,1,0.961757257390533
2015-08-17,0.929961431118056,0.0700385688819428,0.680598598240408,0.319401401759592,1,0.929961431118056
2015-08-18,0.916503139273469,0.0834968607265296,0.631653178796641,0.368346821203359,1,0.916503139273469
2015-08-19,0.920419032510041,0.0795809674899579,0.455110796957237,0.544889203042763,1,0.920419032510041
2015-08-20,0.930244929008114,0.0697550709918844,0.446296381478906,0.553703618521094,1,0.930244929008114
2015-08-24,0.962918690402201,0.0370813095977977,0.99999814639012,1.85360988016593e-06,1,0.962918690402201
2015-08-25,0.999999929510939,7.04890599969038e-08,0.998350693786231,0.00164930621376885,1,0.999999929510939
2015-08-26,0.999565206990364,0.000434793009634183,0.894491735848002,0.105508264151998,1,0.999565206990364
2015-08-27,0.985172563609096,0.0148274363909026,0.740227201861482,0.259772798138518,1,0.985172563609096
2015-08-31,0.982839771434103,0.0171602285658959,0.968099295005534,0.0319007049944655,1,0.982839771434103
2015-09-01,0.99238899297279,0.00761100702720827,0.976053698852732,0.0239463011472678,1,0.99238899297279
2015-09-02,0.980938326660262,0.0190616733397372,0.877148364847625,0.122851635152375,1,0.980938326660262
2015-09-03,0.935208371385361,0.0647916286146384,0.715949881951924,0.284050118048076,1,0.935208371385361
2015-09-08,0.91218310838719,0.0878168916128089,0.705669012110568,0.294330987889432,1,0.91218310838719
2015-09-09,0.911259761118241,0.0887402388817574,0.848717033072233,0.151282966927767,1,0.911259761118241
2015-09-10,0.911432230586307,0.0885677694136914,0.737373611729167,0.262626388270833,1,0.911432230586307
2015-09-14,0.887162044161163,0.112837955838836,0.550753632352261,0.449246367647739,1,0.887162044161163
2015-09-15,0.878774285271887,0.121225714728112,0.514576576229477,0.485423423770523,1,0.878774285271887
2015-09-16,0.893283615407976,0.106716384592022,0.448049054533121,0.551950945466879,1,0.893283615407976
2015-09-17,0.913971218585025,0.0860287814149738,0.407441128787968,0.592558871212032,1,0.913971218585025
2015-09-21,0.94624060775237,0.053759392247629,0.903631682359181,0.096368317640819,1,0.94624060775237
2015-09-22,0.988461683310468,0.0115383166895309,0.803374654062557,0.196625345937443,1,0.988461683310468
2015-09-23,0.98689556122281,0.0131044387771881,0.966482402382593,0.0335175976174065,1,0.98689556122281
2015-09-24,0.992956743667721,0.00704325633227759,0.839776515497361,0.160223484502639,1,0.992956743667721
2015-09-28,0.983296708159912,0.0167032918400869,0.680387972650395,0.319612027349605,1,0.983296708159912
2015-09-29,0.985551162802327,0.0144488371976717,0.997333693742532,0.00266630625746799,1,0.985551162802327
2015-09-30,0.99991055313447,8.94468655280365e-05,0.998285038332689,0.00171496166731112,1,0.99991055313447
2015-10-01,0.999842885700464,0.000157114299534146,0.892852902602626,0.107147097397374,1,0.999842885700464
2015-10-05,0.996137013814973,0.00386298618502542,0.995898905232054,0.00410109476794578,1,0.996137013814973
2015-10-06,0.99976814073578,0.000231859264218451,0.977822286440871,0.022177713559129,1,0.99976814073578
2015-10-07,0.998323509285002,0.00167649071499579,0.96367523466198,0.0363247653380199,1,0.998323509285002
2015-10-08,0.996353701019587,0.00364629898041079,0.94634257477001,0.0536574252299897,1,0.996353701019587
2015-10-12,0.993420593665554,0.00657940633444444,0.971723913039273,0.0282760869607273,1,0.993420593665554
2015-10-13,0.989858890440146,0.0101411095598517,0.862372606915629,0.137627393084371,1,0.989858890440146
2015-10-14,0.97096539392608,0.0290346060739182,0.916911899411907,0.0830881005880928,1,0.97096539392608
2015-10-15,0.966285095916601,0.033714904083397,0.786548426539727,0.213451573460273,1,0.966285095916601
2015-10-19,0.947662618143869,0.0523373818561287,0.881188238636532,0.118811761363468,1,0.947662618143869
2015-10-20,0.945391351176735,0.0546086488232628,0.881501296101953,0.118498703898047,1,0.945391351176735
2015-10-21,0.925878944678435,0.0741210553215628,0.722786875410378,0.277213124589622,1,0.925878944678435
2015-10-22,0.89709211558006,0.102907884419938,0.687659033559987,0.312340966440013,1,0.89709211558006
2015-10-26,0.892633465647612,0.107366534352386,0.943579162051369,0.0564208379486312,1,0.892633465647612
2015-10-27,0.892053030649573,0.107946969350425,0.911286657599357,0.0887133424006427,1,0.892053030649573
2015-10-28,0.782915122343674,0.217084877656324,0.842972395077429,0.157027604922571,1,0.782915122343674
2015-10-29,0.647648749004055,0.352351250995943,0.867870271170991,0.132129728829009,1,0.647648749004055
2015-11-02,0.534295489167394,0.465704510832604,0.702860436774458,0.297139563225542,1,0.534295489167394
2015-11-03,0.346658399550888,0.653341600449109,0.563413321462122,0.436586678537878,2,0.346658399550888
2015-11-04,0.254480033262548,0.74551996673745,0.410286236266474,0.589713763733526,2,0.254480033262548
2015-11-05,0.199811113557482,0.800188886442516,0.291495679814793,0.708504320185207,2,0.199811113557482
2015-11-09,0.17294860553119,0.827051394468808,0.25964659056884,0.74035340943116,2,0.17294860553119
2015-11-10,0.163589833255513,0.836410166744485,0.158531006707689,0.841468993292311,2,0.163589833255513
2015-11-11,0.158548227700394,0.841451772299604,0.109752610473771,0.890247389526229,2,0.158548227700394
2015-11-12,0.173539059628759,0.826460940371239,0.149420087221,0.850579912779,2,0.173539059628759
2015-11-16,0.209716137884473,0.790283862115524,0.110617645184664,0.889382354815336,2,0.209716137884473
2015-11-17,0.237085038610552,0.762914961389446,0.238652337347417,0.761347662652583,2,0.237085038610552
2015-11-18,0.289447665456342,0.710552334543655,0.323348098115924,0.676651901884076,2,0.289447665456342
2015-11-19,0.303494874396601,0.696505125603397,0.24849825404544,0.75150174595456,2,0.303494874396601
2015-11-23,0.30178096757392,0.698219032426078,0.23886954485257,0.76113045514743,2,0.30178096757392
2015-11-24,0.315034297930389,0.684965702069609,0.15900541110942,0.84099458889058,2,0.315034297930389
2015-11-25,0.332164493608293,0.667835506391705,0.155047171421312,0.844952828578688,2,0.332164493608293
2015-11-30,0.378297564932898,0.621702435067099,0.1359075947462,0.8640924052538,2,0.378297564932898
2015-12-01,0.434844031089276,0.565155968910722,0.0933746752070909,0.906625324792909,2,0.434844031089276
2015-12-02,0.515042610140916,0.484957389859082,0.158125249749769,0.841874750250231,1,0.515042610140916
2015-12-03,0.667514928451631,0.332485071548367,0.157697691834029,0.842302308165971,1,0.667514928451631
2015-12-07,0.774800585758366,0.225199414241632,0.814585531966811,0.185414468033189,1,0.774800585758366
2015-12-08,0.901939624842112,0.0980603751578852,0.638181829181048,0.361818170818952,1,0.901939624842112
2015-12-09,0.883075009661035,0.116924990338962,0.474596906878582,0.525403093121418,1,0.883075009661035
2015-12-10,0.887294358193661,0.112705641806336,0.30878820363708,0.69121179636292,1,0.887294358193661
2015-12-14,0.913004576082042,0.0869954239179554,0.645333822474727,0.354666177525273,1,0.913004576082042
2015-12-15,0.975740055818245,0.0242599441817522,0.949078189116558,0.0509218108834425,1,0.975740055818245
2015-12-16,0.991508202105622,0.0084917978943753,0.857185954178261,0.142814045821739,1,0.991508202105622
2015-12-17,0.9852145979114,0.0147854020885975,0.910726597464882,0.0892734025351183,1,0.9852145979114
2015-12-21,0.986672361090375,0.0133276389096221,0.759497949629343,0.240502050370657,1,0.986672361090375
2015-12-22,0.983101273292606,0.0168987267073918,0.880170449889398,0.119829550110602,1,0.983101273292606
2015-12-23,0.991328460184316,0.00867153981568111,0.985235255546344,0.0147647444536562,1,0.991328460184316
2015-12-28,0.993460688120431,0.00653931187956625,0.930491326419802,0.0695086735801976,1,0.993460688120431
2015-12-29,0.968682651040676,0.0313173489593218,0.790039298705904,0.209960701294096,1,0.968682651040676
2015-12-30,0.946661700222036,0.0533382997779616,0.621389130995334,0.378610869004666,1,0.946661700222036
2016-01-04,0.943724809151432,0.0562751908485654,0.45029991183743,0.54970008816257,1,0.943724809151432
2016-01-05,0.957574848234393,0.0424251517656044,0.835263167134878,0.164736832865122,1,0.957574848234393
2016-01-06,0.993533335206143,0.00646666479385463,0.992398560426921,0.00760143957307953,1,0.993533335206143
2016-01-07,0.999493516707463,0.000506483292534667,0.926644662445899,0.073355337554101,1,0.999493516707463
2016-01-11,0.997546998026994,0.00245300197300379,0.999988950108296,1.10498917037668e-05,1,0.997546998026994
2016-01-12,0.99999661471303,3.38528696755043e-06,0.892697799489017,0.107302200510983,1,0.99999661471303
2016-01-13,0.982868730093128,0.0171312699068692,0.799741471047874,0.200258528952126,1,0.982868730093128
2016-01-14,0.979541034505811,0.0204589654941863,0.67212641218598,0.32787358781402,1,0.979541034505811
2016-01-19,0.983938121121422,0.0160618788785758,0.986186206053158,0.0138137939468423,1,0.983938121121422
2016-01-20,0.998685673331778,0.00131432666821991,0.869339591158289,0.130660408841711,1,0.998685673331778
2016-01-21,0.995209213040265,0.00479078695973286,0.995267384001184,0.00473261599881579,1,0.995209213040265
2016-01-26,0.999790466748469,0.000209533251528623,0.985947144727201,0.0140528552727986,1,0.999790466748469
2016-01-27,0.999127164177904,0.000872835822094027,0.933947132381296,0.0660528676187039,1,0.999127164177904
2016-01-28,0.997687942230065,0.00231205776993288,0.993049556945321,0.00695044305467873,1,0.997687942230065
2016-02-01,0.999770631020833,0.000229368979164859,0.998462355806041,0.00153764419395879,1,0.999770631020833
2016-02-02,0.999879607283651,0.000120392716346408,0.911478382965982,0.0885216170340176,1,0.999879607283651
2016-02-03,0.996994538157196,0.00300546184280135,0.999999114543767,8.85456232855994e-07,1,0.996994538157196
2016-02-04,0.999999945354248,5.46457495847761e-08,0.986604410743222,0.0133955892567778,1,0.999999945354248
2016-02-08,0.998091594264975,0.00190840573502259,0.922758394882103,0.0772416051178973,1,0.998091594264975
2016-02-09,0.991692383124492,0.0083076168755058,0.890060688728329,0.109939311271671,1,0.991692383124492
2016-02-10,0.989998631667742,0.0100013683322552,0.855306512765809,0.144693487234191,1,0.989998631667742
2016-02-11,0.99065661620288,0.00934338379711707,0.844752621781647,0.155247378218352,1,0.99065661620288
2016-02-16,0.994327498331601,0.00567250166839681,0.999977710152673,2.22898473264195e-05,1,0.994327498331601
2016-02-17,0.99999930339314,6.96606857654932e-07,0.999700189409331,0.000299810590669222,1,0.99999930339314
2016-02-18,0.99998678654729,1.32134527076408e-05,0.975138066992567,0.0248619330074333,1,0.99998678654729
2016-02-22,0.999186049841506,0.000813950158491498,0.997582684270106,0.00241731572989444,1,0.999186049841506
2016-02-23,0.999920060933253,7.99390667449593e-05,0.998973360399394,0.00102663960060575,1,0.999920060933253
2016-02-24,0.999873779248683,0.000126220751314705,0.889425569296198,0.110574430703802,1,0.999873779248683
2016-02-25,0.994195447399191,0.005804552600807,0.919781911413487,0.0802180885865135,1,0.994195447399191
2016-02-29,0.997043209110268,0.00295679088973026,0.987881207778031,0.0121187922219691,1,0.997043209110268
2016-03-01,0.999557921814706,0.000442078185292153,0.992452126508384,0.00754787349161555,1,0.999557921814706
2016-03-02,0.999626653604594,0.000373346395403765,0.981771193923705,0.0182288060762951,1,0.999626653604594
2016-03-03,0.998738642524201,0.00126135747579678,0.934914608631179,0.0650853913688205,1,0.998738642524201
2016-03-07,0.997015149684539,0.00298485031545953,0.993324859280137,0.0066751407198634,1,0.997015149684539
2016-03-08,0.998425803426279,0.00157419657371956,0.95335450401537,0.0466454959846299,1,0.998425803426279
2016-03-09,0.985985938273828,0.0140140617261698,0.823566454050812,0.176433545949188,1,0.985985938273828
2016-03-10,0.97154419591958,0.0284558040804184,0.693918412622637,0.306081587377363,1,0.97154419591958
2016-03-14,0.971574685405584,0.0284253145944139,0.887895992599311,0.112104007400689,1,0.971574685405584
2016-03-15,0.982714438125545,0.0172855618744535,0.851222004804794,0.148777995195206,1,0.982714438125545
2016-03-16,0.979920129306991,0.0200798706930076,0.97773403479154,0.0222659652084598,1,0.979920129306991
2016-03-17,0.979952774182274,0.020047225817724,0.953452490126481,0.0465475098735193,1,0.979952774182274
2016-03-21,0.927735022897708,0.0722649771022903,0.833290853044778,0.166709146955222,1,0.927735022897708
2016-03-22,0.838707510225336,0.161292489774662,0.798725772860375,0.201274227139625,1,0.838707510225336
2016-03-23,0.795077714451176,0.204922285548822,0.887221002470404,0.112778997529596,1,0.795077714451176
2016-03-28,0.75185742076971,0.248142579230288,0.765233201888633,0.234766798111367,1,0.75185742076971
2016-03-29,0.634357965100024,0.365642034899974,0.579721398379027,0.420278601620973,1,0.634357965100024
2016-03-30,0.566783581057765,0.433216418942234,0.410919694324867,0.589080305675133,1,0.566783581057765
2016-03-31,0.542644391916808,0.45735560808319,0.26935164236377,0.73064835763623,1,0.542644391916808
2016-04-04,0.547153977494613,0.452846022505386,0.182179377780287,0.817820622219713,1,0.547153977494613
2016-04-05,0.58310840754795,0.416891592452049,0.25405771705921,0.74594228294079,1,0.58310840754795
2016-04-06,0.659057955729761,0.340942044270238,0.19562250695916,0.80437749304084,1,0.659057955729761
2016-04-07,0.712627192451267,0.287372807548732,0.123128139454506,0.876871860545494,1,0.712627192451267
2016-04-11,0.800228511516883,0.199771488483116,0.70118228044704,0.29881771955296,1,0.800228511516883
2016-04-12,0.976874534655494,0.0231254653445047,0.7305544187965,0.269445581203501,1,0.976874534655494
2016-04-13,0.988287151083812,0.0117128489161861,0.994651314832431,0.00534868516756876,1,0.988287151083812
2016-04-14,0.999532986695482,0.000467013304516565,0.943336655103479,0.0566633448965214,1,0.999532986695482
2016-04-18,0.996226460363348,0.00377353963664994,0.892916739097616,0.107083260902384,1,0.996226460363348
2016-04-19,0.996095590474437,0.00390440952556103,0.99312121156324,0.00687878843676018,1,0.996095590474437
2016-04-20,0.999701096752792,0.000298903247206335,0.981025427065127,0.0189745729348728,1,0.999701096752792
2016-04-21,0.999161602651943,0.000838397348055437,0.968567195080812,0.0314328049191883,1,0.999161602651943
2016-04-26,0.998993683242603,0.00100631675739504,0.999999278572478,7.21427522354257e-07,1,0.998993683242603
2016-04-27,0.999999946470279,5.35297192122933e-08,0.927975831571821,0.0720241684281793,1,0.999999946470279
2016-04-28,0.99731488122423,0.00268511877576823,0.991209223676192,0.00879077632380813,1,0.99731488122423
2016-05-02,0.999490513371238,0.0005094866287607,0.971307421654488,0.028692578345512,1,0.999490513371238
2016-05-03,0.998121311463125,0.00187868853687307,0.911921566735976,0.0880784332640235,1,0.998121311463125
2016-05-04,0.997005478624841,0.00299452137515699,0.999960020358133,3.99796418669513e-05,1,0.997005478624841
2016-05-05,0.999990848036205,9.15196379299985e-06,0.919836029696576,0.0801639703034235,1,0.999990848036205
2016-05-09,0.987682388532874,0.012317611467124,0.794967251696925,0.205032748303075,1,0.987682388532874
2016-05-10,0.983449877180972,0.0165501228190264,0.964419018283813,0.0355809817161869,1,0.983449877180972
2016-05-11,0.989213022051808,0.0107869779481895,0.927665853127159,0.0723341468728412,1,0.989213022051808
2016-05-12,0.974047881650306,0.025952118349692,0.782514176262974,0.217485823737026,1,0.974047881650306
2016-05-16,0.957534793432044,0.0424652065679543,0.629716085905823,0.370283914094177,1,0.957534793432044
2016-05-17,0.958072878018922,0.0419271219810759,0.909804119685319,0.0901958803146811,1,0.958072878018922
2016-05-18,0.972926223399574,0.0270737766004235,0.758496945835445,0.241503054164555,1,0.972926223399574
2016-05-19,0.960762721410862,0.0392372785891359,0.963079119653803,0.0369208803461971,1,0.960762721410862
2016-05-23,0.964388944243697,0.0356110557563008,0.861778628964471,0.138221371035529,1,0.964388944243697
2016-05-24,0.909542918821032,0.0904570811789653,0.707152859356705,0.292847140643295,1,0.909542918821032
2016-05-25,0.880575258148272,0.119424741851725,0.667999204252423,0.332000795747577,1,0.880575258148272
2016-05-26,0.875445128971978,0.124554871028019,0.590760285640995,0.409239714359005,1,0.875445128971978
2016-05-31,0.874835577954993,0.125164422045005,0.451019418506963,0.548980581493038,1,0.874835577954993
2016-06-01,0.883889628183569,0.116110371816429,0.496322173262498,0.503677826737502,1,0.883889628183569
2016-06-02,0.912896384263291,0.0871036157367067,0.331470725630601,0.668529274369399,1,0.912896384263291
2016-06-06,0.937962313645847,0.06203768635415,0.972174598709346,0.0278254012906544,1,0.937962313645847
2016-06-07,0.996571511854326,0.00342848814567161,0.916053599290681,0.0839464007093186,1,0.996571511854326
2016-06-08,0.991924249999932,0.00807575000006555,0.900997766538342,0.0990022334616584,1,0.991924249999932
2016-06-09,0.991168507646319,0.00883149235367874,0.799057622741797,0.200942377258203,1,0.991168507646319
2016-06-14,0.991452244561832,0.00854775543816542,0.994995397938888,0.00500460206111158,1,0.991452244561832
2016-06-15,0.998989407205921,0.00101059279407612,0.899743853223811,0.100256146776189,1,0.998989407205921
2016-06-16,0.988573055513258,0.0114269444867392,0.749066318513665,0.250933681486335,1,0.988573055513258
2016-06-20,0.98750577919969,0.0124942208003078,0.984718434077801,0.0152815659221995,1,0.98750577919969
2016-06-21,0.997356138567942,0.00264386143205525,0.923716189190384,0.0762838108096158,1,0.997356138567942
2016-06-22,0.989159507922158,0.0108404920778398,0.778937833194605,0.221062166805395,1,0.989159507922158
2016-06-23,0.985422741062419,0.0145772589375782,0.946819239480671,0.0531807605193288,1,0.985422741062419
2016-06-27,0.992799227729641,0.00720077227035641,0.956207755416475,0.0437922445835245,1,0.992799227729641
2016-06-28,0.98846100245108,0.0115389975489177,0.858057183898683,0.141942816101317,1,0.98846100245108
2016-06-29,0.976080713866263,0.0239192861337343,0.733340643339592,0.266659356660407,1,0.976080713866263
2016-06-30,0.973945355496852,0.0260546445031458,0.64456715248423,0.35543284751577,1,0.973945355496852
2016-07-05,0.982331803231222,0.0176681967687756,0.993994310538104,0.00600568946189565,1,0.982331803231222
2016-07-06,0.999047232377492,0.000952767622505153,0.954185784003532,0.0458142159964682,1,0.999047232377492
2016-07-07,0.991352019346387,0.00864798065361072,0.858334580810263,0.141665419189737,1,0.991352019346387
2016-07-11,0.983524698470807,0.0164753015291904,0.972544946455193,0.0274550535448071,1,0.983524698470807
2016-07-12,0.984230226510287,0.0157697734897101,0.868011771020044,0.131988228979956,1,0.984230226510287
2016-07-13,0.95221197741307,0.0477880225869273,0.946953031730999,0.0530469682690016,1,0.95221197741307
2016-07-14,0.938909735322748,0.0610902646772492,0.911197059506722,0.0888029404932782,1,0.938909735322748
2016-07-18,0.874396376617124,0.125603623382873,0.792670966297268,0.207329033702733,1,0.874396376617124
2016-07-19,0.798313655507006,0.201686344492991,0.745132974866775,0.254867025133225,1,0.798313655507006
2016-07-20,0.757988071046483,0.242011928953514,0.732078909608822,0.267921090391178,1,0.757988071046483
2016-07-21,0.723029411068816,0.27697058893118,0.568368687517764,0.431631312482236,1,0.723029411068816
2016-07-25,0.685037637793085,0.314962362206912,0.395604192352465,0.604395807647535,1,0.685037637793085
2016-07-26,0.676129334432577,0.32387066556742,0.271420801641977,0.728579198358023,1,0.676129334432577
2016-07-27,0.695746089787065,0.304253910212932,0.638927900102107,0.361072099897893,1,0.695746089787065
2016-07-28,0.747531509827577,0.25246849017242,0.632080059097011,0.367919940902989,1,0.747531509827577
2016-08-01,0.733832065539943,0.266167934460054,0.661612450619583,0.338387549380417,1,0.733832065539943
2016-08-02,0.719571366712737,0.28042863328726,0.544107512655433,0.455892487344567,1,0.719571366712737
2016-08-03,0.697754622698115,0.302245377301883,0.371223249235269,0.628776750764731,1,0.697754622698115
2016-08-04,0.694258190117647,0.30574180988235,0.258484928794326,0.741515071205674,1,0.694258190117647
2016-08-08,0.720349265433338,0.27965073456666,0.949811375750955,0.0501886242490445,1,0.720349265433338
2016-08-09,0.779400908178354,0.220599091821643,0.819067067259302,0.180932932740698,1,0.779400908178354
2016-08-10,0.522039052543899,0.477960947456098,0.701265041950465,0.298734958049535,1,0.522039052543899
2016-08-11,0.391103790682599,0.608896209317398,0.551482112031721,0.448517887968279,2,0.391103790682599
2016-08-15,0.306942063547539,0.693057936452458,0.519636002795994,0.480363997204006,2,0.306942063547539
2016-08-16,0.260945521831351,0.739054478168646,0.377341622144369,0.622658377855631,2,0.260945521831351
2016-08-17,0.217787382034288,0.78221261796571,0.3800046428466,0.6199953571534,2,0.217787382034288
2016-08-18,0.198383231286012,0.801616768713985,0.255675964723885,0.744324035276115,2,0.198383231286012
2016-08-22,0.176718217694911,0.823281782305086,0.158096014100159,0.841903985899841,2,0.176718217694911
2016-08-23,0.173875676398255,0.826124323601742,0.103037748436173,0.896962251563826,2,0.173875676398255
2016-08-24,0.191760883193134,0.808239116806863,0.106470119882949,0.893529880117051,2,0.191760883193134
2016-08-25,0.236708581520248,0.763291418479749,0.178244044864582,0.821755955135418,2,0.236708581520248
2016-08-29,0.291812926083156,0.708187073916841,0.110411398377235,0.889588601622765,2,0.291812926083156
2016-08-30,0.323291500023422,0.676708499976575,0.107901054672686,0.892098945327314,2,0.323291500023422
2016-08-31,0.398390064664366,0.601609935335632,0.30283886047563,0.69716113952437,2,0.398390064664366
2016-09-01,0.495904798504857,0.50409520149514,0.21617888330972,0.78382111669028,2,0.495904798504857
2016-09-06,0.517769545984886,0.482230454015111,0.83822555728457,0.16177444271543,1,0.517769545984886
2016-09-07,0.567947327300949,0.432052672699049,0.763517443451659,0.236482556548341,1,0.567947327300949
2016-09-08,0.432347759364467,0.56765224063553,0.635039348307771,0.364960651692229,2,0.432347759364467
2016-09-12,0.322232656496923,0.677767343503074,0.657176299816824,0.342823700183176,2,0.322232656496923
2016-09-13,0.253937169208492,0.746062830791506,0.472226922852884,0.527773077147116,2,0.253937169208492
2016-09-14,0.168133421236164,0.831866578763834,0.382663824594665,0.617336175405335,2,0.168133421236164
2016-09-15,0.126390415389735,0.873609584610262,0.25947110095696,0.74052889904304,2,0.126390415389735
2016-09-19,0.097599869929779,0.902400130070218,0.174443459285186,0.825556540714815,2,0.097599869929779
2016-09-20,0.0850378039191578,0.91496219608084,0.154149790980492,0.845850209019508,2,0.0850378039191578
2016-09-21,0.0839231212196658,0.916076878780332,0.0963741037139402,0.90362589628606,2,0.0839231212196658
2016-09-22,0.0862513377313565,0.913748662268641,0.343464997850053,0.656535002149947,2,0.0862513377313565
2016-09-26,0.103740939752339,0.896259060247658,0.216252863609786,0.783747136390214,2,0.103740939752339
2016-09-27,0.0792079783157834,0.920792021684214,0.147545280442909,0.852454719557091,2,0.0792079783157834
2016-09-28,0.0707044869098408,0.929295513090156,0.0923775138387513,0.907622486161249,2,0.0707044869098408
2016-09-29,0.07174411730062,0.928255882699377,0.369450942073313,0.630549057926687,2,0.07174411730062
2016-10-03,0.0861342506577162,0.913865749342281,0.23341544885581,0.76658455114419,2,0.0861342506577162
2016-10-04,0.0557963023664327,0.944203697633564,0.167192908400453,0.832807091599547,2,0.0557963023664327
2016-10-05,0.041893826214266,0.958106173785731,0.127836121471543,0.872163878528457,2,0.041893826214266
2016-10-06,0.0346480340750861,0.965351965924911,0.0813846793528836,0.918615320647116,2,0.0346480340750861
2016-10-11,0.0313996139690235,0.968600386030974,0.0723957904747583,0.927604209525242,2,0.0313996139690235
2016-10-12,0.035273378964648,0.964726621035349,0.171863848667841,0.828136151332159,2,0.035273378964648
2016-10-13,0.0428499451967441,0.957150054803253,0.116737121104279,0.883262878895721,2,0.0428499451967441
2016-10-17,0.0351479932452573,0.96485200675474,0.100265862869363,0.899734137130637,2,0.0351479932452573
2016-10-18,0.0336899299534897,0.966310070046508,0.0668472073930344,0.933152792606966,2,0.0336899299534897
2016-10-19,0.0345915331976931,0.965408466802304,0.0490132516804629,0.950986748319537,2,0.0345915331976931
2016-10-20,0.0435088492539771,0.95649115074602,0.0420244488596675,0.957975551140333,2,0.0435088492539771
2016-10-24,0.0649325168396978,0.9350674831603,0.139954390382292,0.860045609617708,2,0.0649325168396978
2016-10-25,0.106732733909745,0.893267266090253,0.0881463650579638,0.911853634942036,2,0.106732733909745
2016-10-26,0.116568494412062,0.883431505587936,0.0860880413766608,0.913911958623339,2,0.116568494412062
2016-10-27,0.147276517090082,0.852723482909916,0.100245884704041,0.899754115295959,2,0.147276517090082
2016-10-31,0.18954038209948,0.810459617900517,0.0675531522750212,0.932446847724979,2,0.18954038209948
2016-11-01,0.235630156426585,0.764369843573413,0.103527975279133,0.896472024720867,2,0.235630156426585
2016-11-02,0.332312213394925,0.667687786605072,0.0684492479224486,0.931550752077551,2,0.332312213394925
2016-11-03,0.416357489102147,0.583642510897851,0.0530681944169529,0.946931805583047,2,0.416357489102147
2016-11-07,0.589585475671732,0.410414524328265,0.348845243090075,0.651154756909925,1,0.589585475671732
2016-11-08,0.915675203673931,0.0843247963260666,0.481273707134018,0.518726292865982,1,0.915675203673931
2016-11-09,0.967624751839455,0.0323752481605421,0.999975230465105,2.47695348949067e-05,1,0.967624751839455
2016-11-10,0.999996102305017,3.89769498032753e-06,0.958468050965255,0.0415319490347451,1,0.999996102305017
2016-11-14,0.992138560538655,0.0078614394613429,0.903372169464318,0.0966278305356816,1,0.992138560538655
2016-11-15,0.984089410964412,0.0159105890355855,0.94115769366547,0.0588423063345299,1,0.984089410964412
2016-11-16,0.979978649567325,0.020021350432672,0.804006334331549,0.195993665668451,1,0.979978649567325
2016-11-17,0.963815502438502,0.0361844975614952,0.630713631593561,0.369286368406439,1,0.963815502438502
2016-11-21,0.963679043937957,0.0363209560620408,0.905531523748632,0.0944684762513685,1,0.963679043937957
2016-11-22,0.979157930624625,0.0208420693753728,0.883248641722861,0.116751358277139,1,0.979157930624625
2016-11-23,0.971756382348312,0.0282436176516858,0.730823874253279,0.269176125746721,1,0.971756382348312
2016-11-28,0.964280297279062,0.0357197027209352,0.563916094918342,0.436083905081658,1,0.964280297279062
2016-11-29,0.971085280834846,0.028914719165152,0.957198545120779,0.0428014548792213,1,0.971085280834846
2016-11-30,0.993932483509612,0.00606751649038518,0.993658538194205,0.00634146180579451,1,0.993932483509612
2016-12-01,0.988780584407869,0.0112194155921281,0.949328920084347,0.0506710799156534,1,0.988780584407869
2016-12-05,0.881496458971048,0.11850354102895,0.89165509981908,0.10834490018092,1,0.881496458971048
2016-12-06,0.746311842207201,0.253688157792796,0.876836111157574,0.123163888842426,1,0.746311842207201
2016-12-07,0.620197690944258,0.379802309055739,0.802833144191383,0.197166855808617,1,0.620197690944258
2016-12-08,0.45515597821181,0.544844021788187,0.626512649792283,0.373487350207717,2,0.45515597821181
2016-12-12,0.320441004981911,0.679558995018086,0.585717971829455,0.414282028170545,2,0.320441004981911
2016-12-13,0.254770795107094,0.745229204892904,0.452330144355863,0.547669855644137,2,0.254770795107094
2016-12-14,0.193880524015216,0.806119475984782,0.357073491631991,0.642926508368009,2,0.193880524015216
2016-12-15,0.158578825575182,0.841421174424816,0.24561361249006,0.75438638750994,2,0.158578825575182
2016-12-19,0.137067452097785,0.862932547902212,0.270956739235765,0.729043260764235,2,0.137067452097785
2016-12-20,0.131279704427277,0.86872029557272,0.180201745519983,0.819798254480017,2,0.131279704427277
2016-12-21,0.120754428830853,0.879245571169144,0.112145535259886,0.887854464740114,2,0.120754428830853
2016-12-22,0.124350569563301,0.875649430436697,0.254098644973211,0.745901355026789,2,0.124350569563301
2016-12-27,0.146635482081689,0.853364517918308,0.413419923360134,0.586580076639866,2,0.146635482081689
2016-12-28,0.140571878619056,0.859428121380942,0.264150198033873,0.735849801966127,2,0.140571878619056
2016-12-29,0.107703440914402,0.892296559085595,0.234247595447737,0.765752404552263,2,0.107703440914402
2017-01-03,0.0955920649252742,0.904407935074723,0.222138708297336,0.777861291702664,2,0.0955920649252742
2017-01-04,0.0865366955713973,0.9134633044286,0.135695080096399,0.864304919903601,2,0.0865366955713973
2017-01-05,0.0781349409439514,0.921865059056046,0.0876039597951935,0.912396040204806,2,0.0781349409439514
2017-01-09,0.0829790175004964,0.917020982499501,0.0693045815288294,0.930695418471171,2,0.0829790175004964
2017-01-10,0.102767587363945,0.897232412636052,0.260396738158501,0.739603261841499,2,0.102767587363945
2017-01-11,0.139996002013696,0.860003997986301,0.175812186671981,0.824187813328019,2,0.139996002013696
2017-01-12,0.132134703156844,0.867865296843153,0.138811306849683,0.861188693150317,2,0.132134703156844
2017-01-17,0.138460615864658,0.861539384135339,0.0893368167726114,0.910663183227389,2,0.138460615864658
2017-01-18,0.1551397087957,0.844860291204297,0.0721111252067085,0.927888874793292,2,0.1551397087957
2017-01-19,0.197832811685233,0.802167188314764,0.0805940176465914,0.919405982353409,2,0.197832811685233
2017-01-23,0.271953847819547,0.72804615218045,0.433242943853585,0.566757056146415,2,0.271953847819547
2017-01-24,0.363585224644807,0.63641477535519,0.469564496807087,0.530435503192913,2,0.363585224644807
2017-01-26,0.347584702229083,0.652415297770914,0.304408286266877,0.695591713733123,2,0.347584702229083
2017-01-30,0.323276772605562,0.676723227394435,0.257937165407654,0.742062834592346,2,0.323276772605562
2017-01-31,0.327143365252115,0.672856634747882,0.200720117373716,0.799279882626284,2,0.327143365252115
2017-02-01,0.34119498573239,0.658805014267607,0.125101643157472,0.874898356842528,2,0.34119498573239
2017-02-02,0.372542319535863,0.627457680464134,0.531442277816931,0.468557722183069,2,0.372542319535863
2017-02-06,0.447493364626971,0.552506635373026,0.378017787314482,0.621982212685518,2,0.447493364626971
2017-02-07,0.420575029783452,0.579424970216545,0.237822009649062,0.762177990350938,2,0.420575029783452
2017-02-08,0.419880995300921,0.580119004699076,0.238804160055662,0.761195839944338,2,0.419880995300921
2017-02-09,0.450158781715934,0.549841218284063,0.194540509849702,0.805459490150298,2,0.450158781715934
2017-02-13,0.483858947346487,0.51614105265351,0.478571376524413,0.521428623475587,2,0.483858947346487
2017-02-14,0.538343002833219,0.461656997166778,0.323601522237811,0.676398477762189,1,0.538343002833219
2017-02-15,0.530372483692296,0.469627516307701,0.231346523843696,0.768653476156304,1,0.530372483692296
2017-02-16,0.550988510873424,0.449011489126573,0.240274009609287,0.759725990390713,1,0.550988510873424
2017-02-21,0.599710306775961,0.400289693224037,0.169947817490781,0.83005218250922,1,0.599710306775961
2017-02-22,0.651190782565111,0.348809217434887,0.319510830688051,0.680489169311948,1,0.651190782565111
2017-02-23,0.746243182573079,0.253756817426919,0.65151449401476,0.34848550598524,1,0.746243182573079
2017-02-27,0.789208876830699,0.210791123169298,0.464910574259449,0.535089425740551,1,0.789208876830699
2017-02-28,0.778937061338775,0.221062938661222,0.320023661424764,0.679976338575236,1,0.778937061338775
2017-03-01,0.795946286673746,0.204053713326251,0.557272977615979,0.442727022384021,1,0.795946286673746
2017-03-02,0.843709621901693,0.156290378098304,0.853458235939483,0.146541764060517,1,0.843709621901693
2017-03-06,0.853643659611716,0.146356340388281,0.791835156815848,0.208164843184152,1,0.853643659611716
2017-03-07,0.806539799289015,0.193460200710983,0.635756661022641,0.364243338977359,1,0.806539799289015
2017-03-08,0.768535975182595,0.231464024817402,0.767614478037376,0.232385521962624,1,0.768535975182595
2017-03-09,0.758132898241707,0.241867101758291,0.704308276959739,0.295691723040262,1,0.758132898241707
2017-03-13,0.716564451188861,0.283435548811136,0.548192227065141,0.451807772934859,1,0.716564451188861
2017-03-14,0.684756502649816,0.315243497350182,0.681873705858794,0.318126294141206,1,0.684756502649816
2017-03-15,0.679225520157864,0.320774479842134,0.826421974282481,0.173578025717519,1,0.679225520157864
2017-03-16,0.646999043944066,0.353000956055932,0.67511744336023,0.32488255663977,1,0.646999043944066
2017-03-20,0.547235350687877,0.452764649312121,0.569857873308387,0.430142126691613,1,0.547235350687877
2017-03-21,0.497074898134393,0.502925101865605,0.848805358057719,0.151194641942281,2,0.497074898134393
2017-03-22,0.467281568690241,0.532718431309757,0.681337247829949,0.318662752170051,2,0.467281568690241
2017-03-23,0.283688531658838,0.71631146834116,0.490991365978484,0.509008634021516,2,0.283688531658838
2017-03-27,0.191698673381244,0.808301326618754,0.382047116529145,0.617952883470855,2,0.191698673381244
2017-03-28,0.148182559928964,0.851817440071033,0.243034898252224,0.756965101747776,2,0.148182559928964
2017-03-29,0.121514983246526,0.878485016753472,0.149837142415554,0.850162857584446,2,0.121514983246526
2017-03-30,0.114276650737911,0.885723349262086,0.0936958206913264,0.906304179308674,2,0.114276650737911
2017-04-03,0.123240003898765,0.876759996101233,0.0662885172950415,0.933711482704958,2,0.123240003898765
2017-04-04,0.153218666247079,0.846781333752918,0.053802950280913,0.946197049719087,2,0.153218666247079
2017-04-05,0.215256725833966,0.784743274166031,0.275194313607528,0.724805686392472,2,0.215256725833966
2017-04-06,0.329109268926179,0.670890731073818,0.223896358088283,0.776103641911717,2,0.329109268926179
2017-04-10,0.339559417870247,0.66044058212975,0.138554240759815,0.861445759240185,2,0.339559417870247
2017-04-11,0.363691361806104,0.636308638193894,0.0893238182837518,0.910676181716248,2,0.363691361806104
2017-04-12,0.427119712551464,0.572880287448533,0.0687281373571298,0.93127186264287,2,0.427119712551464
2017-04-13,0.558766242152276,0.441233757847721,0.802528829206259,0.197471170793741,1,0.558766242152276
2017-04-18,0.792429234130814,0.207570765869183,0.93502295365592,0.06497704634408,1,0.792429234130814
2017-04-19,0.747142288807041,0.252857711192956,0.841089318954588,0.158910681045412,1,0.747142288807041
2017-04-20,0.523345580708718,0.476654419291279,0.70532163104312,0.294678368956879,1,0.523345580708718
2017-04-24,0.369559402868431,0.630440597131567,0.634285318645728,0.365714681354272,2,0.369559402868431
2017-04-26,0.279981117240229,0.720018882759768,0.471671933536914,0.528328066463086,2,0.279981117240229
2017-04-27,0.206462934363596,0.793537065636401,0.434682246212689,0.565317753787311,2,0.206462934363596
2017-05-01,0.168448023950732,0.831551976049265,0.279413816632941,0.720586183367059,2,0.168448023950732
2017-05-02,0.134202684902151,0.865797315097847,0.171069321764764,0.828930678235236,2,0.134202684902151
2017-05-03,0.122667554163659,0.877332445836338,0.145516874149741,0.854483125850259,2,0.122667554163659
2017-05-04,0.128431552868673,0.871568447131325,0.183480458146474,0.816519541853527,2,0.128431552868673
2017-05-08,0.141216327127546,0.858783672872452,0.126074526410053,0.873925473589947,2,0.141216327127546
2017-05-09,0.147369076239532,0.852630923760466,0.0814242541743368,0.918575745825663,2,0.147369076239532
2017-05-10,0.170123889954268,0.82987611004573,0.157074515946328,0.842925484053672,2,0.170123889954268
2017-05-11,0.223959843572857,0.776040156427141,0.170090822407121,0.829909177592879,2,0.223959843572857
2017-05-15,0.251274080915945,0.748725919084053,0.119188544177283,0.880811455822717,2,0.251274080915945
2017-05-16,0.278895129339297,0.721104870660701,0.101760958512165,0.898239041487835,2,0.278895129339297
2017-05-17,0.336067771125231,0.663932228874767,0.117559005888899,0.882440994111101,2,0.336067771125231
2017-05-18,0.423009501669318,0.57699049833068,0.0803240512522077,0.919675948747792,2,0.423009501669318
2017-05-22,0.51667815970104,0.483321840298958,0.806429503119183,0.193570496880817,1,0.51667815970104
2017-05-23,0.698090996208131,0.301909003791866,0.71078652795496,0.28921347204504,1,0.698090996208131
2017-05-24,0.625818722803093,0.374181277196905,0.718376993476971,0.281623006523029,1,0.625818722803093
2017-05-25,0.577013323678356,0.422986676321642,0.591878213442628,0.408121786557372,1,0.577013323678356
2017-05-30,0.51722066073614,0.482779339263857,0.834981386276759,0.165018613723241,1,0.51722066073614
2017-05-31,0.484820876069916,0.515179123930082,0.661316381692983,0.338683618307017,2,0.484820876069916
2017-06-01,0.325570542254892,0.674429457745106,0.651295162973446,0.348704837026554,2,0.325570542254892
2017-06-05,0.248155815921943,0.751844184078054,0.487137034453651,0.512862965546349,2,0.248155815921943
2017-06-06,0.163953608475741,0.836046391524257,0.365131521331653,0.634868478668347,2,0.163953608475741
2017-06-07,0.118620963821589,0.881379036178409,0.22974247318152,0.77025752681848,2,0.118620963821589
2017-06-08,0.0920267313034172,0.90797326869658,0.140436392239567,0.859563607760433,2,0.0920267313034172
2017-06-13,0.0831983080536343,0.916801691946363,0.0951176804568736,0.904882319543126,2,0.0831983080536343
2017-06-14,0.088106620024899,0.911893379975099,0.0706525994797055,0.929347400520295,2,0.088106620024899
2017-06-15,0.1066194080716,0.893380591928398,0.259309317331394,0.740690682668606,2,0.1066194080716
2017-06-19,0.144489736313122,0.855510263686876,0.158894493953103,0.841105506046897,2,0.144489736313122
2017-06-20,0.137319167328066,0.862680832671932,0.102336268092509,0.897663731907491,2,0.137319167328066
2017-06-21,0.148385694563116,0.851614305436881,0.444365756661518,0.555634243338482,2,0.148385694563116
2017-06-22,0.181466355796863,0.818533644203134,0.360299778182835,0.639700221817165,2,0.181466355796863
2017-06-26,0.146567787686106,0.853432212313891,0.250062697674716,0.749937302325284,2,0.146567787686106
2017-06-27,0.123391666030253,0.876608333969744,0.187573577962783,0.812426422037217,2,0.123391666030253
2017-06-28,0.115260954415705,0.884739045584293,0.274641771682651,0.725358228317349,2,0.115260954415705
2017-06-29,0.116592556500795,0.883407443499202,0.373825004983611,0.62617499501639,2,0.116592556500795
2017-07-03,0.103879476070916,0.896120523929082,0.233716541902744,0.766283458097256,2,0.103879476070916
2017-07-05,0.0744788474142098,0.925521152585787,0.303665422516739,0.696334577483261,2,0.0744788474142098
2017-07-06,0.0628682855069246,0.937131714493073,0.206680322997759,0.793319677002241,2,0.0628682855069246
2017-07-10,0.0402390460440798,0.959760953955917,0.13096362129377,0.86903637870623,2,0.0402390460440798
2017-07-11,0.0277112199318019,0.972288780068195,0.122041546371539,0.877958453628461,2,0.0277112199318019
2017-07-12,0.0224903610230152,0.977509638976982,0.0788322108996643,0.921167789100336,2,0.0224903610230152
2017-07-13,0.0172245558446987,0.982775444155298,0.0556706111439888,0.944329388856011,2,0.0172245558446987
2017-07-17,0.0163871683406973,0.983612831659299,0.0483785954739018,0.951621404526098,2,0.0163871683406973
2017-07-18,0.019556711970511,0.980443288029486,0.0434206637900862,0.956579336209914,2,0.019556711970511
2017-07-19,0.0265637813675798,0.973436218632417,0.0388084078900832,0.961191592109917,2,0.0265637813675798
2017-07-20,0.0401861346609214,0.959813865339075,0.0426633443783157,0.957336655621684,2,0.0401861346609214
2017-07-24,0.0669528869566728,0.933047113043324,0.143205995453182,0.856794004546818,2,0.0669528869566728
2017-07-25,0.10941629815781,0.890583701842186,0.0992908189545958,0.900709181045404,2,0.10941629815781
2017-07-26,0.11900591125644,0.880994088743557,0.283496693376053,0.716503306623946,2,0.11900591125644
2017-07-27,0.145065842125865,0.854934157874132,0.172924111407229,0.827075888592771,2,0.145065842125865
2017-07-31,0.134052837648618,0.865947162351379,0.45516088602069,0.54483911397931,2,0.134052837648618
2017-08-01,0.141315531881244,0.858684468118753,0.309286777033733,0.690713222966267,2,0.141315531881244
2017-08-02,0.100563454230235,0.899436545769761,0.222355474837565,0.777644525162435,2,0.100563454230235
2017-08-03,0.0809494626885449,0.919050537311452,0.185109304626373,0.814890695373627,2,0.0809494626885449
2017-08-07,0.0717868816755314,0.928213118324465,0.307747864188375,0.692252135811625,2,0.0717868816755314
2017-08-08,0.0668436708995331,0.933156329100463,0.213404123593389,0.786595876406611,2,0.0668436708995331
2017-08-09,0.0440386642149044,0.955961335785092,0.133102858956891,0.866897141043109,2,0.0440386642149044
2017-08-10,0.0311910676816249,0.968808932318371,0.0881570042555023,0.911842995744498,2,0.0311910676816249
2017-08-14,0.0264442041037241,0.973555795896272,0.159708624498672,0.840291375501328,2,0.0264442041037241
2017-08-15,0.0272660766088998,0.972733923391096,0.114856816047558,0.885143183952442,2,0.0272660766088998
2017-08-16,0.0184000129595848,0.981599987040411,0.0747849803369299,0.92521501966307,2,0.0184000129595848
2017-08-17,0.013025810836581,0.986974189163415,0.0605058267741119,0.939494173225888,2,0.013025810836581
2017-08-21,0.011193707612625,0.988806292387371,0.0663493374627011,0.933650662537299,2,0.011193707612625
2017-08-22,0.0107494810976049,0.989250518902391,0.0557560562046418,0.944243943795358,2,0.0107494810976049
2017-08-23,0.00919065284854779,0.990809347151448,0.0434804717925356,0.956519528207464,2,0.00919065284854779
2017-08-24,0.00849586767936669,0.99150413232063,0.0639402663657602,0.93605973363424,2,0.00849586767936669
2017-08-28,0.00960614816113436,0.990393851838862,0.0481410480543131,0.951858951945687,2,0.00960614816113436
2017-08-29,0.00787698921150961,0.992123010788487,0.0401189611427933,0.959881038857207,2,0.00787698921150961
2017-08-30,0.00769835272494392,0.992301647275052,0.0372710723511573,0.962728927648843,2,0.00769835272494392
2017-08-31,0.00894505491746851,0.991054945082528,0.0537273048939873,0.946272695106013,2,0.00894505491746851
2017-09-05,0.0118472859737832,0.988152714026213,0.0525735256819629,0.947426474318037,2,0.0118472859737832
2017-09-06,0.0129607981398169,0.987039201860179,0.0418486373897841,0.958151362610216,2,0.0129607981398169
2017-09-07,0.0149361200604494,0.985063879939547,0.0373306853824088,0.962669314617591,2,0.0149361200604494
2017-09-11,0.0210212352080921,0.978978764791904,0.0759575187516197,0.92404248124838,2,0.0210212352080921
2017-09-12,0.0336681215891359,0.96633187841086,0.0732645419732906,0.926735458026709,2,0.0336681215891359
2017-09-13,0.0396630582220353,0.960336941777961,0.0524571853297436,0.947542814670256,2,0.0396630582220353
2017-09-14,0.0487646449422403,0.951235355057756,0.0568622465816135,0.943137753418387,2,0.0487646449422403
2017-09-18,0.0711392923574664,0.92886070764253,0.391247083208696,0.608752916791304,2,0.0711392923574664
2017-09-19,0.102694269047497,0.897305730952499,0.248769913878575,0.751230086121425,2,0.102694269047497
2017-09-20,0.0702514880135288,0.929748511986467,0.188741144719574,0.811258855280426,2,0.0702514880135288
2017-09-21,0.0560351455633191,0.943964854436677,0.16607989646963,0.83392010353037,2,0.0560351455633191
2017-09-25,0.0481482316060201,0.951851768393976,0.102963822734784,0.897036177265216,2,0.0481482316060201
2017-09-26,0.0421284897765811,0.957871510223415,0.0809228190292327,0.919077180970767,2,0.0421284897765811
2017-09-27,0.0449345239675009,0.955065476032495,0.0792376876489597,0.92076231235104,2,0.0449345239675009
2017-09-28,0.0538167717326869,0.946183228267309,0.101952115684371,0.898047884315629,2,0.0538167717326869
2017-10-02,0.0664763066319199,0.933523693368076,0.313803527551968,0.686196472448032,2,0.0664763066319199
2017-10-03,0.0764192247455921,0.923580775254404,0.264409935887846,0.735590064112154,2,0.0764192247455921
2017-10-04,0.0537043790509142,0.946295620949082,0.163404730158241,0.836595269841759,2,0.0537043790509142
2017-10-05,0.0354659355578484,0.964534064442148,0.126046948439832,0.873953051560168,2,0.0354659355578484
2017-10-09,0.0275984960291165,0.97240150397088,0.0960300131440269,0.903969986855973,2,0.0275984960291165
2017-10-10,0.0230001374076618,0.976999862592335,0.0693325989373904,0.93066740106261,2,0.0230001374076618
2017-10-11,0.0214343907447264,0.97856560925527,0.0769509704954006,0.923049029504599,2,0.0214343907447264
2017-10-12,0.0239986816266514,0.976001318373345,0.0558285144281033,0.944171485571897,2,0.0239986816266514
2017-10-16,0.0260510228070817,0.973948977192915,0.162076262070527,0.837923737929473,2,0.0260510228070817
2017-10-17,0.0343393990793896,0.965660600920607,0.11406198456963,0.88593801543037,2,0.0343393990793896
2017-10-18,0.0264419692670757,0.97355803073292,0.138323866924025,0.861676133075975,2,0.0264419692670757
2017-10-19,0.023202403265834,0.976797596734162,0.0917504657739251,0.908249534226075,2,0.023202403265834
2017-10-23,0.0161009312425548,0.983899068757441,0.0629443341115481,0.937055665888452,2,0.0161009312425548
2017-10-24,0.0130054703845469,0.986994529615449,0.0499814153043307,0.950018584695669,2,0.0130054703845469
2017-10-25,0.0130213296961902,0.986978670303806,0.0578132334356013,0.942186766564399,2,0.0130213296961902
2017-10-26,0.0156073162248138,0.984392683775183,0.0463095638027814,0.953690436197219,2,0.0156073162248138
2017-10-30,0.0178889921849858,0.98211100781501,0.053379900271712,0.946620099728288,2,0.0178889921849858
2017-10-31,0.0245172260673576,0.975482773932639,0.0484343578743559,0.951565642125644,2,0.0245172260673576
2017-11-01,0.0327800764023628,0.967219923597633,0.117339405734611,0.882660594265389,2,0.0327800764023628
2017-11-02,0.0479411930438232,0.952058806956173,0.0756056307417673,0.924394369258233,2,0.0479411930438232
2017-11-06,0.0495367068111808,0.950463293188815,0.255109516364473,0.744890483635527,2,0.0495367068111808
2017-11-07,0.061796379977788,0.938203620022208,0.215435420431214,0.784564579568786,2,0.061796379977788
2017-11-08,0.0457259282028946,0.954274071797102,0.13180351763829,0.86819648236171,2,0.0457259282028946
2017-11-09,0.0328485004164611,0.967151499583535,0.124009818036094,0.875990181963906,2,0.0328485004164611
2017-11-13,0.02863911441326,0.971360885586737,0.0870623949454649,0.912937605054535,2,0.02863911441326
2017-11-14,0.0245553720625292,0.975444627937467,0.167960650783192,0.832039349216808,2,0.0245553720625292
2017-11-15,0.0249397112661716,0.975060288733825,0.103910776449124,0.896089223550876,2,0.0249397112661716
2017-11-16,0.0147019439483306,0.985298056051666,0.0685087215448306,0.931491278455169,2,0.0147019439483306
2017-11-20,0.00966257023949988,0.990337429760497,0.0498396008662712,0.950160399133729,2,0.00966257023949988
2017-11-21,0.00732335631565453,0.992676643684342,0.0426507561666518,0.957349243833348,2,0.00732335631565453
2017-11-22,0.00652319762228044,0.993476802377716,0.0365829057450191,0.963417094254981,2,0.00652319762228044
2017-11-27,0.00641745460234325,0.993582545397654,0.0495382997528877,0.950461700247112,2,0.00641745460234325
2017-11-28,0.00741999267935873,0.992580007320638,0.0435036033050168,0.956496396694983,2,0.00741999267935873
2017-11-29,0.00672657902504585,0.993273420974951,0.043592110410615,0.956407889589385,2,0.00672657902504585
2017-11-30,0.00661045280041638,0.993389547199581,0.0370808264257937,0.962919173574206,2,0.00661045280041638
2017-12-04,0.00639857275527424,0.993601427244723,0.0351708115520961,0.964829188447904,2,0.00639857275527424
2017-12-05,0.00727931120884986,0.992720688791147,0.0617215122637855,0.938278487736214,2,0.00727931120884986
2017-12-06,0.00933534776708213,0.990664652232915,0.0463579549474408,0.953642045052559,2,0.00933534776708213
2017-12-07,0.00779961828030831,0.992200381719689,0.0389359611135203,0.96106403888648,2,0.00779961828030831
2017-12-11,0.00788791676194017,0.992112083238057,0.0615915225605419,0.938408477439458,2,0.00788791676194017
2017-12-12,0.00954182145224983,0.990458178547747,0.0506870360655751,0.949312963934425,2,0.00954182145224983
2017-12-13,0.00812459126242688,0.99187540873757,0.0453759000055979,0.954624099994402,2,0.00812459126242688
2017-12-14,0.00766244980524798,0.992337550194749,0.0437305327486311,0.956269467251369,2,0.00766244980524798
2017-12-18,0.00783989719236699,0.99216010280763,0.0611621868885363,0.938837813111464,2,0.00783989719236699
2017-12-19,0.00844807151181154,0.991551928488186,0.0461196012296182,0.953880398770382,2,0.00844807151181154
2017-12-20,0.00656390758436882,0.993436092415628,0.0394716660616164,0.960528333938384,2,0.00656390758436882
2017-12-21,0.00589210349280569,0.994107896507192,0.036739119282297,0.963260880717703,2,0.00589210349280569
2017-12-26,0.00590146980012017,0.994098530199877,0.034024817829716,0.965975182170284,2,0.00590146980012017
2017-12-27,0.00644646223503974,0.993553537764957,0.0331623883228014,0.966837611677199,2,0.00644646223503974
2017-12-28,0.00805485373774255,0.991945146262255,0.0318139373660289,0.968186062633971,2,0.00805485373774255
2018-01-02,0.0113415034101277,0.988658496589869,0.10734300033314,0.89265699966686,2,0.0113415034101277
2018-01-03,0.0181672228768303,0.981832777123167,0.0717818396978629,0.928218160302137,2,0.0181672228768303
2018-01-04,0.013659635761811,0.986340364238186,0.069766217815642,0.930233782184358,2,0.013659635761811
2018-01-08,0.012529255285227,0.98747074471477,0.0552087982611494,0.944791201738851,2,0.012529255285227
2018-01-09,0.0112347253437073,0.98876527465629,0.0468033380971485,0.953196661902851,2,0.0112347253437073
2018-01-10,0.0117317503766918,0.988268249623305,0.0394868830816919,0.960513116918308,2,0.0117317503766918
2018-01-11,0.0142576863515747,0.985742313648422,0.0535099409356313,0.946490059064369,2,0.0142576863515747
2018-01-16,0.0206463644941476,0.979353635505849,0.158326432114083,0.841673567885917,2,0.0206463644941476
2018-01-17,0.0267078263347806,0.973292173665216,0.0985655054690861,0.901434494530914,2,0.0267078263347806
2018-01-18,0.0179053982377525,0.982094601762244,0.0704605803337464,0.929539419666254,2,0.0179053982377525
2018-01-22,0.0144555538775706,0.985544446122426,0.0515899726149027,0.948410027385097,2,0.0144555538775706
2018-01-23,0.0138634802505133,0.986136519749484,0.0426937200502497,0.95730627994975,2,0.0138634802505133
2018-01-24,0.0165747999314661,0.983425200068531,0.0408310670029128,0.959168932997087,2,0.0165747999314661
2018-01-29,0.0235373166309829,0.976462683369014,0.0414245282595625,0.958575471740438,2,0.0235373166309829
2018-01-30,0.0363065448921635,0.963693455107833,0.0556195761731614,0.944380423826839,2,0.0363065448921635
2018-01-31,0.0580526633717294,0.941947336628267,0.0466751729537179,0.953324827046282,2,0.0580526633717294
2018-02-01,0.08354877922545,0.916451220774547,0.0401976015992652,0.959802398400735,2,0.08354877922545
2018-02-05,0.132218335397578,0.867781664602419,0.170049217903523,0.829950782096477,2,0.132218335397578
2018-02-06,0.226716691767806,0.773283308232191,0.232022190854484,0.767977809145516,2,0.226716691767806
2018-02-07,0.250216509441316,0.74978349055868,0.172711205138836,0.827288794861164,2,0.250216509441316
2018-02-08,0.260915614655075,0.739084385344922,0.111192190399841,0.888807809600159,2,0.260915614655075
2018-02-12,0.289260556502931,0.710739443497066,0.137028306117757,0.862971693882243,2,0.289260556502931
2018-02-13,0.354822115807941,0.645177884192056,0.0864840138441759,0.913515986155824,2,0.354822115807941
2018-02-14,0.417381817381984,0.582618182618013,0.599276919690369,0.400723080309631,2,0.417381817381984
2018-02-15,0.55073915779436,0.449260842205637,0.413164554120173,0.586835445879827,1,0.55073915779436
2018-02-20,0.520590027638461,0.479409972361535,0.878891323616421,0.121108676383579,1,0.520590027638461
2018-02-21,0.52266636834899,0.477333631651007,0.719639330286042,0.280360669713958,1,0.52266636834899
2018-02-22,0.309490199144643,0.690509800855353,0.58636542010096,0.41363457989904,2,0.309490199144643
2018-02-26,0.202238549869967,0.797761450130029,0.422000409940526,0.577999590059474,2,0.202238549869967
2018-02-27,0.135169974605068,0.864830025394929,0.409533688330495,0.590466311669505,2,0.135169974605068
2018-02-28,0.10023708116732,0.899762918832677,0.279516379254921,0.720483620745079,2,0.10023708116732
2018-03-01,0.0643641736405044,0.935635826359492,0.212829152903176,0.787170847096824,2,0.0643641736405044
2018-03-05,0.0452592667055416,0.954740733294455,0.148909451447058,0.851090548552942,2,0.0452592667055416
2018-03-06,0.0326498760682185,0.967350123931778,0.121875521846427,0.878124478153573,2,0.0326498760682185
2018-03-07,0.0261190045313422,0.973880995468654,0.0911656759015824,0.908834324098418,2,0.0261190045313422
2018-03-08,0.0217325257955534,0.978267474204443,0.116140415567636,0.883859584432364,2,0.0217325257955534
2018-03-12,0.0205182856065927,0.979481714393404,0.0753287991754183,0.924671200824582,2,0.0205182856065927
2018-03-13,0.0155156620478492,0.984484337952147,0.0570958979840479,0.942904102015952,2,0.0155156620478492
2018-03-14,0.014578149499015,0.985421850500982,0.050397876446833,0.949602123553167,2,0.014578149499015
2018-03-15,0.016478339041973,0.983521660958024,0.0416516548147857,0.958348345185214,2,0.016478339041973
2018-03-19,0.0210195099685283,0.978980490031468,0.0683771050703543,0.931622894929646,2,0.0210195099685283
2018-03-20,0.0315631730048092,0.968436826995187,0.0553978496309033,0.944602150369097,2,0.0315631730048092
2018-03-21,0.0387060276294594,0.961293972370537,0.0634493198180531,0.936550680181947,2,0.0387060276294594
2018-03-22,0.0539422065163924,0.946057793483604,0.290634068902349,0.70936593109765,2,0.0539422065163924
2018-03-26,0.0729939245462589,0.927006075453738,0.178106537809891,0.821893462190109,2,0.0729939245462589
2018-03-27,0.0532572213018436,0.946742778698153,0.23143650312608,0.76856349687392,2,0.0532572213018436
2018-03-28,0.0464114060501901,0.953588593949807,0.171572508376725,0.828427491623275,2,0.0464114060501901
2018-04-03,0.0315885118809078,0.968411488119089,0.111818319835974,0.888181680164026,2,0.0315885118809078
2018-04-04,0.0220454034570713,0.977954596542925,0.0769042321410197,0.92309576785898,2,0.0220454034570713
2018-04-05,0.0179857276046888,0.982014272395308,0.0890801013689415,0.910919898631058,2,0.0179857276046888
2018-04-09,0.0177483384344019,0.982251661565595,0.0643949271521176,0.935605072847882,2,0.0177483384344019
2018-04-10,0.0155543262533875,0.984445673746609,0.0982427980415596,0.90175720195844,2,0.0155543262533875
2018-04-11,0.0164962873014252,0.983503712698572,0.0781285051714686,0.921871494828531,2,0.0164962873014252
2018-04-12,0.0126720257600974,0.9873279742399,0.0547933657582447,0.945206634241755,2,0.0126720257600974
2018-04-16,0.0102343613417832,0.989765638658214,0.0522666476541183,0.947733352345882,2,0.0102343613417832
2018-04-17,0.0102638450094755,0.989736154990521,0.0414803272237551,0.958519672776245,2,0.0102638450094755
2018-04-18,0.0107646599197878,0.989235340080209,0.0386625860683674,0.961337413931633,2,0.0107646599197878
2018-04-19,0.0139478148578392,0.986052185142158,0.12141581250617,0.87858418749383,2,0.0139478148578392
2018-04-23,0.0203890572525851,0.979610942747412,0.0777245561247122,0.922275443875288,2,0.0203890572525851
2018-04-24,0.0147030648355098,0.985296935164487,0.0854180851528439,0.914581914847156,2,0.0147030648355098
2018-04-26,0.013088786696079,0.986911213303918,0.0673721627335516,0.932627837266448,2,0.013088786696079
2018-04-30,0.00983240278898706,0.99016759721101,0.0512776786174639,0.948722321382536,2,0.00983240278898706
2018-05-01,0.00772232189900324,0.992277678100994,0.0482170593346052,0.951782940665395,2,0.00772232189900324
2018-05-02,0.00692792848049975,0.993072071519497,0.0403985828892792,0.959601417110721,2,0.00692792848049975
2018-05-03,0.00614682298771719,0.99385317701228,0.0425679206243324,0.957432079375668,2,0.00614682298771719
2018-05-07,0.00617729574624132,0.993822704253756,0.0365113567787669,0.963488643221233,2,0.00617729574624132
2018-05-08,0.00584215080551643,0.994157849194481,0.0335471362744979,0.966452863725502,2,0.00584215080551643
2018-05-09,0.00638443305040376,0.993615566949593,0.0328896337574463,0.967110366242554,2,0.00638443305040376
2018-05-10,0.00805240317397096,0.991947596826026,0.0370109201865677,0.962989079813432,2,0.00805240317397096
2018-05-14,0.0114174416088566,0.98858255839114,0.0812858249834442,0.918714175016556,2,0.0114174416088566
2018-05-15,0.0164054790722137,0.983594520927783,0.0725475854548902,0.92745241454511,2,0.0164054790722137
2018-05-16,0.0148901517332149,0.985109848266782,0.0545713316390713,0.945428668360929,2,0.0148901517332149
2018-05-17,0.0141426860981942,0.985857313901803,0.0543924173039468,0.945607582696053,2,0.0141426860981942
2018-05-21,0.0163459646566448,0.983654035343352,0.115626085630659,0.884373914369341,2,0.0163459646566448
2018-05-22,0.0197956375388803,0.980204362461117,0.0865694131400407,0.913430586859959,2,0.0197956375388803
2018-05-23,0.0146769879393154,0.985323012060681,0.0593327255669234,0.940667274433077,2,0.0146769879393154
2018-05-24,0.0118092616841515,0.988190738315845,0.0479931900895683,0.952006809910432,2,0.0118092616841515
2018-05-29,0.0118687364049812,0.988131263595016,0.0754286928874416,0.924571307112558,2,0.0118687364049812
2018-05-30,0.0142062586672754,0.985793741332721,0.0573635845950945,0.942636415404906,2,0.0142062586672754
2018-05-31,0.012742260027331,0.987257739972666,0.0687743341884905,0.931225665811509,2,0.012742260027331
2018-06-04,0.0136346752812048,0.986365324718792,0.0602474305567766,0.939752569443223,2,0.0136346752812048
2018-06-05,0.0129658677505267,0.98703413224947,0.0633729641708173,0.936627035829183,2,0.0129658677505267
2018-06-06,0.0134378924452625,0.986562107554734,0.0734015525690881,0.926598447430912,2,0.0134378924452625
2018-06-07,0.0135825493899868,0.98641745061001,0.0582573121803077,0.941742687819692,2,0.0135825493899868
2018-06-12,0.012175082683432,0.987824917316565,0.0641923828877489,0.935807617112251,2,0.012175082683432
2018-06-13,0.0126101785639596,0.987389821436037,0.0680612837088305,0.931938716291169,2,0.0126101785639596
2018-06-14,0.0122312906259918,0.987768709374005,0.0569761560993893,0.943023843900611,2,0.0122312906259918
2018-06-18,0.0110680960234209,0.988931903976576,0.0510542005632964,0.948945799436704,2,0.0110680960234209
2018-06-19,0.0111597560415913,0.988840243958405,0.0827819617540028,0.917218038245997,2,0.0111597560415913
2018-06-20,0.0124129444897682,0.987587055510228,0.0617819110759418,0.938218088924058,2,0.0124129444897682
2018-06-21,0.0092619657983696,0.990738034201627,0.0463860258245198,0.95361397417548,2,0.0092619657983696
2018-06-25,0.00768216915619232,0.992317830843804,0.0416809216232981,0.958319078376702,2,0.00768216915619232
2018-06-26,0.00768949662315728,0.99231050337684,0.054853800318895,0.945146199681105,2,0.00768949662315728
2018-06-27,0.00860135519430729,0.99139864480569,0.0445009947606572,0.955499005239343,2,0.00860135519430729
2018-06-28,0.00773302951622047,0.992266970483776,0.0392441404435229,0.960755859556477,2,0.00773302951622047
2018-07-02,0.00812054597414047,0.991879454025856,0.0416126632836352,0.958387336716365,2,0.00812054597414047
2018-07-03,0.00988297792960756,0.990117022070389,0.0637592509189784,0.936240749081022,2,0.00988297792960756
2018-07-05,0.0123943106835429,0.987605689316454,0.0560967897497357,0.943903210250264,2,0.0123943106835429
2018-07-09,0.0119869651229739,0.988013034877023,0.0803960540106333,0.919603945989367,2,0.0119869651229739
2018-07-10,0.0127218830717413,0.987278116928255,0.0600777117602844,0.939922288239716,2,0.0127218830717413
2018-07-11,0.00999585687174531,0.990004143128251,0.0629282376283675,0.937071762371632,2,0.00999585687174531
2018-07-12,0.00903024974520895,0.990969750254788,0.0473443366429949,0.952655663357005,2,0.00903024974520895
2018-07-16,0.00717598951586736,0.992824010484129,0.0441846152558731,0.955815384744127,2,0.00717598951586736
2018-07-17,0.00669367109403851,0.993306328905958,0.0383143101078467,0.961685689892153,2,0.00669367109403851
2018-07-18,0.0064350405410761,0.99356495945892,0.0403503723675416,0.959649627632458,2,0.0064350405410761
2018-07-19,0.00708937492057722,0.992910625079419,0.0404269515240501,0.95957304847595,2,0.00708937492057722
2018-07-23,0.00783198218811156,0.992168017811885,0.0475211475637618,0.952478852436238,2,0.00783198218811156
2018-07-24,0.00911208598724482,0.990887914012752,0.0449951528558456,0.955004847144154,2,0.00911208598724482
2018-07-25,0.00982050444000693,0.99017949555999,0.0471205980999907,0.952879401900009,2,0.00982050444000693
2018-07-26,0.0115072949772927,0.988492705022704,0.0688471928339205,0.93115280716608,2,0.0115072949772927
2018-07-30,0.0138165546221677,0.986183445377829,0.0500420564497487,0.949957943550251,2,0.0138165546221677
2018-07-31,0.0132141062743845,0.986785893725612,0.0455544437278414,0.954445556272159,2,0.0132141062743845
2018-08-01,0.0159013329331951,0.984098667066801,0.0380778120155846,0.961922187984415,2,0.0159013329331951
2018-08-02,0.0214706879846798,0.978529312015317,0.197568804541842,0.802431195458158,2,0.0214706879846798
2018-08-06,0.0340807728896736,0.965919227110323,0.123822611889177,0.876177388110823,2,0.0340807728896736
2018-08-07,0.0217908325654665,0.97820916743453,0.088328808044213,0.911671191955787,2,0.0217908325654665
2018-08-08,0.0161390000426712,0.983860999957325,0.0751167646609951,0.924883235339005,2,0.0161390000426712
2018-08-09,0.0135204842964922,0.986479515703504,0.0532794360618443,0.946720563938156,2,0.0135204842964922
2018-08-13,0.0118344748214667,0.98816552517853,0.0821979148871217,0.917802085112878,2,0.0118344748214667
2018-08-14,0.0130291917680804,0.986970808231916,0.0583239727069019,0.941676027293098,2,0.0130291917680804
2018-08-15,0.0101737756647813,0.989826224335215,0.0510096027750422,0.948990397224958,2,0.0101737756647813
2018-08-16,0.00957649776712283,0.990423502232874,0.0532059118994856,0.946794088100514,2,0.00957649776712283
2018-08-20,0.00991123631465236,0.990088763685344,0.0431889366713807,0.956811063328619,2,0.00991123631465236
2018-08-21,0.0100420579064936,0.989957942093503,0.0508547034246239,0.949145296575376,2,0.0100420579064936
2018-08-22,0.0122886023499773,0.987711397650019,0.0837180843273558,0.916281915672644,2,0.0122886023499773
2018-08-23,0.0142454226970534,0.985754577302943,0.0591613108285262,0.940838689171474,2,0.0142454226970534
2018-08-27,0.0116150890901755,0.988384910909821,0.0449974399640488,0.955002560035951,2,0.0116150890901755
2018-08-28,0.0116068644330551,0.988393135566942,0.0489762299891666,0.951023770010833,2,0.0116068644330551
2018-08-29,0.0144843460896459,0.985515653910351,0.0401147176478507,0.959885282352149,2,0.0144843460896459
2018-08-30,0.0181987632656263,0.98180123673437,0.0387832818201678,0.961216718179832,2,0.0181987632656263
2018-09-04,0.0273281788169046,0.972671821183092,0.127173895226415,0.872826104773585,2,0.0273281788169046
2018-09-05,0.044124948826447,0.95587505117355,0.222627790759878,0.777372209240122,2,0.044124948826447
2018-09-06,0.0431179317866882,0.956882068213309,0.161535299562345,0.838464700437656,2,0.0431179317866882
2018-09-10,0.0289874102808158,0.971012589719181,0.109217915835558,0.890782084164442,2,0.0289874102808158
2018-09-11,0.0202095526535878,0.979790447346409,0.0733236234092592,0.926676376590741,2,0.0202095526535878
2018-09-12,0.0160090788036622,0.983990921196334,0.0692006870194381,0.930799312980562,2,0.0160090788036622
2018-09-13,0.0155883278093041,0.984411672190692,0.0563100401064672,0.943689959893533,2,0.0155883278093041
2018-09-17,0.0156851563005198,0.984314843699477,0.0514499560740884,0.948550043925912,2,0.0156851563005198
2018-09-18,0.0183356453146177,0.981664354685379,0.0411295786016721,0.958870421398328,2,0.0183356453146177
2018-09-19,0.0236757578690642,0.976324242130932,0.176656560425462,0.823343439574538,2,0.0236757578690642
2018-09-20,0.0363964338586272,0.96360356614137,0.138122453927216,0.861877546072784,2,0.0363964338586272
2018-09-24,0.0270191045022611,0.972980895497736,0.111641640057637,0.888358359942363,2,0.0270191045022611
2018-09-25,0.0207351706930452,0.979264829306952,0.0894163154012955,0.910583684598705,2,0.0207351706930452
2018-09-26,0.0163592833480381,0.983640716651959,0.0822297911882047,0.917770208811795,2,0.0163592833480381
2018-09-27,0.0136634361395193,0.986336563860478,0.0679267933365596,0.932073206663441,2,0.0136634361395193
2018-10-01,0.0110299157792193,0.988970084220778,0.0511988439796214,0.948801156020379,2,0.0110299157792193
2018-10-02,0.0093645468777834,0.990635453122214,0.0432957723107977,0.956704227689202,2,0.0093645468777834
2018-10-03,0.00954107341494927,0.990458926585048,0.0385903175540035,0.961409682445996,2,0.00954107341494927
2018-10-04,0.0114149670422411,0.988585032957756,0.0350040582336499,0.96499594176635,2,0.0114149670422411
2018-10-08,0.0159035089193044,0.984096491080693,0.0542328452890431,0.945767154710957,2,0.0159035089193044
2018-10-09,0.0254479499451362,0.974552050054861,0.0430529964052341,0.956947003594766,2,0.0254479499451362
2018-10-10,0.0339400185375958,0.966059981462401,0.0566467007287241,0.943353299271276,2,0.0339400185375958
2018-10-11,0.0528971040534515,0.947102895946546,0.122960804899882,0.877039195100118,2,0.0528971040534515
2018-10-15,0.0750278482979508,0.924972151702046,0.0818171326524731,0.918182867347527,2,0.0750278482979508
2018-10-16,0.08196160119396,0.918038398806037,0.0682212911214658,0.931778708878534,2,0.08196160119396
2018-10-17,0.103863072326304,0.896136927673693,0.0579013019000458,0.942098698099954,2,0.103863072326304
2018-10-18,0.142368014439487,0.85763198556051,0.0640923931156777,0.935907606884322,2,0.142368014439487
2018-10-22,0.209746873782068,0.790253126217929,0.047700911582519,0.952299088417481,2,0.209746873782068
2018-10-23,0.300510356732216,0.699489643267781,0.0543782807718936,0.945621719228106,2,0.300510356732216
2018-10-24,0.484135675359976,0.515864324640021,0.654627061472176,0.345372938527825,2,0.484135675359976
2018-10-25,0.744051742090409,0.255948257909588,0.681688692454697,0.318311307545304,1,0.744051742090409
2018-10-29,0.727021546708656,0.272978453291341,0.906219199543943,0.0937808004560566,1,0.727021546708656
2018-10-30,0.702086531607824,0.297913468392173,0.769447135584858,0.230552864415142,1,0.702086531607824
2018-10-31,0.526032178246418,0.473967821753579,0.774384059482544,0.225615940517456,1,0.526032178246418
2018-11-01,0.432626673847397,0.5673733261526,0.594118459625627,0.405881540374373,2,0.432626673847397
2018-11-05,0.315135110384511,0.684864889615486,0.59807614354219,0.40192385645781,2,0.315135110384511
2018-11-06,0.258750026188878,0.741249973811119,0.414093020506703,0.585906979493297,2,0.258750026188878
2018-11-07,0.19460620407894,0.805393795921057,0.262580728165167,0.737419271834833,2,0.19460620407894
2018-11-08,0.166578009270015,0.833421990729982,0.162163397412876,0.837836602587124,2,0.166578009270015
2018-11-12,0.161376518921518,0.838623481078479,0.14814600328964,0.85185399671036,2,0.161376518921518
2018-11-13,0.175900379032656,0.824099620967341,0.346777579744289,0.653222420255711,2,0.175900379032656
2018-11-14,0.197187620643996,0.802812379356001,0.218752610898095,0.781247389101905,2,0.197187620643996
2018-11-15,0.181055581012247,0.81894441898775,0.230559335545327,0.769440664454673,2,0.181055581012247
2018-11-19,0.185667410209889,0.814332589790108,0.140424148433265,0.859575851566735,2,0.185667410209889
2018-11-20,0.188542876572872,0.811457123427125,0.353722319382319,0.646277680617682,2,0.188542876572872
2018-11-21,0.214985312025637,0.785014687974361,0.2234840220265,0.7765159779735,2,0.214985312025637
2018-11-26,0.199370494575627,0.800629505424371,0.619658355670221,0.380341644329779,2,0.199370494575627
2018-11-27,0.20541773429716,0.794582265702838,0.434519811666326,0.565480188333674,2,0.20541773429716
2018-11-28,0.127665217122412,0.872334782877585,0.364516084401648,0.635483915598352,2,0.127665217122412
2018-11-29,0.0896930151531025,0.910306984846895,0.241266032415328,0.758733967584672,2,0.0896930151531025
2018-12-03,0.0604870829507621,0.939512917049235,0.222724944268698,0.777275055731302,2,0.0604870829507621
2018-12-04,0.0461195332759161,0.953880466724081,0.135996400794618,0.864003599205382,2,0.0461195332759161
2018-12-06,0.0323676803416881,0.967632319658309,0.127919022813118,0.872080977186882,2,0.0323676803416881
2018-12-10,0.0274814566873675,0.972518543312629,0.10099835988743,0.89900164011257,2,0.0274814566873675
2018-12-11,0.0226085186511054,0.977391481348891,0.0782283429312253,0.921771657068775,2,0.0226085186511054
2018-12-12,0.0201921131478703,0.979807886852126,0.0818235640097214,0.918176435990279,2,0.0201921131478703
2018-12-13,0.0205652328628244,0.979434767137172,0.0904886322134544,0.909511367786546,2,0.0205652328628244
2018-12-17,0.0204604315552129,0.979539568444784,0.0921395906208489,0.907860409379151,2,0.0204604315552129
2018-12-18,0.0189410900118382,0.981058909988159,0.0623157924371611,0.937684207562839,2,0.0189410900118382
2018-12-19,0.0166928861860681,0.983307113813929,0.0825458270476132,0.917454172952387,2,0.0166928861860681
2018-12-20,0.0185725231917687,0.981427476808228,0.0587084395616762,0.941291560438324,2,0.0185725231917687
2018-12-26,0.0176394547886732,0.982360545211324,0.0977498898006736,0.902250110199326,2,0.0176394547886732
2018-12-27,0.0207602999300814,0.979239700069916,0.0652061458958764,0.934793854104124,2,0.0207602999300814
2019-01-02,0.0182686348267675,0.981731365173229,0.0501286874389003,0.9498713125611,2,0.0182686348267675
2019-01-03,0.0202927359259319,0.979707264074065,0.0416327214643612,0.958367278535639,2,0.0202927359259319
2019-01-07,0.0271818000137849,0.972818199986212,0.233327563993678,0.766672436006322,2,0.0271818000137849
2019-01-08,0.0421858239218276,0.957814176078169,0.154936128551078,0.845063871448922,2,0.0421858239218276
2019-01-09,0.026593872064924,0.973406127935073,0.0972686394942126,0.902731360505787,2,0.026593872064924
2019-01-10,0.0181737853052867,0.98182621469471,0.0684234878317348,0.931576512168265,2,0.0181737853052867
2019-01-14,0.0149769338279154,0.985023066172081,0.0498621953478925,0.950137804652108,2,0.0149769338279154
2019-01-15,0.014944201218897,0.9850557987811,0.046663730399288,0.953336269600712,2,0.014944201218897
2019-01-16,0.0187108724348561,0.981289127565141,0.0419647318844326,0.958035268115567,2,0.0187108724348561
2019-01-17,0.0257519883889754,0.974248011611021,0.0396562878774799,0.96034371212252,2,0.0257519883889754
2019-01-22,0.0395489309480274,0.960451069051969,0.0378009463190388,0.962199053680961,2,0.0395489309480274
2019-01-23,0.0650883207918888,0.934911679208108,0.0351745010708285,0.964825498929171,2,0.0650883207918888
2019-01-24,0.112648219323547,0.88735178067645,0.0374146406935135,0.962585359306486,2,0.112648219323547
2019-01-28,0.205233128124803,0.794766871875194,0.164282445517366,0.835717554482634,2,0.205233128124803
2019-01-29,0.366380646714597,0.633619353285399,0.743020976982441,0.256979023017559,2,0.366380646714597
2019-01-30,0.416078644794318,0.583921355205679,0.613353942217014,0.386646057782986,2,0.416078644794318
2019-01-31,0.315195754539968,0.684804245460029,0.490261071348911,0.509738928651089,2,0.315195754539968
2019-02-04,0.253078383840881,0.746921616159115,0.430053932298114,0.569946067701886,2,0.253078383840881
2019-02-05,0.215616265590744,0.784383734409253,0.343577942913242,0.656422057086758,2,0.215616265590744
2019-02-06,0.186584138813786,0.813415861186211,0.219329436110219,0.780670563889781,2,0.186584138813786
2019-02-07,0.169973224650646,0.830026775349351,0.201843103830341,0.798156896169659,2,0.169973224650646
2019-02-11,0.173005934892459,0.826994065107538,0.258044623340523,0.741955376659477,2,0.173005934892459
2019-02-12,0.180008086350354,0.819991913649642,0.175880553009521,0.824119446990479,2,0.180008086350354
2019-02-13,0.177126624284996,0.822873375715001,0.140355005781566,0.859644994218434,2,0.177126624284996
2019-02-14,0.190765382114764,0.809234617885232,0.0971302293601822,0.902869770639818,2,0.190765382114764
2019-02-19,0.217687602851544,0.782312397148453,0.669361056454398,0.330638943545602,2,0.217687602851544
2019-02-20,0.274290820226556,0.72570917977344,0.606710917086301,0.393289082913699,2,0.274290820226556
2019-02-21,0.186233721997224,0.813766278002772,0.437942019180613,0.562057980819387,2,0.186233721997224
2019-02-25,0.110677940949375,0.889322059050622,0.289904951513091,0.710095048486909,2,0.110677940949375
2019-02-26,0.0704829459795063,0.929517054020491,0.179420417493025,0.820579582506975,2,0.0704829459795063
2019-02-27,0.0505846180984671,0.94941538190153,0.111988644410954,0.888011355589046,2,0.0505846180984671
2019-02-28,0.0431291572206335,0.956870842779364,0.0848993716101065,0.915100628389893,2,0.0431291572206335
2019-03-04,0.0444931115727138,0.955506888427283,0.203568479762556,0.796431520237444,2,0.0444931115727138
2019-03-05,0.0521333818372431,0.947866618162754,0.141870901827312,0.858129098172688,2,0.0521333818372431
2019-03-06,0.041674451262385,0.958325548737612,0.0981566244992369,0.901843375500763,2,0.041674451262385
2019-03-07,0.0378871228974051,0.962112877102592,0.0952121513326879,0.904787848667312,2,0.0378871228974051
2019-03-11,0.040413442608567,0.95958655739143,0.0644173012151596,0.93558269878484,2,0.040413442608567
2019-03-12,0.0442998743548817,0.955700125645115,0.0479820036593671,0.952017996340633,2,0.0442998743548817
2019-03-13,0.0584555140117837,0.941544485988213,0.0414924617431778,0.958507538256822,2,0.0584555140117837
2019-03-14,0.0898676127778814,0.910132387222115,0.0447011165741868,0.955298883425813,2,0.0898676127778814
2019-03-18,0.150394791957673,0.849605208042324,0.248040854289855,0.751959145710145,2,0.150394791957673
2019-03-19,0.246525820419978,0.753474179580019,0.635262305440818,0.364737694559182,2,0.246525820419978
2019-03-20,0.253327206002676,0.746672793997321,0.555183859927227,0.444816140072773,2,0.253327206002676
2019-03-21,0.175992911242357,0.82400708875764,0.380164325716278,0.619835674283722,2,0.175992911242357
2019-03-25,0.115144498967645,0.884855501032351,0.238970702497436,0.761029297502564,2,0.115144498967645
2019-03-26,0.0857337380250444,0.914266261974952,0.193466624037463,0.806533375962537,2,0.0857337380250444
2019-03-27,0.0747645160068457,0.925235483993151,0.140462605748623,0.859537394251377,2,0.0747645160068457
2019-03-28,0.0690080109538375,0.930991989046159,0.124342476332672,0.875657523667328,2,0.0690080109538375
2019-04-01,0.0710112942826655,0.928988705717331,0.242083580409898,0.757916419590102,2,0.0710112942826655
2019-04-02,0.0767000043780072,0.92329999562199,0.219386593678133,0.780613406321867,2,0.0767000043780072
2019-04-03,0.0641863843037788,0.935813615696218,0.161741904276802,0.838258095723198,2,0.0641863843037788
2019-04-04,0.0532438878804163,0.946756112119581,0.100776854194736,0.899223145805264,2,0.0532438878804163
2019-04-08,0.0487355838026311,0.951264416197366,0.110129895381024,0.889870104618976,2,0.0487355838026311
2019-04-09,0.0538843348071797,0.946115665192817,0.0778149331834445,0.922185066816556,2,0.0538843348071797
2019-04-10,0.0584174361202549,0.941582563879742,0.0552037664558177,0.944796233544182,2,0.0584174361202549
2019-04-11,0.0732993139094336,0.926700686090564,0.0552719658512124,0.944728034148787,2,0.0732993139094336
2019-04-15,0.107296609274477,0.892703390725521,0.0438964762124126,0.956103523787587,2,0.107296609274477
2019-04-16,0.159565109954396,0.840434890045601,0.0378331681087124,0.962166831891288,2,0.159565109954396
2019-04-17,0.263933917508924,0.736066082491073,0.799436278936944,0.200563721063056,2,0.263933917508924
2019-04-18,0.469969187937025,0.530030812062973,0.63339154392686,0.36660845607314,2,0.469969187937025
2019-04-23,0.342086820593391,0.657913179406606,0.54087272236366,0.45912727763634,2,0.342086820593391
2019-04-24,0.27691973119206,0.723080268807937,0.411502923367457,0.588497076632543,2,0.27691973119206
2019-04-29,0.230375286267591,0.769624713732406,0.429926958038964,0.570073041961036,2,0.230375286267591
2019-04-30,0.206100443147049,0.793899556852948,0.374295452223136,0.625704547776864,2,0.206100443147049
2019-05-01,0.176216379385625,0.823783620614372,0.250435250567621,0.749564749432379,2,0.176216379385625
2019-05-02,0.153469982341914,0.846530017658083,0.200099251465359,0.799900748534641,2,0.153469982341914
2019-05-06,0.148821378665313,0.851178621334684,0.129741206152148,0.870258793847852,2,0.148821378665313
2019-05-07,0.152719976719991,0.847280023280006,0.286964745743307,0.713035254256693,2,0.152719976719991
2019-05-08,0.175378202801379,0.824621797198618,0.191293218287314,0.808706781712686,2,0.175378202801379
2019-05-09,0.167030188582288,0.83296981141771,0.123779385293384,0.876220614706616,2,0.167030188582288
2019-05-13,0.175446656074282,0.824553343925716,0.0810134807300854,0.918986519269915,2,0.175446656074282
2019-05-14,0.205570897405035,0.794429102594963,0.0968596154081099,0.90314038459189,2,0.205570897405035
2019-05-15,0.272597624637066,0.727402375362931,0.0841229330485853,0.915877066951415,2,0.272597624637066
2019-05-16,0.345912700712894,0.654087299287104,0.0805576320749611,0.919442367925039,2,0.345912700712894
2019-05-20,0.458701886689137,0.541298113310861,0.594431087539718,0.405568912460282,2,0.458701886689137
2019-05-21,0.61840782902584,0.381592170974158,0.512299846001131,0.487700153998869,1,0.61840782902584
2019-05-22,0.597192364252451,0.402807635747547,0.342783420577575,0.657216579422425,1,0.597192364252451
2019-05-23,0.588924725760058,0.41107527423994,0.225157194367101,0.774842805632899,1,0.588924725760058
2019-05-28,0.611045060128162,0.388954939871835,0.358314480871981,0.641685519128019,1,0.611045060128162
2019-05-29,0.669838228004664,0.330161771995333,0.273491503746275,0.726508496253725,1,0.669838228004664
2019-05-30,0.696330521853679,0.303669478146318,0.462310532978919,0.537689467021081,1,0.696330521853679
2019-06-03,0.747502546992974,0.252497453007023,0.652259291011693,0.347740708988307,1,0.747502546992974
2019-06-04,0.761989274710821,0.238010725289176,0.510498128873292,0.489501871126708,1,0.761989274710821
2019-06-05,0.747861141511617,0.25213885848838,0.369418610942304,0.630581389057696,1,0.747861141511617
2019-06-06,0.754760834611659,0.245239165388338,0.435074414325114,0.564925585674886,1,0.754760834611659
2019-06-11,0.786873122675529,0.213126877324468,0.861100095919698,0.138899904080302,1,0.786873122675529
2019-06-12,0.809544342412167,0.19045565758783,0.923862324552353,0.0761376754476466,1,0.809544342412167
2019-06-13,0.741346415636159,0.258653584363838,0.83659229934345,0.16340770065655,1,0.741346415636159
2019-06-17,0.548925148733827,0.45107485126617,0.739749583341372,0.260250416658628,1,0.548925148733827
2019-06-18,0.408779743562908,0.591220256437089,0.551352610447138,0.448647389552862,2,0.408779743562908
2019-06-19,0.308352059089471,0.691647940910526,0.540041991963622,0.459958008036377,2,0.308352059089471
2019-06-20,0.26253625669895,0.737463743301047,0.482814251190831,0.517185748809169,2,0.26253625669895
2019-06-24,0.21470611210574,0.785293887894257,0.32997533820141,0.67002466179859,2,0.21470611210574
2019-06-25,0.175149129040324,0.824850870959673,0.205128330616057,0.794871669383943,2,0.175149129040324
2019-06-26,0.159682884925053,0.840317115074944,0.125418762292117,0.874581237707883,2,0.159682884925053
2019-06-27,0.16412081520911,0.835879184790887,0.315392374522712,0.684607625477288,2,0.16412081520911
2019-07-01,0.190958191342124,0.809041808657873,0.219511975415336,0.780488024584664,2,0.190958191342124
2019-07-02,0.179467951372877,0.82053204862712,0.146791310910641,0.853208689089359,2,0.179467951372877
2019-07-03,0.183717826826425,0.816282173173572,0.101863372806667,0.898136627193333,2,0.183717826826425
2019-07-08,0.206968349826792,0.793031650173205,0.685763294519903,0.314236705480097,2,0.206968349826792
2019-07-09,0.256992588927953,0.743007411072045,0.545775277838034,0.454224722161966,2,0.256992588927953
2019-07-10,0.158841525597896,0.841158474402101,0.378054879685987,0.621945120314013,2,0.158841525597896
2019-07-11,0.0987579552270165,0.901242044772981,0.236939042703054,0.763060957296946,2,0.0987579552270165
2019-07-15,0.0681796494182771,0.93182035058172,0.145504927412356,0.854495072587644,2,0.0681796494182771
2019-07-16,0.0553400703206276,0.94465992967937,0.0928660548614916,0.907133945138508,2,0.0553400703206276
2019-07-17,0.0537224586855105,0.946277541314487,0.064031095140978,0.935968904859022,2,0.0537224586855105
2019-07-18,0.0622922222214015,0.937707777778596,0.064846882469999,0.935153117530001,2,0.0622922222214015
2019-07-22,0.0849282666566896,0.915071733343308,0.0614351987770397,0.93856480122296,2,0.0849282666566896
2019-07-23,0.117466192849918,0.882533807150079,0.0482449017891646,0.951755098210835,2,0.117466192849918
2019-07-24,0.168204551344526,0.831795448655471,0.0495080787181094,0.950491921281891,2,0.168204551344526
2019-07-25,0.267495374786777,0.73250462521322,0.333085884663617,0.666914115336383,2,0.267495374786777
2019-07-29,0.423935665484342,0.576064334515655,0.210666509083287,0.789333490916713,2,0.423935665484342
2019-07-30,0.432140323225744,0.567859676774253,0.131588791055686,0.868411208944314,2,0.432140323225744
2019-07-31,0.472804124325743,0.527195875674254,0.0840257122669331,0.915974287733067,2,0.472804124325743
2019-08-01,0.564766059441909,0.435233940558089,0.0868812976472307,0.913118702352769,1,0.564766059441909
2019-08-05,0.753996794916695,0.246003205083302,0.999961771590469,3.82284095306106e-05,1,0.753996794916695
2019-08-06,0.999965943023178,3.40569768190379e-05,0.893805369929199,0.106194630070801,1,0.999965943023178
2019-08-07,0.946476834119912,0.0535231658800853,0.860223799409321,0.139776200590679,1,0.946476834119912
2019-08-08,0.923672730547931,0.0763272694520668,0.862103706148795,0.137896293851205,1,0.923672730547931
2019-08-12,0.900753125930336,0.0992468740696617,0.932502822678465,0.067497177321535,1,0.900753125930336
2019-08-13,0.868180763539305,0.131819236460692,0.832039763188098,0.167960236811902,1,0.868180763539305
2019-08-14,0.758260683725534,0.241739316274464,0.840916310274309,0.159083689725691,1,0.758260683725534
2019-08-15,0.689518154795551,0.310481845204446,0.818706520546282,0.181293479453718,1,0.689518154795551
2019-08-19,0.592204365813104,0.407795634186893,0.643944844105048,0.356055155894952,1,0.592204365813104
2019-08-20,0.482071309357297,0.517928690642701,0.454802637741095,0.545197362258905,2,0.482071309357297
2019-08-21,0.432017709062596,0.567982290937401,0.696766356213191,0.303233643786809,2,0.432017709062596
2019-08-22,0.418384368906438,0.58161563109356,0.517421205515602,0.482578794484398,2,0.418384368906438
2019-08-26,0.340590163758711,0.659409836241286,0.501760771542897,0.498239228457103,2,0.340590163758711
2019-08-27,0.305868407693197,0.694131592306801,0.525215029358442,0.474784970641558,2,0.305868407693197
2019-08-28,0.271075796776079,0.728924203223918,0.437340542751254,0.562659457248747,2,0.271075796776079
2019-08-29,0.227648137179826,0.772351862820171,0.27962468495645,0.72037531504355,2,0.227648137179826
2019-09-03,0.1983571183966,0.801642881603397,0.547374976775365,0.452625023224635,2,0.1983571183966
2019-09-04,0.193725782615009,0.806274217384989,0.374199819651747,0.625800180348253,2,0.193725782615009
2019-09-05,0.136864901860889,0.863135098139109,0.451243414142702,0.548756585857298,2,0.136864901860889
2019-09-09,0.110472280578093,0.889527719421904,0.30663342172052,0.69336657827948,2,0.110472280578093
2019-09-10,0.067640531775944,0.932359468224053,0.193625829109532,0.806374170890468,2,0.067640531775944
2019-09-11,0.0450759029946481,0.954924097005349,0.182630550708576,0.817369449291424,2,0.0450759029946481
2019-09-12,0.0348921368966562,0.965107863103341,0.127702867182592,0.872297132817408,2,0.0348921368966562
2019-09-16,0.024536970207406,0.975463029792591,0.112937094567305,0.887062905432695,2,0.024536970207406
2019-09-17,0.0190288513652677,0.98097114863473,0.087563097610532,0.912436902389468,2,0.0190288513652677
2019-09-18,0.0140496555196662,0.985950344480331,0.0606990625446606,0.939300937455339,2,0.0140496555196662
2019-09-19,0.0108395477572702,0.989160452242728,0.0469279899250254,0.953072010074975,2,0.0108395477572702
2019-09-23,0.0101903038903134,0.989809696109684,0.0400117404745231,0.959988259525477,2,0.0101903038903134
2019-09-24,0.011702844856753,0.988297155143245,0.0448526913083132,0.955147308691687,2,0.011702844856753
2019-09-25,0.0159865278308544,0.984013472169143,0.0733083737662715,0.926691626233728,2,0.0159865278308544
2019-09-26,0.0218298522189269,0.978170147781071,0.0525147247611755,0.947485275238825,2,0.0218298522189269
2019-09-30,0.0237510158951735,0.976248984104824,0.0537214550682454,0.946278544931755,2,0.0237510158951735
2019-10-01,0.0318722078309157,0.968127792169082,0.0422694426331156,0.957730557366885,2,0.0318722078309157
2019-10-02,0.044104523187867,0.955895476812131,0.0490886885737506,0.95091131142625,2,0.044104523187867
2019-10-03,0.0707969030457354,0.929203096954262,0.25247110616689,0.74752889383311,2,0.0707969030457354
2019-10-07,0.108805366070422,0.891194633929576,0.261091681741531,0.738908318258469,2,0.108805366070422
2019-10-08,0.0985880595501313,0.901411940449867,0.222484093003961,0.777515906996039,2,0.0985880595501313
2019-10-09,0.0858996293636139,0.914100370636384,0.139797487020074,0.860202512979926,2,0.0858996293636139
2019-10-10,0.0773635752640741,0.922636424735924,0.230942281135789,0.769057718864211,2,0.0773635752640741
2019-10-14,0.081207316134054,0.918792683865944,0.143079233126249,0.856920766873751,2,0.081207316134054
2019-10-15,0.0708353652795069,0.929164634720491,0.103078352084834,0.896921647915166,2,0.0708353652795069
2019-10-16,0.0727198709678718,0.927280129032126,0.336976279038959,0.663023720961041,2,0.0727198709678718
2019-10-17,0.084118321650696,0.915881678349302,0.220380686265561,0.779619313734439,2,0.084118321650696
2019-10-21,0.0587004570465911,0.941299542953407,0.215885952204033,0.784114047795967,2,0.0587004570465911
2019-10-22,0.0469006168364112,0.953099383163587,0.140557068085433,0.859442931914567,2,0.0469006168364112
2019-10-23,0.0341232801300828,0.965876719869915,0.092280255966511,0.907719744033489,2,0.0341232801300828
2019-10-24,0.0289856497011092,0.971014350298889,0.0630675170903098,0.93693248290969,2,0.0289856497011092
2019-10-28,0.029892317947122,0.970107682052876,0.0708249562911117,0.929175043708888,2,0.029892317947122
2019-10-29,0.0378248312708283,0.96217516872917,0.0724138845979585,0.927586115402041,2,0.0378248312708283
2019-10-30,0.0469097911832425,0.953090208816755,0.0518938643024787,0.948106135697521,2,0.0469097911832425
2019-10-31,0.0592182996266083,0.94078170037339,0.041454153619609,0.958545846380391,2,0.0592182996266083
2019-11-04,0.0879594532934257,0.912040546706572,0.45826054215535,0.54173945784465,2,0.0879594532934257
2019-11-05,0.14716656501066,0.852833434989338,0.295831236975203,0.704168763024797,2,0.14716656501066
2019-11-06,0.106333799015559,0.893666200984439,0.182042652008382,0.817957347991618,2,0.106333799015559
2019-11-07,0.0893279763259937,0.910672023674004,0.112076188403833,0.887923811596167,2,0.0893279763259937
2019-11-11,0.0876153335542067,0.912384666445791,0.360512726794754,0.639487273205246,2,0.0876153335542067
2019-11-12,0.100445098540064,0.899554901459934,0.300333493565342,0.699666506434658,2,0.100445098540064
2019-11-13,0.0728937871184773,0.927106212881521,0.187515654563317,0.812484345436683,2,0.0728937871184773
2019-11-14,0.0517674776493997,0.948232522350598,0.189269321150119,0.810730678849881,2,0.0517674776493997
2019-11-18,0.0433972685605831,0.956602731439415,0.151434712494009,0.848565287505991,2,0.0433972685605831
2019-11-19,0.0335215506893775,0.96647844931062,0.0988806975788646,0.901119302421135,2,0.0335215506893775
2019-11-20,0.0268314905573719,0.973168509442626,0.0938554980644036,0.906144501935596,2,0.0268314905573719
2019-11-21,0.0259651052267285,0.974034894773269,0.104458517275973,0.895541482724028,2,0.0259651052267285
2019-11-25,0.0256540798071089,0.974345920192889,0.134890117369537,0.865109882630463,2,0.0256540798071089
2019-11-26,0.0235916093404603,0.976408390659537,0.0881175837372836,0.911882416262716,2,0.0235916093404603
2019-11-27,0.0169857538950723,0.983014246104925,0.0601986319823599,0.93980136801764,2,0.0169857538950723
2019-12-02,0.0146772807799201,0.985322719220077,0.0482170939116024,0.951782906088398,2,0.0146772807799201
2019-12-03,0.0160024607632518,0.983997539236746,0.0727208219682173,0.927279178031783,2,0.0160024607632518
2019-12-04,0.0208556930300307,0.979144306969967,0.070827378466726,0.929172621533274,2,0.0208556930300307
2019-12-05,0.0224984684955667,0.977501531504431,0.0522435492390774,0.947756450760923,2,0.0224984684955667
2019-12-09,0.0251979024763889,0.974802097523608,0.198683345461504,0.801316654538496,2,0.0251979024763889
2019-12-10,0.0342372870874337,0.965762712912564,0.121283251235594,0.878716748764407,2,0.0342372870874337
2019-12-11,0.0218357438796857,0.978164256120312,0.0785945840922183,0.921405415907782,2,0.0218357438796857
2019-12-12,0.0165098981598932,0.983490101840104,0.0832502980571645,0.916749701942835,2,0.0165098981598932
2019-12-16,0.0154430617903487,0.984556938209649,0.0896909050738243,0.910309094926176,2,0.0154430617903487
2019-12-17,0.0132981526946413,0.986701847305356,0.0629710192442783,0.937028980755722,2,0.0132981526946413
2019-12-18,0.00956782067277899,0.990432179327218,0.047065439477254,0.952934560522746,2,0.00956782067277899
2019-12-19,0.00796061751366752,0.99203938248633,0.0392524405720797,0.96074755942792,2,0.00796061751366752
2019-12-23,0.00802470035970185,0.991975299640296,0.0432696506196194,0.956730349380381,2,0.00802470035970185
2019-12-26,0.00971164653278996,0.990288353467208,0.0396334997542981,0.960366500245702,2,0.00971164653278996
2019-12-30,0.0117098658032179,0.98829013419678,0.081195240215374,0.918804759784626,2,0.0117098658032179
2020-01-02,0.0161109170656685,0.983889082934329,0.0599102005936471,0.940089799406353,2,0.0161109170656685
2020-01-06,0.0145027401212982,0.985497259878699,0.0454971601070874,0.954502839892913,2,0.0145027401212982
2020-01-07,0.0157978953611851,0.984202104638812,0.0398286647113843,0.960171335288616,2,0.0157978953611851
2020-01-08,0.0213165746062318,0.978683425393766,0.0446472454063681,0.955352754593632,2,0.0213165746062318
2020-01-09,0.0329238623009288,0.967076137699068,0.0393570899215621,0.960642910078438,2,0.0329238623009288
2020-01-13,0.0502176353592271,0.94978236464077,0.0467114107733697,0.95328858922663,2,0.0502176353592271
2020-01-14,0.0841789773199174,0.91582102268008,0.0412448756558053,0.958755124344195,2,0.0841789773199174
2020-01-15,0.133207398718685,0.866792601281312,0.036399023653603,0.963600976346397,2,0.133207398718685
2020-01-16,0.225768439129028,0.774231560870969,0.0624594018661198,0.93754059813388,2,0.225768439129028
2020-01-21,0.408764164446465,0.591235835553532,0.537472941999563,0.462527058000437,2,0.408764164446465
2020-01-22,0.596776848997269,0.403223151002728,0.405744063604599,0.594255936395401,1,0.596776848997269
2020-01-23,0.583972009652624,0.416027990347374,0.351010603975121,0.648989396024879,1,0.583972009652624
2020-01-27,0.593223590861643,0.406776409138355,0.904873531015591,0.0951264689844088,1,0.593223590861643
2020-01-28,0.614006740045425,0.385993259954573,0.75298513681497,0.247014863185029,1,0.614006740045425
2020-01-29,0.388032057686168,0.61196794231383,0.652174211564717,0.347825788435282,2,0.388032057686168
2020-01-30,0.275503188098327,0.72449681190167,0.468876257584218,0.531123742415782,2,0.275503188098327
2020-02-03,0.194695212626124,0.805304787373873,0.485715132530893,0.514284867469107,2,0.194695212626124
2020-02-04,0.15614702455294,0.843852975447058,0.348284207113782,0.651715792886218,2,0.15614702455294
2020-02-05,0.110379525249384,0.889620474750614,0.228028644896843,0.771971355103157,2,0.110379525249384
2020-02-06,0.0857212508255251,0.914278749174472,0.248661785298272,0.751338214701727,2,0.0857212508255251
2020-02-10,0.0763451752363952,0.923654824763602,0.15911818361552,0.84088181638448,2,0.0763451752363952
2020-02-11,0.0628653372611878,0.93713466273881,0.105010825512517,0.894989174487483,2,0.0628653372611878
2020-02-12,0.0604767658703115,0.939523234129686,0.0691032873700588,0.930896712629941,2,0.0604767658703115
2020-02-13,0.0679508720525079,0.93204912794749,0.0508258174262282,0.949174182573772,2,0.0679508720525079
2020-02-18,0.090445238361446,0.909554761638552,0.0415066187768558,0.958493381223144,2,0.090445238361446
2020-02-19,0.138362143998044,0.861637856001954,0.0373147221076509,0.962685277892349,2,0.138362143998044
2020-02-20,0.234010162969178,0.76598983703082,0.0389344445624673,0.961065555437533,2,0.234010162969178
2020-02-24,0.418888992310255,0.581111007689743,0.306124714903798,0.693875285096202,2,0.418888992310255
2020-02-25,0.738674449754607,0.261325550245391,0.247795624131432,0.752204375868568,1,0.738674449754607
2020-02-26,0.784493341465359,0.215506658534639,0.187917297181841,0.812082702818159,1,0.784493341465359
2020-02-27,0.855234790062957,0.144765209937041,0.863788733433589,0.136211266566411,1,0.855234790062957
2020-03-02,0.969461664836202,0.030538335163796,0.765387346036942,0.234612653963058,1,0.969461664836202
2020-03-03,0.963981081774568,0.03601891822543,0.58165646787919,0.41834353212081,1,0.963981081774568
2020-03-04,0.96765211797391,0.0323478820260878,0.760991129507216,0.239008870492784,1,0.96765211797391
2020-03-05,0.988304003446323,0.011695996553675,0.928104074788196,0.0718959252118039,1,0.988304003446323
2020-03-09,0.997526356028282,0.00247364397171581,0.998519564863872,0.00148043513612774,1,0.997526356028282
2020-03-10,0.999864392579284,0.000135607420713358,0.889355098628089,0.110644901371911,1,0.999864392579284
2020-03-11,0.996150833130859,0.0038491668691387,0.999882939541749,0.000117060458251075,1,0.996150833130859
2020-03-12,0.99999634347004,3.65652995756245e-06,0.999649782992589,0.000350217007411143,1,0.99999634347004
2020-03-16,0.999987939433464,1.20605665339377e-05,0.996245368710125,0.00375463128987486,1,0.999987939433464
2020-03-17,0.999788130382267,0.000211869617730229,0.987368626258727,0.0126313737412728,1,0.999788130382267
2020-03-18,0.998338138522256,0.00166186147774187,0.940375884009309,0.0596241159906907,1,0.998338138522256
2020-03-19,0.992578338614935,0.00742166138506248,0.872620967550632,0.127379032449368,1,0.992578338614935
2020-03-23,0.989155832603431,0.010844167396567,0.773086969299444,0.226913030700556,1,0.989155832603431
2020-03-24,0.99091371845937,0.00908628154062744,0.99903938184991,0.000960618150089677,1,0.99091371845937
2020-03-25,0.999928900665328,7.10993346698264e-05,0.923749486396207,0.076250513603793,1,0.999928900665328
2020-03-26,0.99728940412254,0.00271059587745741,0.998800759855514,0.00119924014448566,1,0.99728940412254
2020-03-30,0.999727140019724,0.00027285998027314,0.899098676127408,0.100901323872592,1,0.999727140019724
2020-03-31,0.987556517477709,0.0124434825222884,0.967510779792944,0.0324892202070563,1,0.987556517477709
2020-04-01,0.985988109653961,0.0140118903460372,0.917676447468704,0.0823235525312963,1,0.985988109653961
2020-04-02,0.962935818521386,0.037064181478612,0.923469729137871,0.0765302708621286,1,0.962935818521386
2020-04-06,0.941706636292843,0.058293363707155,0.974010023234229,0.0259899767657707,1,0.941706636292843
2020-04-07,0.902079170834933,0.0979208291650645,0.852270071962663,0.147729928037337,1,0.902079170834933
2020-04-08,0.676081034452389,0.323918965547609,0.757509942647802,0.242490057352198,1,0.676081034452389
2020-04-09,0.564148981428034,0.435851018571964,0.57780283755946,0.42219716244054,1,0.564148981428034
2020-04-14,0.485308803968097,0.514691196031901,0.45111024554077,0.54888975445923,2,0.485308803968097
2020-04-15,0.452459081497992,0.547540918502006,0.344893049742638,0.655106950257362,2,0.452459081497992
2020-04-16,0.441401128007166,0.558598871992832,0.30610789199468,0.69389210800532,2,0.441401128007166
2020-04-20,0.448953421922166,0.551046578077832,0.193506636113631,0.806493363886369,2,0.448953421922166
2020-04-21,0.46528261736927,0.534717382630728,0.250321031372385,0.749678968627615,2,0.46528261736927
2020-04-22,0.51747425476909,0.482525745230908,0.317639307794032,0.682360692205968,1,0.51747425476909
2020-04-23,0.555714812041219,0.444285187958779,0.258252964958098,0.741747035041902,1,0.555714812041219
2020-04-27,0.580189834125618,0.419810165874379,0.283331995359902,0.716668004640098,1,0.580189834125618
2020-04-28,0.623230148455769,0.376769851544229,0.183297326504417,0.816702673495583,1,0.623230148455769
2020-04-29,0.663464536530349,0.336535463469649,0.140453419137023,0.859546580862977,1,0.663464536530349
2020-04-30,0.751330498794396,0.248669501205602,0.205375907710105,0.794624092289895,1,0.751330498794396
2020-05-04,0.892766851425102,0.107233148574896,0.999944771168847,5.52288311533405e-05,1,0.892766851425102
2020-05-05,0.999982883049005,1.71169509931428e-05,0.948592705183069,0.0514072948169307,1,0.999982883049005
2020-05-06,0.982635450886737,0.0173645491132606,0.812689511170159,0.187310488829841,1,0.982635450886737
2020-05-07,0.966221649911594,0.0337783500884041,0.661347043890324,0.338652956109676,1,0.966221649911594
2020-05-11,0.965830435018161,0.0341695649818366,0.827555218411735,0.172444781588265,1,0.965830435018161
2020-05-12,0.978858808258774,0.0211411917412241,0.857101213675391,0.142898786324608,1,0.978858808258774
2020-05-13,0.980739821453246,0.0192601785467525,0.803029377905959,0.196970622094041,1,0.980739821453246
2020-05-14,0.980494720693683,0.0195052793063148,0.669128952695147,0.330871047304853,1,0.980494720693683
2020-05-18,0.984882598915887,0.015117401084111,0.999982345614894,1.76543851061085e-05,1,0.984882598915887
2020-05-19,0.999998702230187,1.29776981119543e-06,0.994767603566312,0.00523239643368821,1,0.999998702230187
2020-05-20,0.997357159031512,0.00264284096848607,0.887561081096488,0.112438918903512,1,0.997357159031512
2020-05-21,0.968182867757976,0.0318171322420217,0.78295391374802,0.21704608625198,1,0.968182867757976
2020-05-26,0.958180555320878,0.0418194446791195,0.680399225675055,0.319600774324946,1,0.958180555320878
2020-05-27,0.958825637902025,0.041174362097973,0.889666523134769,0.110333476865231,1,0.958825637902025
2020-05-28,0.969150958120329,0.030849041879668,0.8772561483949,0.1227438516051,1,0.969150958120329
2020-06-01,0.959225535182457,0.0407744648175402,0.984472254388805,0.0155277456111947,1,0.959225535182457
2020-06-02,0.947043407880747,0.0529565921192502,0.875412989588029,0.124587010411971,1,0.947043407880747
2020-06-03,0.740358919359993,0.259641080640004,0.729767007073157,0.270232992926843,1,0.740358919359993
2020-06-04,0.631066554170102,0.368933445829895,0.540837749374211,0.459162250625789,1,0.631066554170102
2020-06-09,0.57685800951282,0.423141990487177,0.630938643591606,0.369061356408394,1,0.57685800951282
2020-06-10,0.561378447650524,0.438621552349474,0.44611908967211,0.55388091032789,1,0.561378447650524
2020-06-11,0.525177680875308,0.474822319124689,0.370002690970412,0.629997309029588,1,0.525177680875308
2020-06-15,0.521760309687353,0.478239690312644,0.662304770234033,0.337695229765967,1,0.521760309687353
2020-06-16,0.531998921205992,0.468001078794005,0.807564590388169,0.192435409611831,1,0.531998921205992
2020-06-17,0.483456180394358,0.516543819605639,0.683216071327145,0.316783928672855,2,0.483456180394358
2020-06-18,0.35211851394615,0.647881486053847,0.683499922227431,0.316500077772569,2,0.35211851394615
2020-06-22,0.26969615746092,0.730303842539078,0.539518738692686,0.460481261307314,2,0.26969615746092
2020-06-23,0.174574350892398,0.825425649107599,0.401920815472051,0.598079184527949,2,0.174574350892398
2020-06-24,0.117786179459146,0.882213820540851,0.274986285465613,0.725013714534387,2,0.117786179459146
2020-06-25,0.0848777186417955,0.915122281358202,0.32553133590258,0.674468664097421,2,0.0848777186417955
2020-06-29,0.0686408342639095,0.931359165736088,0.200935367068084,0.799064632931916,2,0.0686408342639095
2020-06-30,0.0434323748266091,0.956567625173388,0.132931113774157,0.867068886225843,2,0.0434323748266091
2020-07-01,0.0320759956275274,0.96792400437247,0.0892076249090866,0.910792375090913,2,0.0320759956275274
2020-07-02,0.0275436845673924,0.972456315432605,0.0689283172319976,0.931071682768002,2,0.0275436845673924
2020-07-06,0.0285391193504108,0.971460880649586,0.0712505005441082,0.928749499455892,2,0.0285391193504108
2020-07-07,0.0342329320651603,0.965767067934837,0.139446902128845,0.860553097871155,2,0.0342329320651603
2020-07-08,0.041702089963162,0.958297910036835,0.102972389256415,0.897027610743585,2,0.041702089963162
2020-07-09,0.0382749493192647,0.961725050680733,0.124638447177879,0.875361552822121,2,0.0382749493192647
2020-07-13,0.039992905193022,0.960007094806975,0.122128403019388,0.877871596980612,2,0.039992905193022
2020-07-14,0.0384476656024183,0.961552334397579,0.0841182243226628,0.915881775677337,2,0.0384476656024183
2020-07-15,0.0369378241200915,0.963062175879906,0.194285189838543,0.805714810161457,2,0.0369378241200915
2020-07-16,0.0421542140782745,0.957845785921723,0.127323323845248,0.872676676154752,2,0.0421542140782745
2020-07-20,0.0314536630123101,0.968546336987687,0.101206961475374,0.898793038524626,2,0.0314536630123101
2020-07-21,0.0275574286335927,0.972442571366405,0.0915596954697525,0.908440304530247,2,0.0275574286335927
2020-07-22,0.0265315651397814,0.973468434860216,0.143145351197419,0.856854648802581,2,0.0265315651397814
2020-07-23,0.0267857960590644,0.973214203940933,0.0965509170969284,0.903449082903072,2,0.0267857960590644
2020-07-27,0.0198299392347266,0.980170060765271,0.0648189357669165,0.935181064233084,2,0.0198299392347266
2020-07-28,0.0172293852837778,0.98277061471622,0.080242983352887,0.919757016647113,2,0.0172293852837778
2020-07-29,0.018857795946644,0.981142204053354,0.0675728948856189,0.932427105114381,2,0.018857795946644
2020-07-30,0.0183964991307532,0.981603500869244,0.0920491168011895,0.90795088319881,2,0.0183964991307532
2020-08-03,0.0200055294887689,0.979994470511228,0.0642936889489574,0.935706311051043,2,0.0200055294887689
2020-08-04,0.0181076544769586,0.981892345523039,0.0694149304288691,0.930585069571131,2,0.0181076544769586
2020-08-05,0.0202449518300276,0.97975504816997,0.050663685875591,0.949336314124409,2,0.0202449518300276
2020-08-06,0.0222860390327998,0.977713960967197,0.164085602920652,0.835914397079348,2,0.0222860390327998
2020-08-10,0.0301818870140223,0.969818112985975,0.13690042542182,0.86309957457818,2,0.0301818870140223
2020-08-11,0.0213059252109897,0.978694074789007,0.0875420320200226,0.912457967979977,2,0.0213059252109897
2020-08-12,0.0139771267403913,0.986022873259606,0.0757995880173835,0.924200411982616,2,0.0139771267403913
2020-08-13,0.0107455485592813,0.989254451440716,0.0561352889381413,0.943864711061859,2,0.0107455485592813
2020-08-17,0.00788300785922148,0.992116992140776,0.0437055804902834,0.956294419509717,2,0.00788300785922148
2020-08-18,0.00643370086457344,0.993566299135424,0.0385863757874015,0.961413624212599,2,0.00643370086457344
2020-08-19,0.00608045182505097,0.993919548174946,0.0379562958063458,0.962043704193654,2,0.00608045182505097
2020-08-20,0.00640275721894263,0.993597242781055,0.0408351528530194,0.959164847146981,2,0.00640275721894263
2020-08-24,0.00710462642073345,0.992895373579264,0.0406766060033209,0.959323393996679,2,0.00710462642073345
2020-08-25,0.00776107465232806,0.992238925347669,0.0368206125216122,0.963179387478388,2,0.00776107465232806
2020-08-26,0.00893499265684274,0.991065007343154,0.0349756799692975,0.965024320030703,2,0.00893499265684274
2020-08-27,0.0119502377236622,0.988049762276335,0.0466738411423633,0.953326158857637,2,0.0119502377236622
2020-08-31,0.0180916606752636,0.981908339324734,0.132558844915163,0.867441155084837,2,0.0180916606752636
2020-09-01,0.0247317900667236,0.975268209933274,0.0846149204721127,0.915385079527887,2,0.0247317900667236
2020-09-02,0.0186575741875828,0.981342425812414,0.103950519291498,0.896049480708502,2,0.0186575741875828
2020-09-03,0.0174324089682484,0.982567591031749,0.068894671802078,0.931105328197922,2,0.0174324089682484
2020-09-08,0.0131505354958106,0.986849464504187,0.0535673333176357,0.946432666682364,2,0.0131505354958106
2020-09-09,0.0122548589940358,0.987745141005961,0.0639757647886903,0.93602423521131,2,0.0122548589940358
2020-09-10,0.0136267865638227,0.986373213436174,0.0483888185096436,0.951611181490356,2,0.0136267865638227
2020-09-14,0.0137545896904563,0.986245410309541,0.0437556478425351,0.956244352157465,2,0.0137545896904563
2020-09-15,0.017169010684326,0.982830989315671,0.0383186958067642,0.961681304193236,2,0.017169010684326
2020-09-16,0.0241753772905923,0.975824622709405,0.0345001948178359,0.965499805182164,2,0.0241753772905923
2020-09-17,0.0387875160668517,0.961212483933145,0.305349358026268,0.694650641973732,2,0.0387875160668517
2020-09-21,0.0686270868286784,0.931372913171319,0.187568961086915,0.812431038913085,2,0.0686270868286784
2020-09-22,0.0463465299530953,0.953653470046901,0.219605506998056,0.780394493001945,2,0.0463465299530953
2020-09-23,0.0371401073678151,0.962859892632182,0.144956704906523,0.855043295093477,2,0.0371401073678151
2020-09-24,0.0226006718608079,0.977399328139189,0.0944944023143758,0.905505597685624,2,0.0226006718608079
2020-09-28,0.0145943790672542,0.985405620932743,0.0644491384984844,0.935550861501516,2,0.0145943790672542
2020-09-29,0.0106716531774735,0.989328346822524,0.0477499508044164,0.952250049195584,2,0.0106716531774735
2020-09-30,0.00935949241757434,0.990640507582423,0.0558181494987646,0.944181850501235,2,0.00935949241757434
2020-10-01,0.0101789531438819,0.989821046856115,0.0661091064928248,0.933890893507175,2,0.0101789531438819
2020-10-05,0.0100015213200678,0.989998478679929,0.0486994021219471,0.951300597878053,2,0.0100015213200678
2020-10-06,0.00814318027940311,0.991856819720594,0.0411677820337175,0.958832217966282,2,0.00814318027940311
2020-10-07,0.00803172858026269,0.991968271419734,0.0570730641602626,0.942926935839737,2,0.00803172858026269
2020-10-08,0.00929969846818058,0.990700301531816,0.0454616232500703,0.95453837674993,2,0.00929969846818058
2020-10-12,0.00845230187715271,0.991547698122844,0.0496184566462723,0.950381543353728,2,0.00845230187715271
2020-10-13,0.00913518388128137,0.990864816118716,0.050303722961802,0.949696277038198,2,0.00913518388128137
2020-10-14,0.00946264272154103,0.990537357278456,0.0535034807936254,0.946496519206375,2,0.00946264272154103
2020-10-15,0.00985990605524272,0.990140093944754,0.0474154987515174,0.952584501248483,2,0.00985990605524272
2020-10-19,0.00990943642124246,0.990090563578755,0.0395961510000285,0.960403848999972,2,0.00990943642124246
2020-10-20,0.0111420420588268,0.98885795794117,0.0368884241298968,0.963111575870103,2,0.0111420420588268
2020-10-21,0.015122285814028,0.984877714185969,0.0337938199003676,0.966206180099632,2,0.015122285814028
2020-10-22,0.0231816279240278,0.976818372075969,0.0372389614789161,0.962761038521084,2,0.0231816279240278
2020-10-26,0.0398269160955632,0.960173083904434,0.149187521348665,0.850812478651335,2,0.0398269160955632
2020-10-27,0.0677610777003508,0.932238922299646,0.093927886601974,0.906072113398026,2,0.0677610777003508
2020-10-28,0.0679402411003281,0.932059758899669,0.0717553704593767,0.928244629540623,2,0.0679402411003281
2020-10-29,0.0806424642883693,0.919357535711628,0.0773974706438209,0.922602529356179,2,0.0806424642883693
2020-11-02,0.107044561866883,0.892955438133114,0.0725663792595587,0.927433620740441,2,0.107044561866883
2020-11-03,0.140549337238803,0.859450662761195,0.164648020346533,0.835351979653467,2,0.140549337238803
2020-11-04,0.190840629011471,0.809159370988526,0.102141966328468,0.897858033671532,2,0.190840629011471
2020-11-05,0.209836278648373,0.790163721351625,0.071831356244374,0.928168643755626,2,0.209836278648373
2020-11-09,0.260486508165699,0.739513491834298,0.36487691788353,0.63512308211647,2,0.260486508165699
2020-11-10,0.360676909754846,0.639323090245151,0.234246256514858,0.765753743485142,2,0.360676909754846
2020-11-11,0.356813528734319,0.643186471265678,0.262475468358682,0.737524531641318,2,0.356813528734319
2020-11-12,0.380295122408469,0.619704877591528,0.171656655548189,0.828343344451811,2,0.380295122408469
2020-11-16,0.399344371218808,0.600655628781189,0.279341434140796,0.720658565859204,2,0.399344371218808
2020-11-17,0.45114215211378,0.548857847886217,0.185093838622999,0.814906161377001,2,0.45114215211378
2020-11-18,0.473913656321206,0.526086343678791,0.113707552836356,0.886292447163644,2,0.473913656321206
2020-11-19,0.531266904335004,0.468733095664993,0.0746304577179218,0.925369542282078,1,0.531266904335004
2020-11-23,0.65642662831106,0.343573371688937,0.783196133974488,0.216803866025513,1,0.65642662831106
2020-11-24,0.908431183713235,0.0915688162867616,0.737492791540616,0.262507208459384,1,0.908431183713235
2020-11-25,0.897250127047949,0.102749872952048,0.583619433286964,0.416380566713036,1,0.897250127047949
2020-11-30,0.890758001499068,0.109241998500929,0.437430116671304,0.562569883328696,1,0.890758001499068
2020-12-01,0.902505044414325,0.0974949555856723,0.313029760102593,0.686970239897406,1,0.902505044414325
2020-12-02,0.935439949432453,0.0645600505675442,0.999666508941381,0.00033349105861902,1,0.935439949432453
2020-12-03,0.999134983418883,0.000865016581113999,0.888638588890149,0.111361411109851,1,0.999134983418883
2020-12-07,0.83976059140136,0.160239408598637,0.862738360435483,0.137261639564517,1,0.83976059140136
2020-12-08,0.764796966153474,0.235203033846523,0.717702396749557,0.282297603250443,1,0.764796966153474
2020-12-09,0.677633925582333,0.322366074417664,0.547286761200799,0.452713238799201,1,0.677633925582333
2020-12-10,0.63562208887622,0.364377911123778,0.399660146370904,0.600339853629096,1,0.63562208887622
2020-12-14,0.625093148930262,0.374906851069735,0.840601098952547,0.159398901047453,1,0.625093148930262
2020-12-15,0.639250313898347,0.36074968610165,0.780278390842102,0.219721609157898,1,0.639250313898347
2020-12-16,0.525203847347566,0.474796152652431,0.693910915422059,0.306089084577941,1,0.525203847347566
2020-12-17,0.425005171518865,0.574994828481132,0.525506712075699,0.474493287924301,2,0.425005171518865
2020-12-21,0.349451128772822,0.650548871227175,0.349746568784824,0.650253431215176,2,0.349451128772822
2020-12-22,0.313859405844687,0.68614059415531,0.228173890052409,0.771826109947591,2,0.313859405844687
2020-12-23,0.308328684098905,0.691671315901092,0.146848111947285,0.853151888052715,2,0.308328684098905
2020-12-28,0.327302675122698,0.672697324877299,0.0932224571858391,0.906777542814161,2,0.327302675122698
2020-12-29,0.378568928729568,0.621431071270429,0.0630690585218829,0.936930941478117,2,0.378568928729568
2020-12-30,0.48864341101667,0.511356588983327,0.0849382805644101,0.91506171943559,2,0.48864341101667
2021-01-04,0.712210197080075,0.287789802919922,0.721696796673191,0.278303203326809,1,0.712210197080075
2021-01-05,0.949986084171291,0.0500139158287054,0.576164117940817,0.423835882059183,1,0.949986084171291
2021-01-06,0.955048067987361,0.0449519320126365,0.990562845958864,0.00943715404113591,1,0.955048067987361
2021-01-07,0.974852523027985,0.0251474769720125,0.913396763479401,0.0866032365205994,1,0.974852523027985
2021-01-11,0.812762125389328,0.187237874610669,0.82377790153916,0.17622209846084,1,0.812762125389328
2021-01-12,0.693511950239282,0.306488049760715,0.647806099578155,0.352193900421845,1,0.693511950239282
2021-01-13,0.60974060082603,0.390259399173968,0.503607967852172,0.496392032147828,1,0.60974060082603
2021-01-14,0.575816804437001,0.424183195562997,0.386569075469321,0.613430924530679,1,0.575816804437001
2021-01-19,0.566987642288153,0.433012357711844,0.285435473218113,0.714564526781887,1,0.566987642288153
2021-01-20,0.578251228727925,0.421748771272072,0.200418810543613,0.799581189456387,1,0.578251228727925
2021-01-21,0.613091957170627,0.38690804282937,0.23279415712438,0.76720584287562,1,0.613091957170627
2021-01-26,0.683562735688133,0.316437264311864,0.285026841118943,0.714973158881057,1,0.683562735688133
2021-01-27,0.748357719325794,0.251642280674203,0.451783276332502,0.548216723667498,1,0.748357719325794
2021-01-28,0.801455588187618,0.198544411812379,0.62397281251252,0.37602718748748,1,0.801455588187618
2021-02-01,0.82268550013824,0.177314499861757,0.888340070443118,0.111659929556882,1,0.82268550013824
2021-02-02,0.821045272607813,0.178954727392184,0.783549577615776,0.216450422384224,1,0.821045272607813
2021-02-03,0.736922409340435,0.263077590659562,0.609285015638514,0.390714984361486,1,0.736922409340435
2021-02-04,0.684921535979324,0.315078464020673,0.424781745094717,0.575218254905283,1,0.684921535979324
2021-02-08,0.668728105036876,0.331271894963121,0.466256370814117,0.533743629185883,1,0.668728105036876
2021-02-09,0.682322680407285,0.317677319592712,0.302675376198531,0.697324623801469,1,0.682322680407285
2021-02-10,0.69005348873912,0.309946511260877,0.19062726710327,0.80937273289673,1,0.69005348873912
2021-02-11,0.731859159378774,0.268140840621223,0.130079257745818,0.869920742254182,1,0.731859159378774
2021-02-16,0.825461826077413,0.174538173922584,0.972879484475939,0.0271205155240606,1,0.825461826077413
2021-02-17,0.996774091622515,0.00322590837748191,0.849142750997844,0.150857249002156,1,0.996774091622515
2021-02-18,0.992357554890642,0.0076424451093546,0.921597307437034,0.0784026925629657,1,0.992357554890642
2021-02-22,0.997065635631947,0.00293436436805044,0.994299431467144,0.00570056853285579,1,0.997065635631947
2021-02-23,0.999477392320552,0.000522607679445041,0.958542466461863,0.0414575335381365,1,0.999477392320552
2021-02-24,0.995913745777859,0.00408625422213808,0.934668998135062,0.0653310018649382,1,0.995913745777859
2021-02-25,0.99329085183072,0.00670914816927701,0.941007362434958,0.0589926375650423,1,0.99329085183072
2021-03-01,0.991383682719196,0.00861631728080068,0.857490027836751,0.142509972163249,1,0.991383682719196
2021-03-02,0.986663789424571,0.0133362105754262,0.941892573375292,0.0581074266247078,1,0.986663789424571
2021-03-03,0.988650699665659,0.0113493003343381,0.879246038189311,0.120753961810689,1,0.988650699665659
2021-03-04,0.98098979253087,0.0190102074691269,0.837832141096853,0.162167858903147,1,0.98098979253087
2021-03-08,0.978425989323943,0.0215740106760538,0.742591051181035,0.257408948818965,1,0.978425989323943
2021-03-09,0.979229065636109,0.020770934363888,0.996470079423362,0.00352992057663754,1,0.979229065636109
2021-03-10,0.987908213306963,0.0120917866930336,0.889228797764828,0.110771202235172,1,0.987908213306963
2021-03-11,0.777546478241477,0.222453521758519,0.810447686060529,0.189552313939471,1,0.777546478241477
2021-03-15,0.670534610341036,0.32946538965896,0.897104534141554,0.102895465858446,1,0.670534610341036
2021-03-16,0.588435345081257,0.41156465491874,0.775690253673251,0.224309746326749,1,0.588435345081257
2021-03-17,0.367643381744018,0.632356618255979,0.616965934557405,0.383034065442595,2,0.367643381744018
2021-03-18,0.234395938757683,0.765604061242313,0.539193766692232,0.460806233307768,2,0.234395938757683
2021-03-22,0.161177199612199,0.838822800387798,0.44133594545432,0.55866405454568,2,0.161177199612199
2021-03-23,0.103090688265933,0.896909311734063,0.287209633538191,0.712790366461809,2,0.103090688265933
2021-03-24,0.061536378595965,0.938463621404032,0.182679241392212,0.817320758607788,2,0.061536378595965
2021-03-25,0.0410676177405929,0.958932382259404,0.188759555469814,0.811240444530186,2,0.0410676177405929
2021-03-29,0.0316754668145237,0.968324533185473,0.121431458929245,0.878568541070755,2,0.0316754668145237
2021-03-30,0.0200834929083065,0.97991650709169,0.0792686039896489,0.920731396010351,2,0.0200834929083065
2021-03-31,0.0143230311154554,0.985676968884541,0.0627800951184797,0.93721990488152,2,0.0143230311154554
2021-04-06,0.0123419216511322,0.987658078348865,0.0485079464638521,0.951492053536148,2,0.0123419216511322
2021-04-07,0.0120726824208972,0.9879273175791,0.0397576530549207,0.960242346945079,2,0.0120726824208972
2021-04-08,0.0144195022060656,0.985580497793931,0.074092812245738,0.925907187754262,2,0.0144195022060656
2021-04-12,0.0208362858326588,0.979163714167338,0.0850234056785601,0.91497659432144,2,0.0208362858326588
2021-04-13,0.0222088531883403,0.977791146811657,0.0705504882295,0.9294495117705,2,0.0222088531883403
2021-04-14,0.0221437275055601,0.977856272494437,0.0511451780795361,0.948854821920464,2,0.0221437275055601
2021-04-15,0.0247530445635619,0.975246955436435,0.138520017371368,0.861479982628632,2,0.0247530445635619
2021-04-19,0.0339287504167664,0.96607124958323,0.107563066439196,0.892436933560804,2,0.0339287504167664
2021-04-20,0.0290271506360324,0.970972849363964,0.0708037498649237,0.929196250135076,2,0.0290271506360324
2021-04-21,0.0274174326321146,0.972582567367882,0.0518457112344617,0.948154288765538,2,0.0274174326321146
2021-04-22,0.0321717250313272,0.967828274968669,0.0413567762854804,0.95864322371452,2,0.0321717250313272
2021-04-26,0.0453700139466686,0.954629986053328,0.0987240740825028,0.901275925917497,2,0.0453700139466686
2021-04-27,0.0737581450364545,0.926241854963542,0.0729791773293014,0.927020822670699,2,0.0737581450364545
2021-04-28,0.086740861744053,0.913259138255944,0.0634993373020761,0.936500662697924,2,0.086740861744053
2021-04-29,0.114938035627564,0.885061964372432,0.0486334010356119,0.951366598964388,2,0.114938035627564
2021-05-03,0.162434556379031,0.837565443620966,0.0841483796560221,0.915851620343978,2,0.162434556379031
2021-05-04,0.25728615599832,0.742713844001677,0.0956827181299147,0.904317281870085,2,0.25728615599832
2021-05-05,0.33918861414616,0.660811385853837,0.0681225316715806,0.931877468328419,2,0.33918861414616
2021-05-06,0.433913674670009,0.566086325329988,0.0562522152263128,0.943747784773687,2,0.433913674670009
2021-05-10,0.615678948228661,0.384321051771335,0.886908213703155,0.113091786296845,1,0.615678948228661
2021-05-11,0.935932806808445,0.0640671931915514,0.836094772512106,0.163905227487894,1,0.935932806808445
2021-05-12,0.910070241054709,0.0899297589452879,0.662845615102535,0.337154384897465,1,0.910070241054709
2021-05-13,0.888663257532489,0.111336742467508,0.695223043362284,0.304776956637716,1,0.888663257532489
2021-05-17,0.890604174911135,0.109395825088862,0.598189478082259,0.401810521917741,1,0.890604174911135
2021-05-18,0.888730303968439,0.111269696031558,0.550215674127841,0.449784325872159,1,0.888730303968439
2021-05-19,0.898491395933157,0.10150860406684,0.824849093332268,0.175150906667733,1,0.898491395933157
2021-05-20,0.915147256786075,0.0848527432139213,0.66061806507821,0.33938193492179,1,0.915147256786075
2021-05-24,0.89793394295932,0.102066057040677,0.939297908718544,0.0607020912814559,1,0.89793394295932
2021-05-25,0.901456862156437,0.0985431378435595,0.849299846736648,0.150700153263352,1,0.901456862156437
2021-05-26,0.80995565948128,0.190044340518716,0.846516428132002,0.153483571867998,1,0.80995565948128
2021-05-27,0.748991492933333,0.251008507066664,0.813175856846638,0.186824143153363,1,0.748991492933333
2021-06-01,0.668050382596163,0.331949617403833,0.842626058085349,0.157373941914652,1,0.668050382596163
2021-06-02,0.583585724302738,0.416414275697259,0.800727097638488,0.199272902361511,1,0.583585724302738
2021-06-03,0.448590603745301,0.551409396254695,0.62105372486008,0.37894627513992,2,0.448590603745301
2021-06-07,0.31402150771583,0.685978492284166,0.620327260555907,0.379672739444093,2,0.31402150771583
2021-06-08,0.249320602003241,0.750679397996756,0.474064537482496,0.525935462517504,2,0.249320602003241
2021-06-09,0.176795689586461,0.823204310413535,0.320479056281855,0.679520943718145,2,0.176795689586461
2021-06-10,0.135485216795443,0.864514783204553,0.197617707128056,0.802382292871944,2,0.135485216795443
2021-06-15,0.117646012783173,0.882353987216823,0.172484129467543,0.827515870532457,2,0.117646012783173
2021-06-16,0.117505176100636,0.88249482389936,0.144103649833864,0.855896350166136,2,0.117505176100636
2021-06-17,0.122116565800324,0.877883434199672,0.12105871901933,0.878941280980669,2,0.122116565800324
2021-06-21,0.134018309322279,0.865981690677717,0.473143344779677,0.526856655220323,2,0.134018309322279
2021-06-22,0.155445176940722,0.844554823059274,0.474167761569936,0.525832238430064,2,0.155445176940722
2021-06-23,0.112312888729878,0.887687111270118,0.317360144599518,0.682639855400482,2,0.112312888729878
2021-06-24,0.0648904438231752,0.935109556176821,0.218525644078131,0.781474355921869,2,0.0648904438231752
2021-06-28,0.0405052939316933,0.959494706068303,0.166594363936107,0.833405636063893,2,0.0405052939316933
2021-06-29,0.02654371030855,0.973456289691446,0.107279056877382,0.892720943122618,2,0.02654371030855
2021-06-30,0.0167390226592952,0.983260977340701,0.0801960535945519,0.919803946405448,2,0.0167390226592952
2021-07-01,0.0118536755562962,0.9881463244437,0.0562410125720323,0.943758987427968,2,0.0118536755562962
2021-07-06,0.00883670171354103,0.991163298286455,0.0436965035887355,0.956303496411265,2,0.00883670171354103
2021-07-07,0.00787677593319973,0.992123224066797,0.037555096198859,0.962444903801141,2,0.00787677593319973
2021-07-08,0.00851693622705529,0.991483063772941,0.0367456065284116,0.963254393471588,2,0.00851693622705529
2021-07-12,0.010999919370343,0.989000080629653,0.0804678195439385,0.919532180456061,2,0.010999919370343
2021-07-13,0.0157318338786429,0.984268166121353,0.0577946113676493,0.942205388632351,2,0.0157318338786429
2021-07-14,0.0140938938715695,0.985906106128427,0.0442970225182473,0.955702977481753,2,0.0140938938715695
2021-07-15,0.0156006365419891,0.984399363458007,0.0560967957555563,0.943903204244444,2,0.0156006365419891
2021-07-19,0.0213587497604291,0.978641250239567,0.0815080767776727,0.918491923222327,2,0.0213587497604291
2021-07-20,0.0270686204738559,0.97293137952614,0.108884959858813,0.891115040141187,2,0.0270686204738559
2021-07-21,0.0293569844332312,0.970643015566765,0.0801981497479896,0.91980185025201,2,0.0293569844332312
2021-07-22,0.027632701330769,0.972367298669227,0.0677016617108914,0.932298338289109,2,0.027632701330769
2021-07-26,0.0303900421088633,0.969609957891132,0.059706916837364,0.940293083162636,2,0.0303900421088633
2021-07-27,0.037210739659732,0.962789260340263,0.0756096556286877,0.924390344371312,2,0.037210739659732
2021-07-28,0.0498445947487947,0.950155405251201,0.0588416131343979,0.941158386865602,2,0.0498445947487947
2021-07-29,0.0622227234040359,0.93777727659596,0.0637176423938107,0.936282357606189,2,0.0622227234040359
2021-08-02,0.0878356037297465,0.912164396270249,0.131045757172617,0.868954242827383,2,0.0878356037297465
2021-08-03,0.122520914269183,0.877479085730812,0.104247789526514,0.895752210473486,2,0.122520914269183
2021-08-04,0.138096297335709,0.861903702664287,0.0849617623219893,0.915038237678011,2,0.138096297335709
2021-08-05,0.167360395276799,0.832639604723196,0.135493031099723,0.864506968900277,2,0.167360395276799
2021-08-09,0.217321414457744,0.782678585542252,0.226142813036524,0.773857186963476,2,0.217321414457744
2021-08-10,0.251720667964879,0.748279332035116,0.144148734254761,0.855851265745239,2,0.251720667964879
2021-08-11,0.263946391282591,0.736053608717405,0.0993198704766958,0.900680129523304,2,0.263946391282591
2021-08-12,0.304058465349395,0.695941534650601,0.0663894313124963,0.933610568687504,2,0.304058465349395
2021-08-16,0.384278589137528,0.615721410862467,0.0961438841230403,0.90385611587696,2,0.384278589137528
2021-08-17,0.549166666259214,0.450833333740781,0.0923917981008608,0.907608201899139,1,0.549166666259214
2021-08-18,0.70693053859262,0.293069461407376,0.307127337172097,0.692872662827903,1,0.70693053859262
2021-08-19,0.921842109121374,0.078157890878622,0.990789906374247,0.0092100936257533,1,0.921842109121374
2021-08-23,0.985991480720451,0.0140085192795441,0.902993592484833,0.0970064075151674,1,0.985991480720451
2021-08-24,0.894401066623356,0.10559893337664,0.785501458759001,0.214498541240999,1,0.894401066623356
2021-08-25,0.837759575894867,0.162240424105128,0.734785054729502,0.265214945270498,1,0.837759575894867
2021-08-26,0.809216631097105,0.190783368902891,0.62967151157084,0.37032848842916,1,0.809216631097105
2021-08-30,0.786610990759086,0.213389009240909,0.881361404145236,0.118638595854764,1,0.786610990759086
2021-08-31,0.779533189249705,0.220466810750291,0.762047468566999,0.237952531433001,1,0.779533189249705
2021-09-01,0.6819831913687,0.318016808631296,0.76890732804087,0.23109267195913,1,0.6819831913687
2021-09-02,0.625948782795985,0.374051217204011,0.587164876318323,0.412835123681677,1,0.625948782795985
2021-09-07,0.554858982300015,0.445141017699981,0.454194232352741,0.545805767647259,1,0.554858982300015
2021-09-08,0.527816223194625,0.47218377680537,0.309999268554099,0.690000731445901,1,0.527816223194625
2021-09-09,0.523204308221602,0.476795691778393,0.269112496167422,0.730887503832578,1,0.523204308221602
2021-09-13,0.546184113948034,0.453815886051961,0.229570290679282,0.770429709320718,1,0.546184113948034
2021-09-14,0.582099420627292,0.417900579372703,0.142357526785906,0.857642473214094,1,0.582099420627292
2021-09-15,0.635421923844366,0.364578076155629,0.19714249114971,0.80285750885029,1,0.635421923844366
2021-09-16,0.751232118503289,0.248767881496706,0.143360984633703,0.856639015366297,1,0.751232118503289
2021-09-20,0.843546041939024,0.156453958060971,0.999999895240362,1.04759637856417e-07,1,0.843546041939024
2021-09-21,0.999999919376574,8.06234213470096e-08,0.895373183318755,0.104626816681245,1,0.999999919376574
2021-09-22,0.954052527151095,0.0459474728489008,0.912584625797658,0.0874153742023417,1,0.954052527151095
2021-09-23,0.934810949683198,0.0651890503167977,0.761660683379304,0.238339316620695,1,0.934810949683198
2021-09-27,0.89693674558778,0.103063254412216,0.578926122498774,0.421073877501226,1,0.89693674558778
2021-09-28,0.886708307336385,0.113291692663611,0.861217000143102,0.138782999856898,1,0.886708307336385
2021-09-29,0.898568447498468,0.101431552501527,0.715636940143952,0.284363059856048,1,0.898568447498468
2021-09-30,0.865452824193246,0.13454717580675,0.739774098447484,0.260225901552516,1,0.865452824193246
2021-10-04,0.856493748426314,0.143506251573681,0.927081413786158,0.0729185862138421,1,0.856493748426314
2021-10-05,0.841860181767212,0.158139818232784,0.783181586645346,0.216818413354654,1,0.841860181767212
2021-10-06,0.720158134505969,0.279841865494027,0.621731028283878,0.378268971716122,1,0.720158134505969
2021-10-07,0.664323018120816,0.33567698187918,0.75289745346652,0.24710254653348,1,0.664323018120816
2021-10-11,0.643203529549802,0.356796470450194,0.704440941402324,0.295559058597676,1,0.643203529549802
2021-10-12,0.58268973706402,0.417310262935976,0.867013328208729,0.132986671791271,1,0.58268973706402
2021-10-13,0.528734730518249,0.471265269481747,0.751754401440679,0.248245598559321,1,0.528734730518249
2021-10-14,0.340226108080988,0.659773891919008,0.610200100419962,0.389799899580038,2,0.340226108080988
2021-10-18,0.218805669916738,0.781194330083258,0.472459285932559,0.527540714067441,2,0.218805669916738
2021-10-19,0.145988042640812,0.854011957359184,0.307070202548474,0.692929797451526,2,0.145988042640812
2021-10-20,0.102108025895552,0.897891974104443,0.206275277898509,0.793724722101491,2,0.102108025895552
2021-10-21,0.0829831102260855,0.91701688977391,0.181939296418998,0.818060703581002,2,0.0829831102260855
2021-10-25,0.0764767509619172,0.923523249038078,0.123482391977349,0.876517608022651,2,0.0764767509619172
2021-10-26,0.0727570694502343,0.927242930549761,0.146034180740004,0.853965819259996,2,0.0727570694502343
2021-10-27,0.0790416748642837,0.920958325135712,0.107905752883798,0.892094247116202,2,0.0790416748642837
2021-10-28,0.0819926073267631,0.918007392673232,0.10183799831202,0.89816200168798,2,0.0819926073267631
2021-11-01,0.0945511657959697,0.905448834204026,0.0962853313823612,0.903714668617639,2,0.0945511657959697
2021-11-02,0.112531842670154,0.887468157329842,0.0958523701559069,0.904147629844093,2,0.112531842670154
2021-11-03,0.138000000161235,0.861999999838761,0.0755401625066824,0.924459837493318,2,0.138000000161235
2021-11-04,0.171398982622701,0.828601017377294,0.0544866244591306,0.945513375540869,2,0.171398982622701
2021-11-08,0.231150660423121,0.768849339576875,0.0536687435085856,0.946331256491414,2,0.231150660423121
2021-11-09,0.352100498950583,0.647899501049413,0.0929949312996137,0.907005068700386,2,0.352100498950583
2021-11-10,0.542323221693067,0.457676778306928,0.447854231721685,0.552145768278315,1,0.542323221693067
2021-11-11,0.704064033030712,0.295935966969283,0.507888772874642,0.492111227125358,1,0.704064033030712
2021-11-15,0.716913572225924,0.283086427774071,0.463092778297498,0.536907221702502,1,0.716913572225924
2021-11-16,0.721178151761943,0.278821848238052,0.380279983490856,0.619720016509144,1,0.721178151761943
2021-11-17,0.733074019124499,0.266925980875497,0.241388922076367,0.758611077923633,1,0.733074019124499
2021-11-18,0.760936750041316,0.239063249958679,0.160525925018365,0.839474074981635,1,0.760936750041316
2021-11-22,0.831582257527343,0.168417742472652,0.993721013229154,0.00627898677084569,1,0.831582257527343
2021-11-23,0.966102603955765,0.0338973960442302,0.880446878603173,0.119553121396826,1,0.966102603955765
2021-11-24,0.634348382666978,0.365651617333017,0.76959001345735,0.23040998654265,1,0.634348382666978
2021-11-29,0.470020019528279,0.529979980471716,0.758111391903476,0.241888608096525,2,0.470020019528279
2021-11-30,0.3641544941643,0.635845505835696,0.673686311116465,0.326313688883535,2,0.3641544941643
2021-12-01,0.243266114136475,0.75673388586352,0.515271453415428,0.484728546584572,2,0.243266114136475
2021-12-02,0.148745363377609,0.851254636622386,0.349720397120006,0.650279602879994,2,0.148745363377609
2021-12-06,0.0954455245047421,0.904554475495253,0.217194228639206,0.782805771360794,2,0.0954455245047421
2021-12-07,0.0691383067432249,0.93086169325677,0.253933654923462,0.746066345076537,2,0.0691383067432249
2021-12-08,0.0591561718627927,0.940843828137203,0.157966019352702,0.842033980647298,2,0.0591561718627927
2021-12-09,0.0429367616646906,0.957063238335305,0.102916615893652,0.897083384106348,2,0.0429367616646906
2021-12-13,0.0371195019023133,0.962880498097682,0.201969894346339,0.798030105653661,2,0.0371195019023133
2021-12-14,0.0385219425937955,0.9614780574062,0.125846839633961,0.874153160366039,2,0.0385219425937955
2021-12-15,0.0263349145337511,0.973665085466245,0.0812856382428035,0.918714361757197,2,0.0263349145337511
2021-12-16,0.0214740732920269,0.978525926707969,0.0620039224743289,0.937996077525671,2,0.0214740732920269
2021-12-20,0.0217878173374447,0.978212182662551,0.124148565923832,0.875851434076168,2,0.0217878173374447
2021-12-21,0.0261686796556228,0.973831320344373,0.120059179239233,0.879940820760767,2,0.0261686796556228
2021-12-22,0.0214926424403782,0.978507357559617,0.0830605484211962,0.916939451578804,2,0.0214926424403782
2021-12-23,0.0162377770600027,0.983762222939993,0.0574608228230619,0.942539177176938,2,0.0162377770600027
2021-12-28,0.0144002595672342,0.985599740432761,0.044280680722705,0.955719319277295,2,0.0144002595672342
2021-12-29,0.0161327399843544,0.983867260015641,0.0375631956778454,0.962436804322155,2,0.0161327399843544
2021-12-30,0.02225673788076,0.977743262119236,0.0340168927911575,0.965983107208843,2,0.02225673788076
2022-01-03,0.035772182424794,0.964227817575202,0.045489198440056,0.954510801559944,2,0.035772182424794
2022-01-04,0.0634583215707466,0.936541678429249,0.0392801152354865,0.960719884764513,2,0.0634583215707466
2022-01-05,0.100406126259513,0.899593873740483,0.0351018141822461,0.964898185817754,2,0.100406126259513
2022-01-06,0.172946433195227,0.827053566804769,0.0820288508983699,0.91797114910163,2,0.172946433195227
2022-01-10,0.317658403278057,0.682341596721939,0.143573948073453,0.856426051926547,2,0.317658403278057
2022-01-11,0.423714124008547,0.576285875991448,0.0899536248994175,0.910046375100583,2,0.423714124008547
2022-01-12,0.496011578607107,0.503988421392888,0.257391919022909,0.742608080977091,2,0.496011578607107
2022-01-13,0.648954667733579,0.351045332266416,0.167102804564421,0.832897195435579,1,0.648954667733579
2022-01-18,0.700187795505449,0.299812204494546,0.166520721100652,0.833479278899348,1,0.700187795505449
2022-01-19,0.805754050681778,0.194245949318218,0.433398804592362,0.566601195407638,1,0.805754050681778
2022-01-20,0.929943630393826,0.0700563696061695,0.814048227752503,0.185951772247497,1,0.929943630393826
2022-01-24,0.966079320168908,0.0339206798310873,0.912105917689978,0.0878940823100224,1,0.966079320168908
2022-01-26,0.965504093845192,0.0344959061548036,0.792657007309931,0.207342992690069,1,0.965504093845192
2022-01-27,0.947925053385702,0.0520749466142939,0.747818801437099,0.252181198562901,1,0.947925053385702
2022-01-31,0.944981190491592,0.0550188095084038,0.783640218760765,0.216359781239235,1,0.944981190491592
2022-02-01,0.946460008565239,0.053539991434757,0.790189419559374,0.209810580440626,1,0.946460008565239
2022-02-02,0.944246883521882,0.0557531164781134,0.82655856602834,0.17344143397166,1,0.944246883521882
2022-02-03,0.940696541958525,0.059303458041471,0.650623043618332,0.349376956381668,1,0.940696541958525
2022-02-07,0.930955026916034,0.0690449730839616,0.862767249441991,0.137232750558008,1,0.930955026916034
2022-02-08,0.940167140438589,0.0598328595614072,0.827502943854494,0.172497056145506,1,0.940167140438589
2022-02-09,0.923116026385594,0.0768839736144018,0.764477955861913,0.235522044138087,1,0.923116026385594
2022-02-10,0.907789027437048,0.0922109725629484,0.714699935313448,0.285300064686552,1,0.907789027437048
2022-02-14,0.899441147634776,0.10055885236522,0.880319403583957,0.119680596416043,1,0.899441147634776
2022-02-15,0.896478191084037,0.103521808915959,0.773380616386026,0.226619383613974,1,0.896478191084037
2022-02-16,0.854427775478081,0.145572224521915,0.592123188169012,0.407876811830988,1,0.854427775478081
2022-02-17,0.832676503627782,0.167323496372214,0.480156256064673,0.519843743935327,1,0.832676503627782
2022-02-22,0.83668745286492,0.163312547135076,0.327074352940175,0.672925647059825,1,0.83668745286492
2022-02-23,0.856774425976547,0.143225574023449,0.637609772260109,0.362390227739891,1,0.856774425976547
2022-02-24,0.908641011388055,0.0913589886119413,0.450769975338417,0.549230024661583,1,0.908641011388055
2022-02-28,0.916279756216686,0.0837202437833099,0.466262106006079,0.533737893993921,1,0.916279756216686
2022-03-01,0.94833244349236,0.0516675565076365,0.850150036473109,0.149849963526891,1,0.94833244349236
2022-03-02,0.981016292044079,0.0189837079559174,0.935507806940885,0.0644921930591146,1,0.981016292044079
2022-03-03,0.981551275064838,0.0184487249351583,0.814474517317465,0.185525482682535,1,0.981551275064838
2022-03-07,0.968866744056715,0.0311332559432808,0.931334841381235,0.068665158618765,1,0.968866744056715
2022-03-08,0.969037924651977,0.0309620753480194,0.788240248394441,0.211759751605559,1,0.969037924651977
2022-03-09,0.946945289299748,0.0530547107002483,0.808397301353433,0.191602698646567,1,0.946945289299748
2022-03-10,0.944296853563402,0.0557031464365942,0.632161362093976,0.367838637906024,1,0.944296853563402
2022-03-14,0.93835218157018,0.0616478184298159,0.984829359956263,0.0151706400437366,1,0.93835218157018
2022-03-15,0.950434194765463,0.0495658052345333,0.869602831957564,0.130397168042436,1,0.950434194765463
2022-03-16,0.752453243234802,0.247546756765195,0.833987158988762,0.166012841011238,1,0.752453243234802
2022-03-17,0.654234313261037,0.345765686738959,0.731584242331067,0.268415757668933,1,0.654234313261037
2022-03-21,0.550818300650101,0.449181699349896,0.8648041471681,0.1351958528319,1,0.550818300650101
2022-03-22,0.481135304211384,0.518864695788612,0.702668603077613,0.297331396922387,2,0.481135304211384
2022-03-23,0.276920212534136,0.723079787465861,0.554078478891536,0.445921521108464,2,0.276920212534136
2022-03-24,0.173394195665662,0.826605804334335,0.408701550819098,0.591298449180902,2,0.173394195665662
2022-03-28,0.112575166845484,0.887424833154513,0.276938398246548,0.723061601753452,2,0.112575166845484
2022-03-29,0.0779844933243852,0.922015506675611,0.172186553208409,0.827813446791591,2,0.0779844933243852
2022-03-30,0.0607173654215323,0.939282634578464,0.262151937094242,0.737848062905758,2,0.0607173654215323
2022-03-31,0.0559444914134768,0.94405550858652,0.191402381142365,0.808597618857635,2,0.0559444914134768
2022-04-04,0.0382596170039853,0.961740382996011,0.133145593244722,0.866854406755278,2,0.0382596170039853
2022-04-05,0.0273403003266424,0.972659699673354,0.0881648999666051,0.911835100033395,2,0.0273403003266424
2022-04-06,0.0217563248277639,0.978243675172233,0.0683197751004257,0.931680224899574,2,0.0217563248277639
2022-04-07,0.0210226773870289,0.978977322612967,0.050095114136885,0.949904885863115,2,0.0210226773870289
2022-04-11,0.02362253389817,0.976377466101826,0.0460439069460432,0.953956093053957,2,0.02362253389817
2022-04-12,0.0325096788022828,0.967490321197713,0.0383422508073304,0.96165774919267,2,0.0325096788022828
2022-04-13,0.0487459012579723,0.951254098742024,0.0383200469285226,0.961679953071477,2,0.0487459012579723
2022-04-14,0.0826651455422437,0.917334854457753,0.0373053768320731,0.962694623167927,2,0.0826651455422437
2022-04-19,0.14329655791418,0.856703442085816,0.0369817593167403,0.96301824068326,2,0.14329655791418
2022-04-20,0.254854584650171,0.745145415349825,0.0518492915511293,0.948150708448871,2,0.254854584650171
2022-04-21,0.458517273277152,0.541482726722844,0.0730032350062998,0.9269967649937,2,0.458517273277152
2022-04-26,0.717273581071611,0.282726418928386,0.999797328234613,0.000202671765386969,1,0.717273581071611
2022-04-27,0.999977205815572,2.27941844244745e-05,0.903415383536449,0.0965846164635512,1,0.999977205815572
2022-04-28,0.994918982729461,0.00508101727053491,0.993323301047891,0.0066766989521086,1,0.994918982729461
2022-05-02,0.997181627834408,0.0028183721655884,0.879669488346993,0.120330511653007,1,0.997181627834408
2022-05-03,0.973224667134106,0.0267753328658901,0.869983034172531,0.130016965827469,1,0.973224667134106
2022-05-04,0.967015129060701,0.0329848709392951,0.754073324714058,0.245926675285942,1,0.967015129060701
2022-05-05,0.959582269948983,0.0404177300510135,0.624461221174035,0.375538778825965,1,0.959582269948983
2022-05-09,0.963379680080627,0.0366203199193695,0.944582733735374,0.0554172662646256,1,0.963379680080627
2022-05-10,0.979398479154029,0.0206015208459675,0.943273448742483,0.0567265512575167,1,0.979398479154029
2022-05-11,0.961191139398914,0.0388088606010819,0.886891433052878,0.113108566947122,1,0.961191139398914
2022-05-12,0.924622786525641,0.0753772134743551,0.860921398667641,0.139078601332359,1,0.924622786525641
2022-05-16,0.893160434375318,0.106839565624678,0.699597774578311,0.300402225421689,1,0.893160434375318
2022-05-17,0.858021900625258,0.141978099374738,0.596363646494158,0.403636353505842,1,0.858021900625258
2022-05-18,0.850292167066519,0.149707832933477,0.597786094100467,0.402213905899532,1,0.850292167066519
2022-05-19,0.855782023310984,0.144217976689012,0.57064580287151,0.42935419712849,1,0.855782023310984
2022-05-23,0.861728442228625,0.138271557771371,0.892708834094286,0.107291165905714,1,0.861728442228625
2022-05-24,0.871856141901224,0.128143858098772,0.734693644059025,0.265306355940975,1,0.871856141901224
2022-05-25,0.810220045302203,0.189779954697793,0.556733919436282,0.443266080563718,1,0.810220045302203
2022-05-26,0.787822096042351,0.212177903957645,0.535307892717175,0.464692107282825,1,0.787822096042351
2022-05-31,0.791861898599023,0.208138101400972,0.661076531766913,0.338923468233087,1,0.791861898599023
2022-06-01,0.799450359264415,0.20054964073558,0.58912493581193,0.41087506418807,1,0.799450359264415
2022-06-02,0.789017575481189,0.210982424518807,0.44124405437054,0.55875594562946,1,0.789017575481189
2022-06-06,0.788427354874873,0.211572645125123,0.505709169626166,0.494290830373834,1,0.788427354874873
2022-06-07,0.810196538745025,0.189803461254971,0.33725935108549,0.66274064891451,1,0.810196538745025
2022-06-08,0.823941259005755,0.176058740994241,0.334748920571745,0.665251079428255,1,0.823941259005755
2022-06-09,0.869971417946266,0.13002858205373,0.269474990971835,0.730525009028165,1,0.869971417946266
2022-06-14,0.921097280654728,0.0789027193452682,0.993226920994903,0.00677307900509676,1,0.921097280654728
2022-06-15,0.9985680671669,0.001431932833096,0.880002317412157,0.119997682587843,1,0.9985680671669
2022-06-16,0.987641874552058,0.0123581254479383,0.72008001990647,0.27991998009353,1,0.987641874552058
2022-06-21,0.988075302014858,0.0119246979851381,0.999990014576437,9.98542356325527e-06,1,0.988075302014858
2022-06-22,0.999997015924876,2.98407512021105e-06,0.892406724084065,0.107593275915935,1,0.999997015924876
2022-06-23,0.983336950414977,0.0166630495850188,0.826337914181235,0.173662085818765,1,0.983336950414977
2022-06-27,0.980292459155269,0.0197075408447272,0.78313346238487,0.21686653761513,1,0.980292459155269
2022-06-28,0.982720423724581,0.0172795762754145,0.904500333638243,0.0954996663617567,1,0.982720423724581
2022-06-29,0.989165966286292,0.0108340337137042,0.77256593814152,0.22743406185848,1,0.989165966286292
2022-06-30,0.987919433378317,0.0120805666216793,0.946817183572056,0.0531828164279438,1,0.987919433378317
2022-07-05,0.996295459080362,0.00370454091963384,0.892488617098017,0.107511382901983,1,0.996295459080362
2022-07-06,0.995849525751318,0.00415047424867774,0.999029213290329,0.000970786709670568,1,0.995849525751318
2022-07-07,0.999351756655151,0.000648243344845342,0.987008505370889,0.0129914946291112,1,0.999351756655151
2022-07-11,0.959808855226914,0.0401911447730816,0.93999020012121,0.0600097998787904,1,0.959808855226914
2022-07-12,0.772016472058794,0.227983527941201,0.805336361319255,0.194663638680744,1,0.772016472058794
2022-07-13,0.552434042391169,0.447565957608827,0.651999030720026,0.348000969279974,1,0.552434042391169
2022-07-14,0.441597398376018,0.558402601623977,0.587811032510092,0.412188967489908,2,0.441597398376018
2022-07-18,0.383616106827482,0.616383893172514,0.529872836579819,0.470127163420181,2,0.383616106827482
2022-07-19,0.336847758389543,0.663152241610453,0.353020609278258,0.646979390721742,2,0.336847758389543
2022-07-20,0.299013333675887,0.700986666324109,0.473809524136963,0.526190475863037,2,0.299013333675887
2022-07-21,0.291484135822392,0.708515864177604,0.389867875336737,0.610132124663263,2,0.291484135822392
2022-07-25,0.261055748363328,0.738944251636668,0.360242593410092,0.639757406589908,2,0.261055748363328
2022-07-26,0.243463353679195,0.7565366463208,0.358188758844399,0.641811241155601,2,0.243463353679195
2022-07-27,0.229416680528553,0.770583319471443,0.420527512019626,0.579472487980374,2,0.229416680528553
2022-07-28,0.214401257725507,0.785598742274489,0.37916970702777,0.62083029297223,2,0.214401257725507
2022-08-01,0.187018285287115,0.812981714712881,0.237253340477849,0.762746659522151,2,0.187018285287115
2022-08-02,0.16444278687435,0.835557213125646,0.208653723970382,0.791346276029618,2,0.16444278687435
2022-08-03,0.163419072061237,0.836580927938759,0.127526686095243,0.872473313904757,2,0.163419072061237
2022-08-04,0.167671359870262,0.832328640129733,0.121418742606352,0.878581257393648,2,0.167671359870262
2022-08-08,0.194493838475062,0.805506161524934,0.678531172954435,0.321468827045565,2,0.194493838475062
2022-08-09,0.230155946093568,0.769844053906428,0.499793956184977,0.500206043815023,2,0.230155946093568
2022-08-10,0.131415381474587,0.868584618525409,0.353106018317306,0.646893981682694,2,0.131415381474587
2022-08-11,0.0800905275750688,0.919909472424927,0.249723933853944,0.750276066146056,2,0.0800905275750688
2022-08-15,0.0517934556714617,0.948206544328534,0.153561047470062,0.846438952529938,2,0.0517934556714617
2022-08-16,0.0352675421195024,0.964732457880494,0.160967336837682,0.839032663162318,2,0.0352675421195024
2022-08-17,0.0286299088971416,0.971370091102854,0.0997387775433416,0.900261222456659,2,0.0286299088971416
2022-08-18,0.0198569131749531,0.980143086825043,0.0662562200110581,0.933743779988942,2,0.0198569131749531
2022-08-22,0.0168210697214456,0.98317893027855,0.0500850296597524,0.949914970340248,2,0.0168210697214456
2022-08-23,0.0179871900261195,0.982012809973876,0.0410236750101677,0.958976324989832,2,0.0179871900261195
2022-08-24,0.0235138351423032,0.976486164857693,0.0359593085408022,0.964040691459198,2,0.0235138351423032
2022-08-25,0.0361689498705602,0.963831050129436,0.033363420559213,0.966636579440787,2,0.0361689498705602
2022-08-29,0.062296656514906,0.93770334348509,0.0360248077969278,0.963975192203072,2,0.062296656514906
2022-08-30,0.114724172920141,0.885275827079855,0.0351758922086277,0.964824107791372,2,0.114724172920141
2022-08-31,0.206648187782054,0.793351812217942,0.0734061297573999,0.9265938702426,2,0.206648187782054
2022-09-01,0.379987738814309,0.620012261185687,0.144239341809516,0.855760658190484,2,0.379987738814309
2022-09-06,0.525636342426077,0.474363657573919,0.0992607636970874,0.900739236302913,1,0.525636342426077
2022-09-07,0.617745768575078,0.382254231424918,0.149364602895781,0.850635397104219,1,0.617745768575078
2022-09-08,0.789912939066855,0.21008706093314,0.295752003260882,0.704247996739118,1,0.789912939066855
2022-09-12,0.928639475165161,0.0713605248348344,0.993706744369873,0.00629325563012696,1,0.928639475165161
2022-09-13,0.997199644970573,0.00280035502942255,0.882780838759606,0.117219161240394,1,0.997199644970573
2022-09-14,0.971807642863296,0.0281923571366999,0.848999690460437,0.151000309539563,1,0.971807642863296
2022-09-15,0.964434176768573,0.0355658232314225,0.681450025056457,0.318549974943543,1,0.964434176768573
2022-09-19,0.959121877780687,0.0408781222193084,0.740161378243724,0.259838621756276,1,0.959121877780687
2022-09-20,0.969398056697727,0.0306019433022691,0.654991714624601,0.345008285375399,1,0.969398056697727
2022-09-21,0.976371284463834,0.0236287155361615,0.908259914449653,0.0917400855503467,1,0.976371284463834
2022-09-26,0.991414301334334,0.00858569866566195,0.977095161715802,0.0229048382841979,1,0.991414301334334
2022-09-27,0.991138298182653,0.00886170181734355,0.978993376848629,0.021006623151371,1,0.991138298182653
2022-09-28,0.970239701105763,0.0297602988942327,0.876572938118629,0.123427061881371,1,0.970239701105763
2022-09-29,0.886418629717018,0.113581370282978,0.794822113487701,0.205177886512299,1,0.886418629717018
2022-10-03,0.841609504603443,0.158390495396553,0.954812196073423,0.0451878039265774,1,0.841609504603443
2022-10-04,0.811513620855806,0.18848637914419,0.869356865808239,0.130643134191761,1,0.811513620855806
2022-10-05,0.566140853921869,0.433859146078127,0.704296319856122,0.295703680143878,1,0.566140853921869
2022-10-06,0.389431220237117,0.610568779762879,0.627277248687066,0.372722751312934,2,0.389431220237117
2022-10-10,0.303618847527137,0.696381152472859,0.441361364540104,0.558638635459895,2,0.303618847527137
2022-10-11,0.2355599456388,0.764440054361196,0.423895354070388,0.576104645929612,2,0.2355599456388
2022-10-12,0.206237668582307,0.793762331417689,0.272916651600419,0.727083348399581,2,0.206237668582307
2022-10-13,0.177485414689992,0.822514585310004,0.194368474861443,0.805631525138557,2,0.177485414689992
2022-10-17,0.171737767452271,0.828262232547725,0.15321447265354,0.84678552734646,2,0.171737767452271
2022-10-18,0.180175654673564,0.819824345326432,0.0962819196882707,0.903718080311729,2,0.180175654673564
2022-10-19,0.200680596791819,0.799319403208177,0.198861906522509,0.801138093477491,2,0.200680596791819
2022-10-20,0.252805732601061,0.747194267398936,0.135606692491597,0.864393307508403,2,0.252805732601061
2022-10-24,0.271985689329317,0.728014310670679,0.0857521616756482,0.914247838324352,2,0.271985689329317
2022-10-25,0.317916688944172,0.682083311055825,0.0590673732517052,0.940932626748295,2,0.317916688944172
2022-10-26,0.418643132834521,0.581356867165476,0.0494849703349432,0.950515029665057,2,0.418643132834521
2022-10-27,0.623455929245507,0.376544070754489,0.938866008569639,0.0611339914303613,1,0.623455929245507
2022-10-31,0.995139092721012,0.00486090727898438,0.951251096639032,0.0487489033609682,1,0.995139092721012
2022-11-01,0.994422295240771,0.00557770475922542,0.877846041413766,0.122153958586234,1,0.994422295240771
2022-11-02,0.991145525784117,0.00885447421587929,0.908352121823579,0.0916478781764204,1,0.991145525784117
2022-11-03,0.993372881478141,0.00662711852185614,0.893045185894452,0.106954814105548,1,0.993372881478141
2022-11-07,0.994308946743258,0.00569105325673867,0.974782807499738,0.0252171925002618,1,0.994308946743258
2022-11-08,0.996965108647162,0.00303489135283443,0.922791062821209,0.0772089371787911,1,0.996965108647162
2022-11-09,0.9923880869432,0.0076119130567961,0.828528524743591,0.171471475256409,1,0.9923880869432
2022-11-10,0.991212106530716,0.00878789346928074,0.976387805364073,0.0236121946359273,1,0.991212106530716
2022-11-14,0.996847225248848,0.00315277475114892,0.99790445596013,0.00209554403987004,1,0.996847225248848
2022-11-15,0.991405189285499,0.00859481071449781,0.913099268358933,0.0869007316410665,1,0.991405189285499
2022-11-16,0.738742819921046,0.261257180078951,0.84459931435594,0.15540068564406,1,0.738742819921046
2022-11-17,0.571072036616491,0.428927963383506,0.698755624112723,0.301244375887277,1,0.571072036616491
2022-11-21,0.429585303076482,0.570414696923515,0.689931205389609,0.310068794610391,2,0.429585303076482
2022-11-22,0.352759747050608,0.647240252949388,0.501352500952501,0.498647499047499,2,0.352759747050608
2022-11-23,0.267526085036533,0.732473914963464,0.353026195239221,0.646973804760779,2,0.267526085036533
2022-11-28,0.229087533858457,0.77091246614154,0.245484894807951,0.754515105192049,2,0.229087533858457
2022-11-29,0.214928217053216,0.785071782946781,0.161732544871073,0.838267455128927,2,0.214928217053216
2022-11-30,0.218480732224197,0.7815192677758,0.241872167216213,0.758127832783787,2,0.218480732224197
2022-12-01,0.243229532509058,0.756770467490939,0.20136711373109,0.79863288626891,2,0.243229532509058
2022-12-05,0.250926974831289,0.749073025168708,0.450195546986952,0.549804453013048,2,0.250926974831289
2022-12-06,0.269164610830071,0.730835389169925,0.293888837001622,0.706111162998378,2,0.269164610830071
2022-12-07,0.241266702571203,0.758733297428793,0.220560525267797,0.779439474732203,2,0.241266702571203
2022-12-08,0.238649102948729,0.761350897051268,0.288815663345482,0.711184336654518,2,0.238649102948729
2022-12-12,0.25046460583665,0.749535394163347,0.698814717024781,0.301185282975219,2,0.25046460583665
2022-12-13,0.249744588430246,0.750255411569751,0.526808271590133,0.473191728409867,2,0.249744588430246
2022-12-14,0.143830204184812,0.856169795815184,0.372506264737217,0.627493735262783,2,0.143830204184812
2022-12-15,0.0871733710636925,0.912826628936304,0.239782431286616,0.760217568713384,2,0.0871733710636925
2022-12-19,0.0564337602220958,0.943566239777901,0.172805570848208,0.827194429151792,2,0.0564337602220958
2022-12-20,0.041769947839307,0.958230052160689,0.20377545037704,0.79622454962296,2,0.041769947839307
2022-12-21,0.0337648989208404,0.966235101079156,0.124401991577413,0.875598008422587,2,0.0337648989208404
2022-12-22,0.0206831786827789,0.979316821317217,0.0801229528356627,0.919877047164337,2,0.0206831786827789
2022-12-27,0.0147033753425957,0.985296624657401,0.0698519501902212,0.930148049809779,2,0.0147033753425957
2022-12-28,0.0127398211420483,0.987260178857948,0.0616369238157622,0.938363076184238,2,0.0127398211420483
2022-12-29,0.0115213451379249,0.988478654862071,0.0492453921111114,0.950754607888889,2,0.0115213451379249
2023-01-03,0.0110503380326857,0.98894966196731,0.0492916666645544,0.950708333335446,2,0.0110503380326857
2023-01-04,0.0126100772939059,0.98738992270609,0.0401793513391894,0.959820648660811,2,0.0126100772939059
2023-01-05,0.0151067358975993,0.984893264102397,0.119666767343862,0.880333232656138,2,0.0151067358975993
2023-01-09,0.02189208183888,0.978107918161116,0.0789069241392418,0.921093075860758,2,0.02189208183888
2023-01-10,0.0167826152739011,0.983217384726095,0.076772393447974,0.923227606552026,2,0.0167826152739011
2023-01-11,0.0157689124490302,0.984231087550966,0.0871311093501127,0.912868890649887,2,0.0157689124490302
2023-01-12,0.0147043828882837,0.985295617111712,0.0596338369432707,0.940366163056729,2,0.0147043828882837
2023-01-17,0.0117705689464658,0.98822943105353,0.0623069952228632,0.937693004777137,2,0.0117705689464658
2023-01-18,0.0117585851377954,0.988241414862201,0.0808976282764765,0.919102371723524,2,0.0117585851377954
2023-01-19,0.0112911629555408,0.988708837044455,0.0572731629958338,0.942726837004166,2,0.0112911629555408
2023-01-23,0.00797930495626774,0.992020695043728,0.0449124150170286,0.955087584982971,2,0.00797930495626774
2023-01-24,0.00641433398823348,0.993585666011762,0.0407944697096564,0.959205530290343,2,0.00641433398823348
2023-01-26,0.00584345791847132,0.994156542081525,0.0359488101019969,0.964051189898003,2,0.00584345791847132
2023-01-30,0.00557761146067143,0.994422388539325,0.0357036288675329,0.964296371132467,2,0.00557761146067143
2023-01-31,0.00601296062581108,0.993987039374185,0.0349679073615625,0.965032092638437,2,0.00601296062581108
2023-02-01,0.00686611097271051,0.993133889027286,0.046438240608202,0.953561759391798,2,0.00686611097271051
2023-02-02,0.0086157931004378,0.991384206899558,0.0632853140252544,0.936714685974745,2,0.0086157931004378
2023-02-06,0.00921642101745645,0.99078357898254,0.047285672623549,0.952714327376451,2,0.00921642101745645
2023-02-07,0.00739909975535369,0.992600900244642,0.0441926484996224,0.955807351500378,2,0.00739909975535369
2023-02-08,0.00706797015228761,0.992932029847708,0.0374987916493665,0.962501208350634,2,0.00706797015228761
2023-02-09,0.00706222247288533,0.992937777527111,0.0442852880912123,0.955714711908788,2,0.00706222247288533
2023-02-13,0.0083891924956723,0.991610807504324,0.0379422369366585,0.962057763063341,2,0.0083891924956723
2023-02-14,0.00926242049028862,0.990737579509708,0.0345637007452044,0.965436299254796,2,0.00926242049028862
2023-02-15,0.012240207118229,0.987759792881767,0.0340983279347288,0.965901672065271,2,0.012240207118229
2023-02-16,0.0187891152723007,0.981210884727696,0.0323782740409358,0.967621725959064,2,0.0187891152723007
2023-02-21,0.031327895399724,0.968672104600272,0.0416301722353272,0.958369827764673,2,0.031327895399724
2023-02-22,0.0566173784132964,0.9433826215867,0.0637836379230289,0.936216362076971,2,0.0566173784132964
2023-02-23,0.0928899920991613,0.907110007900835,0.109603903429044,0.890396096570956,2,0.0928899920991613
2023-02-27,0.129874809287274,0.870125190712722,0.106058627430078,0.893941372569922,2,0.129874809287274
2023-02-28,0.154593810301645,0.845406189698351,0.173443351108368,0.826556648891632,2,0.154593810301645
2023-03-01,0.187543178812694,0.812456821187303,0.526540831045399,0.473459168954601,2,0.187543178812694
2023-03-02,0.203525193503378,0.796474806496619,0.349191618064197,0.650808381935803,2,0.203525193503378
2023-03-06,0.152966200708084,0.847033799291912,0.252211616505213,0.747788383494787,2,0.152966200708084
2023-03-07,0.13221828936605,0.867781710633946,0.167677099390154,0.832322900609846,2,0.13221828936605
2023-03-08,0.124781020046003,0.875218979953994,0.10390195855091,0.89609804144909,2,0.124781020046003
2023-03-09,0.131625428699522,0.868374571300475,0.281704291798475,0.718295708201525,2,0.131625428699522
2023-03-13,0.159242509232885,0.840757490767112,0.172423424703876,0.827576575296124,2,0.159242509232885
2023-03-14,0.150040801451285,0.849959198548712,0.1324861266519,0.8675138733481,2,0.150040801451285
2023-03-15,0.160068342348525,0.839931657651471,0.592694032213876,0.407305967786124,2,0.160068342348525
2023-03-16,0.183371059899148,0.816628940100849,0.420697182151012,0.579302817848987,2,0.183371059899148
2023-03-20,0.112139521900474,0.887860478099523,0.296836684222731,0.703163315777269,2,0.112139521900474
2023-03-21,0.075331206954494,0.924668793045503,0.191991235844796,0.808008764155204,2,0.075331206954494
2023-03-22,0.0549567503908314,0.945043249609166,0.188014644862322,0.811985355137678,2,0.0549567503908314
2023-03-23,0.0464611168709215,0.953538883129076,0.115530092753944,0.884469907246056,2,0.0464611168709215
2023-03-27,0.0372138795256701,0.962786120474327,0.0826777914595653,0.917322208540435,2,0.0372138795256701
2023-03-28,0.0364630139520139,0.963536986047983,0.0781385323910246,0.921861467608975,2,0.0364630139520139
2023-03-29,0.0418517172193968,0.9581482827806,0.0928574865882196,0.90714251341178,2,0.0418517172193968
2023-03-30,0.0503853004703091,0.949614699529688,0.180840969769055,0.819159030230945,2,0.0503853004703091
2023-04-03,0.0579093236110952,0.942090676388902,0.147052026126688,0.852947973873312,2,0.0579093236110952
2023-04-04,0.0514208860247835,0.948579113975214,0.118739119938292,0.881260880061708,2,0.0514208860247835
2023-04-05,0.0487899541880408,0.951210045811957,0.0993708577903464,0.900629142209654,2,0.0487899541880408
2023-04-06,0.0503354028496752,0.949664597150322,0.0672903476266834,0.932709652373317,2,0.0503354028496752
2023-04-11,0.0562677757736769,0.94373222422632,0.0950961810198151,0.904903818980185,2,0.0562677757736769
2023-04-12,0.0745733923836279,0.925426607616369,0.104039724984841,0.895960275015159,2,0.0745733923836279
2023-04-13,0.0889485620946754,0.911051437905322,0.0886180825543925,0.911381917445607,2,0.0889485620946754
2023-04-17,0.104601496652263,0.895398503347734,0.0650600924194741,0.934939907580526,2,0.104601496652263
2023-04-18,0.131113326995402,0.868886673004595,0.0480941883572433,0.951905811642757,2,0.131113326995402
2023-04-19,0.184522646970358,0.815477353029639,0.0431183974963265,0.956881602503674,2,0.184522646970358
2023-04-20,0.294320459572212,0.705679540427785,0.0697519716965359,0.930248028303464,2,0.294320459572212
2023-04-24,0.494673396805342,0.505326603194655,0.940466327903507,0.0595336720964929,2,0.494673396805342
2023-04-26,0.697463443131525,0.302536556868473,0.810206540842514,0.189793459157486,1,0.697463443131525
2023-04-27,0.402274491176668,0.597725508823329,0.641523000022213,0.358476999977787,2,0.402274491176668
2023-05-01,0.246086816538913,0.753913183461085,0.452348290847827,0.547651709152173,2,0.246086816538913
2023-05-02,0.165447366167934,0.834552633832064,0.327555270989835,0.672444729010165,2,0.165447366167934
2023-05-03,0.127500691182817,0.872499308817181,0.395939051025641,0.604060948974359,2,0.127500691182817
2023-05-04,0.107762010020164,0.892237989979833,0.307745083733485,0.692254916266515,2,0.107762010020164
2023-05-08,0.0749768905634498,0.925023109436548,0.251018927137408,0.748981072862592,2,0.0749768905634498
2023-05-09,0.0529975942984957,0.947002405701502,0.160379209014419,0.839620790985581,2,0.0529975942984957
2023-05-10,0.0364439559436117,0.963556044056386,0.100133360839133,0.899866639160867,2,0.0364439559436117
2023-05-11,0.029136941928416,0.970863058071581,0.100464619038056,0.899535380961944,2,0.029136941928416
2023-05-15,0.0287406477302062,0.971259352269791,0.0667118632370069,0.933288136762993,2,0.0287406477302062
2023-05-16,0.0281751647015969,0.9718248352984,0.0490444586437017,0.950955541356298,2,0.0281751647015969
2023-05-17,0.034289568003109,0.965710431996888,0.0418855893663389,0.958114410633661,2,0.034289568003109
2023-05-18,0.0500691861465173,0.94993081385348,0.045034698535287,0.954965301464713,2,0.0500691861465173
2023-05-22,0.0813662136235265,0.918633786376471,0.0385094765917574,0.961490523408243,2,0.0813662136235265
2023-05-23,0.13071215638794,0.869287843612057,0.0361261201258486,0.963873879874151,2,0.13071215638794
2023-05-24,0.228614310071222,0.771385689928776,0.1176201871598,0.8823798128402,2,0.228614310071222
2023-05-25,0.415460345075321,0.584539654924676,0.144831165395383,0.855168834604617,2,0.415460345075321
2023-05-30,0.507214968508727,0.492785031491271,0.423433257059303,0.576566742940698,1,0.507214968508727
2023-05-31,0.595189513470345,0.404810486529652,0.617808091333805,0.382191908666196,1,0.595189513470345
2023-06-01,0.6022658500591,0.397734149940897,0.435647001747821,0.564352998252179,1,0.6022658500591
2023-06-05,0.574249710510161,0.425750289489836,0.878360842502982,0.121639157497018,1,0.574249710510161
2023-06-06,0.577225106154652,0.422774893845345,0.72970920658262,0.27029079341738,1,0.577225106154652
2023-06-07,0.390084727589311,0.609915272410686,0.545271129132276,0.454728870867724,2,0.390084727589311
2023-06-08,0.291715913776734,0.708284086223264,0.452655922333815,0.547344077666185,2,0.291715913776734
2023-06-13,0.245639999432827,0.75436000056717,0.291468607246044,0.708531392753956,2,0.245639999432827
2023-06-14,0.215083487112121,0.784916512887877,0.570027866921698,0.429972133078302,2,0.215083487112121
2023-06-15,0.21015559982982,0.789844400170177,0.491739282928519,0.508260717071481,2,0.21015559982982
2023-06-20,0.148822769084855,0.851177230915142,0.321573312482159,0.678426687517841,2,0.148822769084855
2023-06-21,0.101018343421726,0.898981656578271,0.260478447650948,0.739521552349052,2,0.101018343421726
2023-06-22,0.0795958811605527,0.920404118839445,0.264946775266072,0.735053224733928,2,0.0795958811605527
2023-06-26,0.0648316337498763,0.935168366250121,0.203649262774847,0.796350737225153,2,0.0648316337498763
2023-06-27,0.0477744877907392,0.952225512209258,0.198777059385529,0.801222940614471,2,0.0477744877907392
2023-06-28,0.0366886200937087,0.963311379906288,0.125253579707794,0.874746420292206,2,0.0366886200937087
2023-06-29,0.0246303646534351,0.975369635346562,0.0861070357566355,0.913892964243365,2,0.0246303646534351
2023-07-03,0.0194553644140784,0.980544635585919,0.0628981824682981,0.937101817531702,2,0.0194553644140784
2023-07-05,0.0182735621618217,0.981726437838175,0.0533156662618009,0.946684333738199,2,0.0182735621618217
2023-07-06,0.02078060945747,0.979219390542527,0.0716387303691298,0.92836126963087,2,0.02078060945747
2023-07-10,0.0269741246154436,0.973025875384553,0.122249018912502,0.877750981087498,2,0.0269741246154436
2023-07-11,0.0313469904420103,0.968653009557987,0.107238299812224,0.892761700187776,2,0.0313469904420103
2023-07-12,0.0281436499806831,0.971856350019314,0.108818690775186,0.891181309224814,2,0.0281436499806831
2023-07-13,0.0263452172641765,0.973654782735821,0.109255432922723,0.890744567077277,2,0.0263452172641765
2023-07-17,0.0238295037054062,0.976170496294591,0.0730597525139674,0.926940247486033,2,0.0238295037054062
2023-07-18,0.0205836026430247,0.979416397356973,0.0535114558276182,0.946488544172382,2,0.0205836026430247
2023-07-19,0.0220512393775494,0.977948760622448,0.0503104630573834,0.949689536942617,2,0.0220512393775494
2023-07-20,0.0288954033877575,0.97110459661224,0.0416272007265251,0.958372799273475,2,0.0288954033877575
2023-07-24,0.0408384329038755,0.959161567096122,0.0459812863137563,0.954018713686244,2,0.0408384329038755
2023-07-25,0.0657131437075454,0.934286856292452,0.227788969506451,0.772211030493549,2,0.0657131437075454
2023-07-26,0.10363555279324,0.896364447206757,0.204714775210506,0.795285224789494,2,0.10363555279324
2023-07-27,0.0965812351197303,0.903418764880267,0.301012863787491,0.698987136212509,2,0.0965812351197303
2023-07-31,0.0922244163230926,0.907775583676905,0.329827242397122,0.670172757602879,2,0.0922244163230926
2023-08-01,0.0729894692095447,0.927010530790453,0.212787864289225,0.787212135710775,2,0.0729894692095447
2023-08-02,0.0475696545480238,0.952430345451974,0.172757239552846,0.827242760447154,2,0.0475696545480238
2023-08-03,0.035279093630906,0.964720906369092,0.142598736987452,0.857401263012548,2,0.035279093630906
2023-08-07,0.0262043607792877,0.97379563922071,0.0903704059058121,0.909629594094188,2,0.0262043607792877
2023-08-08,0.0191988747378463,0.980801125262151,0.0620968574750511,0.937903142524949,2,0.0191988747378463
2023-08-09,0.0172898655910555,0.982710134408942,0.0465978517150486,0.953402148284951,2,0.0172898655910555
2023-08-10,0.0194992790488599,0.980500720951138,0.039316470527367,0.960683529472633,2,0.0194992790488599
2023-08-14,0.0270695508698173,0.97293044913018,0.150045304304531,0.849954695695469,2,0.0270695508698173
2023-08-15,0.0433360125629481,0.95666398743705,0.0938090601620391,0.906190939837961,2,0.0433360125629481
2023-08-16,0.0387001904777034,0.961299809522294,0.222134596404088,0.777865403595912,2,0.0387001904777034
2023-08-17,0.0423538765786917,0.957646123421306,0.136385077257921,0.863614922742079,2,0.0423538765786917
2023-08-21,0.0281855488797372,0.97181445112026,0.0918912359975481,0.908108764002452,2,0.0281855488797372
2023-08-22,0.0223660668411998,0.977633933158798,0.0621340924642273,0.937865907535773,2,0.0223660668411998
2023-08-23,0.021240931277358,0.97875906872264,0.0892446226806155,0.910755377319384,2,0.021240931277358
2023-08-24,0.0253288106784918,0.974671189321506,0.0605754630689164,0.939424536931084,2,0.0253288106784918
2023-08-28,0.0255925721802898,0.974407427819708,0.0970543183839547,0.902945681616045,2,0.0255925721802898
2023-08-29,0.0321947621443451,0.967805237855653,0.100170170633412,0.899829829366588,2,0.0321947621443451
2023-08-30,0.0332314142016248,0.966768585798373,0.155016240629942,0.844983759370058,2,0.0332314142016248
2023-08-31,0.0340170662241287,0.965982933775869,0.0964774598694319,0.903522540130568,2,0.0340170662241287
2023-09-05,0.0269591925220181,0.97304080747798,0.0900626522493932,0.909937347750607,2,0.0269591925220181
2023-09-06,0.0265202558372911,0.973479744162707,0.0610882113349485,0.938911788665052,2,0.0265202558372911
2023-09-07,0.0270302930565364,0.972969706943462,0.120417510280212,0.879582489719788,2,0.0270302930565364
2023-09-11,0.0341855429149764,0.965814457085022,0.0831629662126996,0.9168370337873,2,0.0341855429149764
2023-09-12,0.0319263956145652,0.968073604385433,0.0749249932714657,0.925075006728534,2,0.0319263956145652
2023-09-13,0.0356019787332638,0.964398021266734,0.0672268380699421,0.932773161930058,2,0.0356019787332638
2023-09-14,0.0426192531423582,0.95738074685764,0.0934563512356942,0.906543648764306,2,0.0426192531423582
2023-09-18,0.0549504640641899,0.945049535935808,0.281377601209155,0.718622398790845,2,0.0549504640641899
2023-09-19,0.0637474038042957,0.936252596195702,0.210514512969221,0.789485487030779,2,0.0637474038042957
2023-09-20,0.0443194909461238,0.955680509053874,0.169003915090673,0.830996084909327,2,0.0443194909461238
2023-09-21,0.0318752124824446,0.968124787517553,0.119161230895078,0.880838769104922,2,0.0318752124824446
2023-09-25,0.022692490072498,0.9773075099275,0.0841338339456324,0.915866166054368,2,0.022692490072498
2023-09-26,0.0178406598847734,0.982159340115225,0.110731031280069,0.889268968719931,2,0.0178406598847734
2023-09-27,0.0164053574297107,0.983594642570288,0.0753824386825766,0.924617561317423,2,0.0164053574297107
2023-09-28,0.0110155429001992,0.988984457099799,0.0603557346193346,0.939644265380665,2,0.0110155429001992
2023-10-02,0.00831284410168633,0.991687155898312,0.0457717173829665,0.954228282617033,2,0.00831284410168633
2023-10-03,0.00647593273161726,0.993524067268381,0.038217145777109,0.961782854222891,2,0.00647593273161726
2023-10-04,0.00580375025586646,0.994196249744132,0.0382979761450848,0.961702023854915,2,0.00580375025586646
2023-10-05,0.00597978001988971,0.994020219980109,0.0416207239305591,0.958379276069441,2,0.00597978001988971
2023-10-09,0.00627902015042226,0.993720979849576,0.0385806349136569,0.961419365086343,2,0.00627902015042226
2023-10-10,0.00618391682784315,0.993816083172156,0.0446907336030574,0.955309266396943,2,0.00618391682784315
2023-10-11,0.00658817694716992,0.993411823052829,0.0389837246174951,0.961016275382505,2,0.00658817694716992
2023-10-12,0.0061710945777342,0.993828905422264,0.034870567972175,0.965129432027825,2,0.0061710945777342
2023-10-16,0.00648692723275937,0.993513072767239,0.0459261747935385,0.954073825206461,2,0.00648692723275937
2023-10-17,0.00793141478396497,0.992068585216034,0.0386045031497383,0.961395496850262,2,0.00793141478396497
2023-10-18,0.00818425072187987,0.991815749278119,0.0431608063035933,0.956839193696407,2,0.00818425072187987
2023-10-19,0.0101457817845985,0.9898542182154,0.0557249657766896,0.94427503422331,2,0.0101457817845985
2023-10-23,0.0124711347077563,0.987528865292242,0.0513357365251777,0.948664263474822,2,0.0124711347077563
2023-10-24,0.0135348324150169,0.986465167584982,0.105239388595612,0.894760611404388,2,0.0135348324150169
2023-10-25,0.0161136259502175,0.983886374049781,0.0733344784916741,0.926665521508326,2,0.0161136259502175
2023-10-26,0.0113061725603379,0.988693827439661,0.0523193108529725,0.947680689147027,2,0.0113061725603379
2023-10-30,0.00899420853467733,0.991005791465321,0.0431395607788885,0.956860439221111,2,0.00899420853467733
2023-10-31,0.00876080122435991,0.991239198775639,0.0672784988937245,0.932721501106275,2,0.00876080122435991
2023-11-01,0.0101265944510866,0.989873405548912,0.0551117742706526,0.944888225729347,2,0.0101265944510866
2023-11-02,0.00815876076972342,0.991841239230275,0.0430199642899737,0.956980035710026,2,0.00815876076972342
2023-11-06,0.00701048867722386,0.992989511322775,0.0368406435613845,0.963159356438616,2,0.00701048867722386
2023-11-07,0.00717937053482878,0.99282062946517,0.0544688303090098,0.94553116969099,2,0.00717937053482878
2023-11-08,0.00875080749114028,0.991249192508858,0.0470353827256891,0.952964617274311,2,0.00875080749114028
2023-11-09,0.00802531160358758,0.991974688396411,0.0408883650985862,0.959111634901414,2,0.00802531160358758
2023-11-13,0.00813600987716739,0.991863990122831,0.0572198436043298,0.94278015639567,2,0.00813600987716739
2023-11-14,0.00954094367373504,0.990459056326263,0.0623149264107223,0.937685073589278,2,0.00954094367373504
2023-11-15,0.00879582941878761,0.991204170581211,0.047569614820861,0.952430385179139,2,0.00879582941878761
2023-11-16,0.00691694835697723,0.993083051643021,0.0390804246737462,0.960919575326254,2,0.00691694835697723
2023-11-20,0.00623387129913216,0.993766128700866,0.0434018161306624,0.956598183869337,2,0.00623387129913216
2023-11-21,0.00657945331520007,0.993420546684798,0.0371776168114495,0.962822383188551,2,0.00657945331520007
2023-11-22,0.00637964902939259,0.993620350970606,0.0492836042852739,0.950716395714726,2,0.00637964902939259
2023-11-27,0.00722460326220636,0.992775396737792,0.0481184567916419,0.951881543208358,2,0.00722460326220636
2023-11-28,0.00645406383041217,0.993545936169586,0.0407646265885421,0.959235373411458,2,0.00645406383041217
2023-11-29,0.00539399458385614,0.994606005416143,0.0363741872549327,0.963625812745067,2,0.00539399458385614
2023-11-30,0.00480157562107083,0.995198424378928,0.0335006140925743,0.966499385907426,2,0.00480157562107083
2023-12-04,0.00450799011779542,0.995492009882203,0.0319669193464756,0.968033080653524,2,0.00450799011779542
2023-12-05,0.00449238914215332,0.995507610857845,0.0330196663504396,0.96698033364956,2,0.00449238914215332
2023-12-06,0.00476430323166135,0.995235696768337,0.0354324002678465,0.964567599732153,2,0.00476430323166135
2023-12-07,0.00507649545828964,0.994923504541709,0.035560348589849,0.964439651410151,2,0.00507649545828964
2023-12-11,0.00518919766252895,0.99481080233747,0.0338474815663719,0.966152518433628,2,0.00518919766252895
2023-12-12,0.00537310706343721,0.994626892936562,0.0350966188816671,0.964903381118333,2,0.00537310706343721
2023-12-13,0.00606480854909357,0.993935191450905,0.040264587556848,0.959735412443152,2,0.00606480854909357
2023-12-14,0.00709353300363114,0.992906466996368,0.0575404029406681,0.942459597059332,2,0.00709353300363114
2023-12-18,0.00785664405616255,0.992143355943836,0.0464831309189146,0.953516869081085,2,0.00785664405616255
2023-12-19,0.00618956716140725,0.993810432838592,0.0388423849410479,0.961157615058952,2,0.00618956716140725
2023-12-20,0.00521705711567599,0.994782942884323,0.0346662685819348,0.965333731418065,2,0.00521705711567599
2023-12-21,0.00482000097740918,0.99517999902259,0.0328469899935993,0.967153010006401,2,0.00482000097740918
2023-12-26,0.004858413676392,0.995141586323607,0.0335856186233213,0.966414381376679,2,0.004858413676392
2023-12-27,0.00529236518032719,0.994707634819672,0.0386922496937614,0.961307750306239,2,0.00529236518032719
2023-12-28,0.00596717275133603,0.994032827248663,0.0368151282574079,0.963184871742592,2,0.00596717275133603
2024-01-02,0.00618073814730641,0.993819261852692,0.0387580860806037,0.961241913919396,2,0.00618073814730641
2024-01-03,0.00693931647933854,0.99306068352066,0.0347971476515038,0.965202852348496,2,0.00693931647933854
2024-01-04,0.00789632861405667,0.992103671385942,0.0545036694052094,0.945496330594791,2,0.00789632861405667
2024-01-08,0.0105822873324638,0.989417712667535,0.0437478105721536,0.956252189427846,2,0.0105822873324638
2024-01-09,0.0108528991102948,0.989147100889704,0.0774431051771646,0.922556894822835,2,0.0108528991102948
2024-01-10,0.0135260775084314,0.986473922491567,0.0608102580702311,0.939189741929769,2,0.0135260775084314
2024-01-11,0.0115067196944478,0.988493280305551,0.0471197826746666,0.952880217325333,2,0.0115067196944478
2024-01-16,0.0111652799439691,0.98883472005603,0.0865411570675103,0.91345884293249,2,0.0111652799439691
2024-01-17,0.0132572590138421,0.986742740986157,0.0598536378048563,0.940146362195144,2,0.0132572590138421
2024-01-18,0.00991344253574082,0.990086557464258,0.0501643092540989,0.949835690745901,2,0.00991344253574082
2024-01-22,0.0089419210839551,0.991058078916044,0.0441370823159763,0.955862917684024,2,0.0089419210839551
2024-01-23,0.00905461942886455,0.990945380571134,0.042916612399981,0.957083387600019,2,0.00905461942886455
2024-01-24,0.0104102870394421,0.989589712960557,0.0630895280314775,0.936910471968523,2,0.0104102870394421
2024-01-29,0.0129788617311636,0.987021138268835,0.047436280820314,0.952563719179686,2,0.0129788617311636
2024-01-30,0.0129572751297595,0.987042724870239,0.0396693392928923,0.960330660707108,2,0.0129572751297595
2024-01-31,0.0161102085927398,0.983889791407259,0.0388813647061684,0.961118635293831,2,0.0161102085927398
2024-02-01,0.0238417143963371,0.976158285603661,0.0356737015044568,0.964326298495543,2,0.0238417143963371
2024-02-05,0.0378743285228723,0.962125671477126,0.333580859757745,0.666419140242255,2,0.0378743285228723
2024-02-06,0.0657150584505881,0.93428494154941,0.231021400260563,0.768978599739437,2,0.0657150584505881
2024-02-07,0.0390265277263535,0.960973472273645,0.140851640890081,0.859148359109919,2,0.0390265277263535
2024-02-08,0.0233255040995988,0.976674495900399,0.0898860337566222,0.910113966243378,2,0.0233255040995988
2024-02-12,0.0159480035001936,0.984051996499805,0.0618559924709988,0.938144007529001,2,0.0159480035001936
2024-02-13,0.013054117737228,0.98694588226277,0.0589610259638431,0.941038974036157,2,0.013054117737228
2024-02-14,0.0132823860681407,0.986717613931858,0.0461340850928466,0.953865914907153,2,0.0132823860681407
2024-02-15,0.0141493183639475,0.985850681636051,0.044405469971096,0.955594530028904,2,0.0141493183639475
2024-02-20,0.0184047114763515,0.981595288523647,0.158942274965525,0.841057725034475,2,0.0184047114763515
2024-02-21,0.0260243551233976,0.973975644876601,0.0990924092401507,0.900907590759849,2,0.0260243551233976
2024-02-22,0.0170257743478676,0.982974225652131,0.0685464261683816,0.931453573831618,2,0.0170257743478676
2024-02-26,0.0132481276026226,0.986751872397376,0.0754002652797187,0.924599734720281,2,0.0132481276026226
2024-02-27,0.0124493269263576,0.987550673073641,0.0567639584736849,0.943236041526315,2,0.0124493269263576
2024-02-28,0.0103038626637335,0.989696137336265,0.0438631021857173,0.956136897814283,2,0.0103038626637335
2024-02-29,0.0100320388339737,0.989967961166025,0.0472136685655978,0.952786331434402,2,0.0100320388339737
2024-03-04,0.0121152004617247,0.987884799538274,0.0435349542324397,0.95646504576756,2,0.0121152004617247
2024-03-05,0.014788922237479,0.985211077762519,0.0401259698924134,0.959874030107587,2,0.014788922237479
2024-03-06,0.020229776407543,0.979770223592455,0.0407606272040173,0.959239372795983,2,0.020229776407543
2024-03-07,0.0308785647650106,0.969121435234988,0.0364097308765314,0.963590269123469,2,0.0308785647650106
2024-03-11,0.0491040310165946,0.950895968983404,0.315624218674034,0.684375781325966,2,0.0491040310165946
2024-03-12,0.0855422069959761,0.914457793004022,0.197233747509727,0.802766252490273,2,0.0855422069959761
2024-03-13,0.0634730843985996,0.936526915601399,0.158408784395414,0.841591215604586,2,0.0634730843985996
2024-03-14,0.0555066914129117,0.944493308587087,0.175935657903216,0.824064342096784,2,0.0555066914129117
2024-03-18,0.0519011815370088,0.94809881846299,0.257512979900788,0.742487020099212,2,0.0519011815370088
2024-03-19,0.0451381175461991,0.9548618824538,0.162111996517557,0.837888003482443,2,0.0451381175461991
2024-03-20,0.026826231730039,0.97317376826996,0.106213568063433,0.893786431936567,2,0.026826231730039
2024-03-21,0.017597189816573,0.982402810183426,0.0881501626658698,0.91184983733413,2,0.017597189816573
2024-03-25,0.0130764456044622,0.986923554395537,0.0653846328247604,0.93461536717524,2,0.0130764456044622
2024-03-26,0.00946713437228214,0.990532865627717,0.0486167501980257,0.951383249801974,2,0.00946713437228214
2024-03-27,0.00747010279861919,0.99252989720138,0.0493906446753403,0.95060935532466,2,0.00747010279861919
2024-04-01,0.00695876582048258,0.993041234179516,0.0406779641350792,0.959322035864921,2,0.00695876582048258
2024-04-02,0.00601002625643613,0.993989973743563,0.036989250537939,0.963010749462061,2,0.00601002625643613
2024-04-03,0.0058880165991329,0.994111983400866,0.0376044229298948,0.962395577070105,2,0.0058880165991329
2024-04-04,0.00637157527709583,0.993628424722903,0.0392438416353622,0.960756158364638,2,0.00637157527709583
2024-04-08,0.00712101065501354,0.992878989344985,0.0352441622042929,0.964755837795707,2,0.00712101065501354
2024-04-09,0.00811610503452682,0.991883894965472,0.0601559920035663,0.939844007996434,2,0.00811610503452682
2024-04-10,0.0108713685689256,0.989128631431073,0.0586346148175291,0.941365385182471,2,0.0108713685689256
2024-04-11,0.0103258278984029,0.989674172101596,0.0455847434141,0.9544152565859,2,0.0103258278984029
2024-04-15,0.00975532531041055,0.990244674689589,0.0417432297084888,0.958256770291511,2,0.00975532531041055
2024-04-16,0.0112715931519299,0.988728406848069,0.0996526336761142,0.900347366323886,2,0.0112715931519299
2024-04-17,0.0147515406263822,0.985248459373617,0.0685601501554846,0.931439849844515,2,0.0147515406263822
2024-04-18,0.0102381695057677,0.989761830494231,0.0587578627136818,0.941242137286318,2,0.0102381695057677
2024-04-22,0.00814006551172514,0.991859934488274,0.0472545884994897,0.95274541150051,2,0.00814006551172514
2024-04-23,0.00644368396710375,0.993556316032895,0.0396992866559023,0.960300713344098,2,0.00644368396710375
2024-04-24,0.00551216748392209,0.994487832516077,0.0352125393984204,0.96478746060158,2,0.00551216748392209
2024-04-29,0.00519139654720746,0.994808603452791,0.0330665503574946,0.966933449642505,2,0.00519139654720746
2024-04-30,0.00544515251382977,0.994554847486169,0.0321591410092377,0.967840858990762,2,0.00544515251382977
2024-05-01,0.00637112188460718,0.993628878115391,0.0544584683543308,0.945541531645669,2,0.00637112188460718
2024-05-02,0.0083737268791255,0.991626273120873,0.0429950343837522,0.957004965616248,2,0.0083737268791255
2024-05-06,0.007443479555393,0.992556520444606,0.0466772003854058,0.953322799614594,2,0.007443479555393
2024-05-07,0.00791958904086203,0.992080410959136,0.0526809489001677,0.947319051099832,2,0.00791958904086203
2024-05-08,0.00802745505177283,0.991972544948226,0.0452936669847022,0.954706333015298,2,0.00802745505177283
2024-05-09,0.00718479575336137,0.992815204246637,0.0402801723831021,0.959719827616898,2,0.00718479575336137
2024-05-13,0.00706098537735793,0.99293901462264,0.0382800428047352,0.961719957195265,2,0.00706098537735793
2024-05-14,0.00779660388904206,0.992203396110956,0.0372336705279604,0.96276632947204,2,0.00779660388904206
2024-05-15,0.00953034035729845,0.9904696596427,0.0426418319896222,0.957358168010378,2,0.00953034035729845
2024-05-16,0.0129168788379695,0.987083121162029,0.0444180054616425,0.955581994538358,2,0.0129168788379695
2024-05-20,0.0173192848229059,0.982680715177092,0.121424999412753,0.878575000587247,2,0.0173192848229059
2024-05-21,0.0242009190460373,0.975799080953961,0.0832027344474704,0.91679726555253,2,0.0242009190460373
2024-05-22,0.0194190437023132,0.980580956297685,0.064735490160873,0.935264509839127,2,0.0194190437023132
2024-05-23,0.0186811773632991,0.981318822636699,0.0937504793676947,0.906249520632305,2,0.0186811773632991
2024-05-28,0.0209902313388944,0.979009768661104,0.0731949872377228,0.926805012762277,2,0.0209902313388944
2024-05-29,0.0191497995470052,0.980850200452993,0.0834531221811813,0.916546877818819,2,0.0191497995470052
2024-05-30,0.0200144692128193,0.979985530787179,0.116069366513325,0.883930633486675,2,0.0200144692128193
2024-06-03,0.0194456903737892,0.980554309626209,0.0782543393377256,0.921745660662274,2,0.0194456903737892
2024-06-04,0.0141850370412753,0.985814962958723,0.0738569243494528,0.926143075650547,2,0.0141850370412753
2024-06-05,0.0122982342566831,0.987701765743315,0.0636767478383118,0.936323252161688,2,0.0122982342566831
2024-06-06,0.010310541947111,0.989689458052887,0.0482437064309301,0.95175629356907,2,0.010310541947111
2024-06-11,0.0089470576461173,0.991052942353881,0.0531952016385654,0.946804798361435,2,0.0089470576461173
2024-06-12,0.00941462180360108,0.990585378196397,0.0523158446821228,0.947684155317877,2,0.00941462180360108
2024-06-13,0.00926880389933754,0.99073119610066,0.0419211399932416,0.958078860006758,2,0.00926880389933754
2024-06-17,0.00919268578538642,0.990807314214611,0.0633324245041284,0.936667575495872,2,0.00919268578538642
2024-06-18,0.0111338048712096,0.988866195128788,0.0612182915456657,0.938781708454334,2,0.0111338048712096
2024-06-20,0.0102071703808552,0.989792829619143,0.0462516777778951,0.953748322222105,2,0.0102071703808552
2024-06-24,0.00916799608050022,0.990832003919498,0.054909013549489,0.945090986450511,2,0.00916799608050022
2024-06-25,0.0101624707166792,0.989837529283319,0.0734825519687561,0.926517448031244,2,0.0101624707166792
2024-06-26,0.0101327297958652,0.989867270204133,0.0533024377826437,0.946697562217356,2,0.0101327297958652
2024-06-27,0.00733004530650284,0.992669954693495,0.0420237768581688,0.957976223141831,2,0.00733004530650284
2024-07-01,0.00599901764830983,0.994000982351688,0.036333352658792,0.963666647341208,2,0.00599901764830983
2024-07-02,0.00563142617525494,0.994368573824743,0.0368426353629469,0.963157364637053,2,0.00563142617525494
2024-07-03,0.00603482254656517,0.993965177453433,0.04195373377472,0.95804626622528,2,0.00603482254656517
2024-07-08,0.00666812813381172,0.993331871866186,0.0395736729231244,0.960426327076875,2,0.00666812813381172
2024-07-09,0.00679225928187499,0.993207740718123,0.0356741922568226,0.964325807743177,2,0.00679225928187499
2024-07-10,0.00746800210326819,0.99253199789673,0.0429511666869824,0.957048833313017,2,0.00746800210326819
2024-07-11,0.00955958860518803,0.99044041139481,0.0415001290113673,0.958499870988633,2,0.00955958860518803
2024-07-15,0.0115246121317521,0.988475387868246,0.0388214051037768,0.961178594896223,2,0.0115246121317521
2024-07-16,0.0152534267878217,0.984746573212177,0.0443193171935142,0.955680682806486,2,0.0152534267878217
2024-07-17,0.0226518496055847,0.977348150394414,0.0414710652759178,0.958528934724082,2,0.0226518496055847
2024-07-18,0.0331791276212581,0.96682087237874,0.0392670546078954,0.960732945392105,2,0.0331791276212581
2024-07-22,0.052623137346166,0.947376862653832,0.0682462555532421,0.931753744446758,2,0.052623137346166
2024-07-23,0.0885269608958956,0.911473039104103,0.0557583258962822,0.944241674103718,2,0.0885269608958956
2024-07-24,0.120372295227045,0.879627704772953,0.0439899321770608,0.956010067822939,2,0.120372295227045
2024-07-25,0.179068761634253,0.820931238365745,0.115324835094264,0.884675164905736,2,0.179068761634253
2024-07-29,0.296504978340212,0.703495021659787,0.12281396295193,0.87718603704807,2,0.296504978340212
2024-07-30,0.360750015775995,0.639249984224004,0.666764908968107,0.333235091031893,2,0.360750015775995
2024-07-31,0.434774907584391,0.565225092415608,0.699135062828917,0.300864937171083,2,0.434774907584391
2024-08-01,0.370922197851421,0.629077802148578,0.532887624848059,0.467112375151941,2,0.370922197851421
2024-08-05,0.284445437583444,0.715554562416555,0.607356286120435,0.392643713879565,2,0.284445437583444
2024-08-06,0.24058279935751,0.759417200642488,0.424225234350445,0.575774765649555,2,0.24058279935751
2024-08-07,0.171337974588908,0.82866202541109,0.306910823505082,0.693089176494918,2,0.171337974588908
2024-08-08,0.139317285313215,0.860682714686784,0.314947016857341,0.685052983142659,2,0.139317285313215
2024-08-12,0.123998255902015,0.876001744097983,0.207846454546445,0.792153545453555,2,0.123998255902015
2024-08-13,0.105879197480731,0.894120802519268,0.126951046941649,0.873048953058351,2,0.105879197480731
2024-08-14,0.102311658824997,0.897688341175001,0.37251629198687,0.627483708013129,2,0.102311658824997
2024-08-15,0.114536482634184,0.885463517365815,0.332262611984107,0.667737388015894,2,0.114536482634184
2024-08-19,0.0863449219180855,0.913655078081913,0.242038673795582,0.757961326204418,2,0.0863449219180855
2024-08-20,0.0618605235755541,0.938139476424445,0.166230929476516,0.833769070523484,2,0.0618605235755541
2024-08-21,0.0475559055654814,0.952444094434517,0.189132651700054,0.810867348299946,2,0.0475559055654814
2024-08-22,0.0414130807685542,0.958586919231445,0.121577668761977,0.878422331238023,2,0.0414130807685542
2024-08-26,0.0312538787783104,0.968746121221689,0.0821507461113201,0.91784925388868,2,0.0312538787783104
2024-08-27,0.0281249601432765,0.971875039856722,0.0686851908137549,0.931314809186245,2,0.0281249601432765
2024-08-28,0.0306633863906364,0.969336613609363,0.0631527593442507,0.936847240655749,2,0.0306633863906364
2024-08-29,0.0373334320205112,0.962666567979488,0.0478842382224988,0.952115761777501,2,0.0373334320205112
2024-09-03,0.0487330455157681,0.951266954484231,0.142787641153968,0.857212358846032,2,0.0487330455157681
2024-09-04,0.0741488046503632,0.925851195349636,0.2622672940995,0.7377327059005,2,0.0741488046503632
2024-09-05,0.0767534531232759,0.923246546876723,0.164980213432602,0.835019786567398,2,0.0767534531232759
2024-09-09,0.06141414540275,0.938585854597249,0.102702311163666,0.897297688836334,2,0.06141414540275
2024-09-10,0.0578504047830908,0.942149595216908,0.0741150232527902,0.92588497674721,2,0.0578504047830908
2024-09-11,0.0651526612799536,0.934847338720045,0.0811909217686732,0.918809078231327,2,0.0651526612799536
2024-09-12,0.0841301100812403,0.915869889918759,0.0847919519634948,0.915208048036505,2,0.0841301100812403
2024-09-16,0.107097737144335,0.892902262855664,0.0849507485319446,0.915049251468055,2,0.107097737144335
2024-09-17,0.136383448180035,0.863616551819964,0.0596351772402339,0.940364822759766,2,0.136383448180035
2024-09-18,0.175677726455269,0.82432227354473,0.050461317599759,0.949538682400241,2,0.175677726455269
2024-09-19,0.257323750205731,0.742676249794268,0.0867426550319352,0.913257344968065,2,0.257323750205731
2024-09-23,0.404516405822868,0.595483594177131,0.0647440857140271,0.935255914285973,2,0.404516405822868
2024-09-24,0.533076853712106,0.466923146287892,0.138956493063617,0.861043506936383,1,0.533076853712106
2024-09-25,0.770673390412597,0.229326609587402,0.480103624850436,0.519896375149564,1,0.770673390412597
2024-09-26,0.917929547925985,0.082070452074014,0.439747384061009,0.560252615938991,1,0.917929547925985
2024-09-30,0.945741532992218,0.0542584670077807,0.974682475324963,0.0253175246750366,1,0.945741532992218
2024-10-01,0.982285060745281,0.0177149392547182,0.96856976787486,0.0314302321251397,1,0.982285060745281
2024-10-02,0.942513002261546,0.0574869977384529,0.85008244975819,0.14991755024181,1,0.942513002261546
2024-10-03,0.83496203825041,0.165037961749589,0.680655125006056,0.319344874993944,1,0.83496203825041
2024-10-07,0.782616028740021,0.217383971259977,0.906864330829364,0.0931356691706361,1,0.782616028740021
2024-10-08,0.766301692067317,0.233698307932682,0.827689090296579,0.172310909703421,1,0.766301692067317
2024-10-09,0.628213173959619,0.37178682604038,0.794157122020486,0.205842877979514,1,0.628213173959619
2024-10-10,0.521673840970562,0.478326159029437,0.652573385254185,0.347426614745815,1,0.521673840970562
2024-10-14,0.411155973637247,0.588844026362752,0.726095968372076,0.273904031627924,2,0.411155973637247
2024-10-15,0.348812369310833,0.651187630689166,0.567889866773893,0.432110133226107,2,0.348812369310833
2024-10-16,0.244928013566565,0.755071986433434,0.545420116501293,0.454579883498707,2,0.244928013566565
2024-10-17,0.188003917384593,0.811996082615406,0.475703400136165,0.524296599863835,2,0.188003917384593
2024-10-21,0.13106154311079,0.868938456889209,0.309738028886404,0.690261971113596,2,0.13106154311079
2024-10-22,0.0850810291433237,0.914918970856675,0.198914974276218,0.801085025723782,2,0.0850810291433237
2024-10-23,0.0638343275221376,0.936165672477861,0.168657832694493,0.831342167305507,2,0.0638343275221376
2024-10-24,0.055683246455688,0.944316753544311,0.1045623540562,0.8954376459438,2,0.055683246455688
2024-10-28,0.0505847640138007,0.949415235986198,0.12333935151386,0.87666064848614,2,0.0505847640138007
2024-10-29,0.0554238657048472,0.944576134295152,0.0865191284167736,0.913480871583226,2,0.0554238657048472
2024-10-30,0.0576904095167445,0.942309590483254,0.0647951310757897,0.93520486892421,2,0.0576904095167445
2024-10-31,0.0693724254729976,0.930627574527001,0.0574882009635564,0.942511799036444,2,0.0693724254729976
2024-11-04,0.0948366972550378,0.905163302744961,0.0610933986151895,0.938906601384811,2,0.0948366972550378
2024-11-05,0.138191297988519,0.86180870201148,0.0476920821823325,0.952307917817668,2,0.138191297988519
2024-11-06,0.199352994959372,0.800647005040627,0.0663592284744656,0.933640771525534,2,0.199352994959372
2024-11-07,0.319492187762366,0.680507812237633,0.0520002174756196,0.94799978252438,2,0.319492187762366
2024-11-11,0.455579604758258,0.544420395241741,0.943549081137023,0.0564509188629769,2,0.455579604758258
2024-11-12,0.711845133668248,0.288154866331751,0.832634492550911,0.167365507449089,1,0.711845133668248
2024-11-13,0.414353211589771,0.585646788410228,0.699685669549927,0.300314330450073,2,0.414353211589771
2024-11-14,0.235354857583647,0.764645142416353,0.518899599757282,0.481100400242718,2,0.235354857583647
2024-11-18,0.126643853560927,0.873356146439072,0.360618684361288,0.639381315638712,2,0.126643853560927
2024-11-19,0.0702517008888832,0.929748299111116,0.226559823672855,0.773440176327145,2,0.0702517008888832
2024-11-20,0.0398424642003039,0.960157535799695,0.142431028470282,0.857568971529718,2,0.0398424642003039
2024-11-21,0.0247980120627818,0.975201987937217,0.0963966260822106,0.903603373917789,2,0.0247980120627818
2024-11-25,0.0175297771082904,0.982470222891708,0.0662402364671794,0.933759763532821,2,0.0175297771082904
2024-11-26,0.0142562850971647,0.985743714902834,0.0502829453090914,0.949717054690909,2,0.0142562850971647
2024-11-27,0.0142798287114729,0.985720171288526,0.040646958769769,0.959353041230231,2,0.0142798287114729
2024-12-02,0.0175449371893964,0.982455062810602,0.0709116469624037,0.929088353037596,2,0.0175449371893964
2024-12-03,0.0259701476404943,0.974029852359504,0.0571112643835806,0.94288873561642,2,0.0259701476404943
2024-12-04,0.0300963780637973,0.969903621936201,0.0445760700652039,0.955423929934796,2,0.0300963780637973
2024-12-05,0.0400794113972168,0.959920588602782,0.0402301326407751,0.959769867359225,2,0.0400794113972168
2024-12-09,0.0622325397371563,0.937767460262842,0.277920743754184,0.722079256245816,2,0.0622325397371563
2024-12-10,0.104268782547719,0.89573121745228,0.195150681229285,0.804849318770716,2,0.104268782547719
2024-12-11,0.0897174313103342,0.910282568689664,0.119569817985891,0.880430182014109,2,0.0897174313103342
2024-12-12,0.0859090587526736,0.914090941247325,0.218550615928652,0.781449384071348,2,0.0859090587526736
2024-12-16,0.0962593493497373,0.903740650650261,0.349471389116963,0.650528610883037,2,0.0962593493497373
2024-12-17,0.0896797961203803,0.910320203879619,0.218200538445846,0.781799461554154,2,0.0896797961203803
2024-12-18,0.0628630101411999,0.937136989858799,0.249486340332732,0.750513659667268,2,0.0628630101411999
2024-12-19,0.0519075681569862,0.948092431843013,0.154200048390256,0.845799951609744,2,0.0519075681569862
2024-12-23,0.0354261637294478,0.964573836270551,0.0964959997325312,0.903504000267469,2,0.0354261637294478
2024-12-26,0.0287348327835857,0.971265167216413,0.0654241388099624,0.934575861190038,2,0.0287348327835857
2024-12-30,0.0288285472380225,0.971171452761976,0.0511134805088035,0.948886519491197,2,0.0288285472380225
2025-01-02,0.035586363808657,0.964413636191342,0.0416909277376808,0.958309072262319,2,0.035586363808657
2025-01-06,0.0511061279363156,0.948893872063683,0.310597602253446,0.689402397746554,2,0.0511061279363156
2025-01-07,0.0833373268727022,0.916662673127297,0.25568047225359,0.74431952774641,2,0.0833373268727022
2025-01-08,0.0617881991687611,0.938211800831238,0.161195851430994,0.838804148569006,2,0.0617881991687611
2025-01-13,0.0456398715252697,0.954360128474729,0.24436895405794,0.75563104594206,2,0.0456398715252697
2025-01-14,0.039861165133272,0.960138834866727,0.148636296550838,0.851363703449162,2,0.039861165133272
2025-01-15,0.022600177879989,0.97739982212001,0.0932781369649605,0.906721863035039,2,0.022600177879989
2025-01-16,0.0141663998667026,0.985833600133296,0.0634367146956674,0.936563285304333,2,0.0141663998667026
2025-01-21,0.0102633452710134,0.989736654728986,0.0484995845103802,0.95150041548962,2,0.0102633452710134
2025-01-22,0.00891371675358118,0.991086283246418,0.0658987142851755,0.934101285714825,2,0.00891371675358118
2025-01-23,0.0093128548203089,0.99068714517969,0.0504444012695301,0.94955559873047,2,0.0093128548203089
2025-01-27,0.00717512609330524,0.992824873906694,0.0405492940493503,0.95945070595065,2,0.00717512609330524
2025-01-28,0.00619094513253383,0.993809054867465,0.036690619746762,0.963309380253238,2,0.00619094513253383
2025-01-29,0.006226463261669,0.99377353673833,0.0348787892280887,0.965121210771911,2,0.006226463261669
2025-01-30,0.00704867567632951,0.99295132432367,0.0332100674155333,0.966789932584467,2,0.00704867567632951
2025-02-03,0.00897809113695922,0.99102190886304,0.0458797261734546,0.954120273826545,2,0.00897809113695922
2025-02-04,0.0130921289337426,0.986907871066257,0.0601547744390863,0.939845225560914,2,0.0130921289337426
2025-02-05,0.0167265689762299,0.983273431023769,0.0506464086462451,0.949353591353755,2,0.0167265689762299
2025-02-06,0.019072116396583,0.980927883603416,0.044742818681354,0.955257181318646,2,0.019072116396583
2025-02-10,0.0250771770766039,0.974922822923395,0.0596041569936171,0.940395843006383,2,0.0250771770766039
2025-02-11,0.0370525668292902,0.962947433170709,0.0453123290671809,0.954687670932819,2,0.0370525668292902
2025-02-12,0.0496479534433169,0.950352046556682,0.0535146144564998,0.9464853855435,2,0.0496479534433169
2025-02-13,0.0776333345716387,0.92236666542836,0.0424068977923239,0.957593102207676,2,0.0776333345716387
2025-02-18,0.115458769055046,0.884541230944953,0.0364667145204518,0.963533285479548,2,0.115458769055046
2025-02-19,0.1926178734794,0.807382126520599,0.180346801473035,0.819653198526964,2,0.1926178734794
2025-02-20,0.347805795132373,0.652194204867626,0.253251674178304,0.746748325821696,2,0.347805795132373
2025-02-24,0.387450012086323,0.612549987913676,0.521400565808636,0.478599434191364,2,0.387450012086323
2025-02-25,0.409620743944506,0.590379256055493,0.658054303461295,0.341945696538705,2,0.409620743944506
2025-02-26,0.380951678924917,0.619048321075082,0.529397064242002,0.470602935757998,2,0.380951678924917
2025-02-27,0.312533903899432,0.687466096100567,0.727940369693349,0.272059630306651,2,0.312533903899432
2025-03-03,0.272338317886569,0.727661682113429,0.557771302052255,0.442228697947745,2,0.272338317886569
2025-03-04,0.153499507607167,0.846500492392832,0.383976546115508,0.616023453884492,2,0.153499507607167
2025-03-05,0.0895246171419114,0.910475382858087,0.270345526767594,0.729654473232406,2,0.0895246171419114
2025-03-06,0.057100059475376,0.942899940524622,0.175042863783326,0.824957136216674,2,0.057100059475376
2025-03-10,0.0384482925946769,0.961551707405321,0.130070358103118,0.869929641896882,2,0.0384482925946769
2025-03-11,0.0296081984853773,0.970391801514621,0.0916750177163332,0.908324982283667,2,0.0296081984853773
2025-03-12,0.0249235358103141,0.975076464189684,0.0773118425152567,0.922688157484743,2,0.0249235358103141
2025-03-13,0.0246461722572338,0.975353827742765,0.0738097216943269,0.926190278305673,2,0.0246461722572338
2025-03-17,0.0268737104235439,0.973126289576455,0.100835848649329,0.899164151350672,2,0.0268737104235439
2025-03-18,0.0307092411899866,0.969290758810012,0.07327284158912,0.92672715841088,2,0.0307092411899866
2025-03-19,0.0306505281471371,0.969349471852861,0.0898395852636161,0.910160414736384,2,0.0306505281471371
2025-03-20,0.0361255921183355,0.963874407881663,0.0616512444558206,0.938348755544179,2,0.0361255921183355
2025-03-24,0.0397970540520651,0.960202945947934,0.0463923520971525,0.953607647902847,2,0.0397970540520651
2025-03-25,0.0529324258752436,0.947067574124755,0.0428710537050076,0.957128946294992,2,0.0529324258752436
2025-03-26,0.0821766293824891,0.91782337061751,0.036673585890696,0.963326414109304,2,0.0821766293824891
2025-03-27,0.135061669402887,0.864938330597112,0.0337190140060196,0.96628098599398,2,0.135061669402887
2025-03-31,0.241935563680392,0.758064436319607,0.0941897113399222,0.905810288660078,2,0.241935563680392
2025-04-01,0.454907122906102,0.545092877093897,0.0939288205286101,0.90607117947139,2,0.454907122906102
2025-04-02,0.587258778500739,0.41274122149926,0.241865837878559,0.758134162121441,1,0.587258778500739
2025-04-03,0.761107753359273,0.238892246640725,0.14820910987689,0.85179089012311,1,0.761107753359273
2025-04-07,0.83156834529537,0.168431654704629,0.763081645015423,0.236918354984577,1,0.83156834529537
2025-04-08,0.979654979986348,0.0203450200136508,0.748092772570675,0.251907227429325,1,0.979654979986348
2025-04-09,0.986889855930707,0.0131101440692909,0.966234480304061,0.0337655196959388,1,0.986889855930707
2025-04-10,0.996682919480796,0.00331708051920275,0.998917992720453,0.00108200727954679,1,0.996682919480796
2025-04-14,0.99377904224419,0.00622095775580804,0.890339244554698,0.109660755445302,1,0.99377904224419
2025-04-15,0.638422526805404,0.361577473194595,0.736729783872986,0.263270216127014,1,0.638422526805404
2025-04-16,0.458770024312618,0.54122997568738,0.72839079115518,0.27160920884482,2,0.458770024312618
2025-04-17,0.369485397389989,0.630514602610009,0.632928515753861,0.367071484246139,2,0.369485397389989
2025-04-22,0.268072934504696,0.731927065495302,0.45065025139402,0.549349748605981,2,0.268072934504696
2025-04-23,0.193498757079783,0.806501242920215,0.522054072598407,0.477945927401593,2,0.193498757079783
2025-04-24,0.158491335928323,0.841508664071676,0.366798274748328,0.633201725251673,2,0.158491335928323
2025-04-28,0.104501821522002,0.895498178477997,0.238186732691635,0.761813267308365,2,0.104501821522002
2025-04-29,0.0763129822928193,0.923687017707179,0.341262251701997,0.658737748298003,2,0.0763129822928193
2025-04-30,0.0643007141047842,0.935699285895214,0.215285598998736,0.784714401001264,2,0.0643007141047842
2025-05-01,0.0363213091369722,0.963678690863026,0.143007529410699,0.856992470589301,2,0.0363213091369722
2025-05-05,0.022200014280697,0.977799985719302,0.096232690336597,0.903767309663403,2,0.022200014280697
2025-05-06,0.0143411787730148,0.985658821226984,0.0652177578819112,0.934782242118089,2,0.0143411787730148
2025-05-07,0.0101248696626795,0.989875130337319,0.0505204876539789,0.949479512346021,2,0.0101248696626795
2025-05-08,0.00844971179858537,0.991550288201413,0.0412490534714774,0.958750946528523,2,0.00844971179858537
2025-05-12,0.00820776245540992,0.991792237544589,0.0423578698010755,0.957642130198925,2,0.00820776245540992
2025-05-13,0.00958671702120951,0.990413282978789,0.0702456719327186,0.929754328067281,2,0.00958671702120951
2025-05-14,0.0117078319985608,0.988292168001438,0.0575001879222529,0.942499812077747,2,0.0117078319985608
2025-05-15,0.00999597856011922,0.990004021439879,0.0491743583711829,0.950825641628817,2,0.00999597856011922
2025-05-19,0.00944158166029431,0.990558418339704,0.0673186037350002,0.932681396265,2,0.00944158166029431
2025-05-20,0.010037458209987,0.989962541790012,0.05006329639003,0.94993670360997,2,0.010037458209987
2025-05-21,0.00802484620594001,0.991975153794059,0.040358083189182,0.959641916810818,2,0.00802484620594001
2025-05-22,0.00760792013489304,0.992392079865106,0.0392718992636714,0.960728100736329,2,0.00760792013489304
2025-05-27,0.00873578002305385,0.991264219976945,0.0558433831544033,0.944156616845597,2,0.00873578002305385
2025-05-28,0.0109638145985754,0.989036185401423,0.0458708232266589,0.954129176773341,2,0.0109638145985754
2025-05-29,0.0112006765789637,0.988799323421035,0.0388183198600453,0.961181680139955,2,0.0112006765789637
2025-06-02,0.0136009477834478,0.986399052216551,0.0999470398894585,0.900052960110541,2,0.0136009477834478
2025-06-03,0.0197175261483679,0.980282473851631,0.0681693146097093,0.931830685390291,2,0.0197175261483679
2025-06-04,0.0166125712938265,0.983387428706172,0.0528999967733231,0.947100003226677,2,0.0166125712938265
2025-06-05,0.0173322416593505,0.982667758340648,0.0432370027460097,0.95676299725399,2,0.0173322416593505
2025-06-10,0.0217039399587778,0.978296060041221,0.0378040700528985,0.962195929947101,2,0.0217039399587778
2025-06-11,0.0320424224186311,0.967957577581368,0.0489425642275128,0.951057435772487,2,0.0320424224186311
2025-06-12,0.0532321188918702,0.946767881108129,0.0967448521226406,0.903255147877359,2,0.0532321188918702
2025-06-16,0.0806449766086496,0.919355023391349,0.0721901807070646,0.927809819292935,2,0.0806449766086496
2025-06-17,0.0963152460462735,0.903684753953725,0.0526579174101844,0.947342082589816,2,0.0963152460462735
2025-06-18,0.12887868838761,0.871121311612389,0.0862369367796962,0.913763063220304,2,0.12887868838761
2025-06-23,0.196539269782372,0.803460730217626,0.324799894745356,0.675200105254644,2,0.196539269782372
2025-06-24,0.255414627382972,0.744585372617027,0.572342234866672,0.427657765133328,2,0.255414627382972
2025-06-25,0.248699634362749,0.751300365637249,0.476571306056982,0.523428693943018,2,0.248699634362749
2025-06-26,0.190955649846472,0.809044350153527,0.309958844125766,0.690041155874234,2,0.190955649846472
2025-06-30,0.150458231868441,0.849541768131558,0.32456962490667,0.67543037509333,2,0.150458231868441
2025-07-01,0.135784824703651,0.864215175296348,0.204767115723914,0.795232884276086,2,0.135784824703651
2025-07-02,0.117330085128891,0.882669914871108,0.256136092659375,0.743863907340625,2,0.117330085128891
2025-07-03,0.115883349283584,0.884116650716415,0.38466794416028,0.61533205583972,2,0.115883349283584
2025-07-07,0.105927067071099,0.8940729329289,0.277192418403757,0.722807581596243,2,0.105927067071099
2025-07-08,0.0749033982586724,0.925096601741327,0.18271181102831,0.81728818897169,2,0.0749033982586724
2025-07-09,0.0572650993987488,0.94273490060125,0.119964156574882,0.880035843425118,2,0.0572650993987488
2025-07-10,0.0504098474964037,0.949590152503595,0.0957145754928265,0.904285424507173,2,0.0504098474964037
2025-07-14,0.0521208826314776,0.947879117368521,0.184744748670635,0.815255251329365,2,0.0521208826314776
2025-07-15,0.0594635081558614,0.940536491844138,0.135872278581169,0.864127721418831,2,0.0594635081558614
2025-07-16,0.0526632407938945,0.947336759206105,0.0860346718003628,0.913965328199637,2,0.0526632407938945
2025-07-17,0.0520848761370386,0.947915123862961,0.0591882162769368,0.940811783723063,2,0.0520848761370386
2025-07-21,0.0620112828150139,0.937988717184985,0.122929569287663,0.877070430712337,2,0.0620112828150139
2025-07-22,0.0873025812616788,0.912697418738321,0.226576542137601,0.773423457862399,2,0.0873025812616788
2025-07-23,0.097121498464625,0.902878501535375,0.16302985159135,0.83697014840865,2,0.097121498464625
2025-07-24,0.0894207036122425,0.910579296387757,0.121664950037878,0.878335049962122,2,0.0894207036122425
2025-07-28,0.0910774294001266,0.908922570599873,0.379157213961536,0.620842786038464,2,0.0910774294001266
2025-07-29,0.102113739955522,0.897886260044478,0.23767627896635,0.76232372103365,2,0.102113739955522
2025-07-30,0.07166309499584,0.92833690500416,0.148068587013232,0.851931412986768,2,0.07166309499584
2025-07-31,0.0591507715747314,0.940849228425268,0.274293035033371,0.725706964966629,2,0.0591507715747314
2025-08-04,0.057859187073299,0.9421408129267,0.191955118838312,0.808044881161688,2,0.057859187073299
2025-08-05,0.0387588291120628,0.961241170887937,0.119351473410435,0.880648526589565,2,0.0387588291120628
2025-08-06,0.0278456560988583,0.972154343901141,0.0823560238136014,0.917643976186398,2,0.0278456560988583
2025-08-07,0.0242153143221729,0.975784685677827,0.058892966715886,0.941107033284114,2,0.0242153143221729
2025-08-11,0.0253207707918575,0.974679229208142,0.181165025410384,0.818834974589616,2,0.0253207707918575
2025-08-12,0.0322765078299467,0.967723492170053,0.124880217758546,0.875119782241454,2,0.0322765078299467
2025-08-13,0.0216871115630206,0.978312888436979,0.0917939117289118,0.908206088271088,2,0.0216871115630206
2025-08-14,0.0158810632704508,0.984118936729549,0.0867900587216114,0.913209941278389,2,0.0158810632704508
2025-08-18,0.0127099118090138,0.987290088190986,0.0594529599600051,0.940547040039995,2,0.0127099118090138
2025-08-19,0.00914965918210479,0.990850340817895,0.045633113725853,0.954366886274147,2,0.00914965918210479
2025-08-20,0.00785903561521663,0.992140964384783,0.0441726688771047,0.955827331122895,2,0.00785903561521663
2025-08-21,0.00811865721920735,0.991881342780792,0.0437971731019176,0.956202826898082,2,0.00811865721920735
2025-08-25,0.00883063472401014,0.991169365275989,0.0538683729638048,0.946131627036195,2,0.00883063472401014
2025-08-26,0.0101051605550673,0.989894839444932,0.0705329368876736,0.929467063112326,2,0.0101051605550673
2025-08-27,0.0102265486085466,0.989773451391453,0.0523339391739103,0.94766606082609,2,0.0102265486085466
2025-08-28,0.00785337710678602,0.992146622893213,0.0416617611295774,0.958338238870423,2,0.00785337710678602
2025-09-02,0.00696669214593863,0.993033307854061,0.0436897842501429,0.956310215749857,2,0.00696669214593863
2025-09-03,0.00736065958092793,0.992639340419071,0.0420498636869918,0.957950136313008,2,0.00736065958092793
2025-09-04,0.00764734559156895,0.99235265440843,0.0563744906391584,0.943625509360842,2,0.00764734559156895
2025-09-08,0.00845391447541667,0.991546085524583,0.0437581537568984,0.956241846243102,2,0.00845391447541667
2025-09-09,0.00727101489257934,0.99272898510742,0.0377226639173282,0.962277336082672,2,0.00727101489257934
2025-09-10,0.0074833730972699,0.99251662690273,0.0618945147120046,0.938105485287995,2,0.0074833730972699
2025-09-11,0.00909741195492946,0.99090258804507,0.0471794395472116,0.952820560452788,2,0.00909741195492946
2025-09-15,0.00742237378794584,0.992577626212054,0.0441869856036,0.9558130143964,2,0.00742237378794584
2025-09-16,0.00712420735873559,0.992875792641264,0.0432657918672668,0.956734208132733,2,0.00712420735873559
2025-09-17,0.00715769020489234,0.992842309795107,0.0470299435401829,0.952970056459817,2,0.00715769020489234
2025-09-18,0.0073834031093897,0.99261659689061,0.0430281157523902,0.95697188424761,2,0.0073834031093897
2025-09-22,0.00708612750057495,0.992913872499424,0.0476537599125373,0.952346240087463,2,0.00708612750057495
2025-09-23,0.00730631978063826,0.992693680219361,0.039085906512192,0.960914093487808,2,0.00730631978063826
2025-09-24,0.00685423954123439,0.993145760458765,0.0351544216347014,0.964845578365298,2,0.00685423954123439
2025-09-25,0.00767703462865162,0.992322965371348,0.0685400729952879,0.931459927004712,2,0.00767703462865162
2025-09-29,0.0100790717449449,0.989920928255054,0.0554044466468703,0.94459555335313,2,0.0100790717449449
2025-09-30,0.00791516958881365,0.992084830411186,0.0447729650111778,0.955227034988822,2,0.00791516958881365
2025-10-01,0.00659135930399892,0.993408640696,0.0384191601595563,0.961580839840444,2,0.00659135930399892
2025-10-02,0.0061624207234225,0.993837579276577,0.0411387174933429,0.958861282506657,2,0.0061624207234225
2025-10-06,0.00658156222700408,0.993418437772995,0.035789889853101,0.964210110146899,2,0.00658156222700408
2025-10-07,0.00679513231292821,0.993204867687071,0.033123262396193,0.966876737603807,2,0.00679513231292821
2025-10-08,0.00829008191194009,0.991709918088059,0.0513520911514201,0.94864790884858,2,0.00829008191194009
2025-10-09,0.0118031851540402,0.988196814845959,0.0711649012781952,0.928835098721805,2,0.0118031851540402
2025-10-13,0.0133708892352197,0.986629110764779,0.069190811482359,0.930809188517641,2,0.0133708892352197
2025-10-14,0.0122160271147207,0.987783972885278,0.0760943751945969,0.923905624805403,2,0.0122160271147207
2025-10-15,0.010875064620506,0.989124935379493,0.0538912979869552,0.946108702013045,2,0.010875064620506
2025-10-16,0.00802426601318536,0.991975733986814,0.0462371593571959,0.953762840642804,2,0.00802426601318536
2025-10-20,0.00699007334450931,0.99300992665549,0.0433436351396859,0.956656364860314,2,0.00699007334450931
2025-10-21,0.00657534690411991,0.993424653095879,0.0441390634443073,0.955860936555693,2,0.00657534690411991
2025-10-22,0.00638295399242812,0.993617046007571,0.0375081764316084,0.962491823568392,2,0.00638295399242812
2025-10-23,0.00592091441316505,0.994079085586834,0.0339849288867669,0.966015071113233,2,0.00592091441316505
2025-10-27,0.00632781966819621,0.993672180331803,0.0334367779484178,0.966563222051582,2,0.00632781966819621
2025-10-28,0.00784017275552384,0.992159827244475,0.0347897826663267,0.965210217333673,2,0.00784017275552384
2025-10-29,0.010852428657034,0.989147571342965,0.0354208817022099,0.96457911829779,2,0.010852428657034
2025-10-30,0.0161089876545818,0.983891012345418,0.0372471668785616,0.962752833121438,2,0.0161089876545818
2025-11-03,0.0256350231152583,0.974364976884741,0.120008692928816,0.879991307071184,2,0.0256350231152583
2025-11-04,0.0420643391657658,0.957935660834234,0.104421745553229,0.895578254446771,2,0.0420643391657658
2025-11-05,0.0417609691056173,0.958239030894382,0.111894278338769,0.888105721661231,2,0.0417609691056173
2025-11-06,0.0441790907170678,0.955820909282932,0.09521344095051,0.90478655904949,2,0.0441790907170678
2025-11-10,0.0458317126251764,0.954168287374823,0.0640851737846629,0.935914826215337,2,0.0458317126251764
2025-11-11,0.0513755110184433,0.948624488981556,0.0539519196838612,0.946048080316139,2,0.0513755110184433
2025-11-12,0.0689356164816017,0.931064383518398,0.0513123905206827,0.948687609479317,2,0.0689356164816017
2025-11-13,0.101559820735864,0.898440179264136,0.0546769544832578,0.945323045516742,2,0.101559820735864
2025-11-17,0.155392310718128,0.844607689281872,0.110114192625012,0.889885807374988,2,0.155392310718128
2025-11-18,0.23457372690341,0.765426273096589,0.0749639513364497,0.92503604866355,2,0.23457372690341
2025-11-19,0.286611103220091,0.713388896779909,0.136317113435278,0.863682886564722,2,0.286611103220091
2025-11-20,0.392178991607094,0.607821008392906,0.607133967288078,0.392866032711922,2,0.392178991607094
2025-11-24,0.463068970189655,0.536931029810345,0.773534790718775,0.226465209281225,2,0.463068970189655
2025-11-25,0.420623473262223,0.579376526737776,0.690994232973847,0.309005767026153,2,0.420623473262223
2025-11-26,0.301031408507698,0.698968591492302,0.538922626655279,0.461077373344721,2,0.301031408507698
2025-12-01,0.207211075981787,0.792788924018213,0.522846368310857,0.477153631689143,2,0.207211075981787
2025-12-02,0.153945804750963,0.846054195249037,0.346791467083545,0.653208532916455,2,0.153945804750963
2025-12-03,0.0993036764080483,0.900696323591952,0.350358632974388,0.649641367025612,2,0.0993036764080483
2025-12-04,0.0738245025570504,0.926175497442949,0.219574972063977,0.780425027936023,2,0.0738245025570504
2025-12-08,0.0453611192092972,0.954638880790703,0.136514683474219,0.863485316525781,2,0.0453611192092972
2025-12-09,0.0319097674568908,0.968090232543109,0.0891699077446223,0.910830092255378,2,0.0319097674568908
2025-12-10,0.0268572755832359,0.973142724416764,0.06970655867259,0.93029344132741,2,0.0268572755832359
2025-12-11,0.0276346437911768,0.972365356208823,0.0662116357269339,0.933788364273066,2,0.0276346437911768
2025-12-15,0.0327472903050446,0.967252709694955,0.197881454732419,0.802118545267581,2,0.0327472903050446
2025-12-16,0.0410387596162612,0.958961240383739,0.134129711805596,0.865870288194404,2,0.0410387596162612
2025-12-17,0.0297219468264161,0.970278053173584,0.0925905742345278,0.907409425765472,2,0.0297219468264161
2025-12-18,0.0245220675662019,0.975477932433798,0.0893612239037335,0.910638776096267,2,0.0245220675662019
2025-12-22,0.0239672590329142,0.976032740967085,0.10859449909287,0.89140550090713,2,0.0239672590329142
2025-12-23,0.0237659095753451,0.976234090424654,0.0716864594520949,0.928313540547905,2,0.0237659095753451
2025-12-29,0.020594880347724,0.979405119652276,0.059357067700907,0.940642932299093,2,0.020594880347724
2025-12-30,0.0223322478295475,0.977667752170452,0.045173732381725,0.954826267618275,2,0.0223322478295475
2026-01-05,0.027655530577358,0.972344469422642,0.218508656400401,0.781491343599599,2,0.027655530577358
2026-01-06,0.0411483872432983,0.958851612756701,0.139239214965924,0.860760785034076,2,0.0411483872432983
2026-01-07,0.0272741105211942,0.972725889478805,0.0988485881814063,0.901151411818594,2,0.0272741105211942
2026-01-08,0.0209028414769767,0.979097158523023,0.118934665373513,0.881065334626487,2,0.0209028414769767
2026-01-12,0.0182973772149719,0.981702622785027,0.0770554575087499,0.92294454249125,2,0.0182973772149719
2026-01-13,0.0124081408711217,0.987591859128877,0.0574198122561756,0.942580187743824,2,0.0124081408711217
2026-01-14,0.0100174987102121,0.989982501289787,0.0507980068966819,0.949201993103318,2,0.0100174987102121
2026-01-15,0.0094873928083382,0.990512607191661,0.0407250929794892,0.959274907020511,2,0.0094873928083382
2026-01-20,0.00980850426642147,0.990191495733578,0.0361728818837108,0.963827118116289,2,0.00980850426642147
2026-01-21,0.0124852376347974,0.987514762365202,0.0581419546722372,0.941858045327763,2,0.0124852376347974
2026-01-22,0.0186425013891215,0.981357498610878,0.045102231429421,0.954897768570579,2,0.0186425013891215
2026-01-26,0.0224064811564712,0.977593518843528,0.0636508984634011,0.936349101536599,2,0.0224064811564712
2026-01-27,0.0324424550597108,0.967557544940288,0.05201633375073,0.94798366624927,2,0.0324424550597108
2026-01-28,0.0413870330012293,0.95861296699877,0.0460628193514263,0.953937180648574,2,0.0413870330012293
2026-01-29,0.0598006319551533,0.940199368044846,0.124562803179361,0.875437196820639,2,0.0598006319551533
2026-02-02,0.0937906324220706,0.906209367577929,0.0814248467601533,0.918575153239847,2,0.0937906324220706
2026-02-03,0.104699748371404,0.895300251628596,0.243643070296724,0.756356929703276,2,0.104699748371404
2026-02-04,0.134968481996933,0.865031518003066,0.277733413572828,0.722266586427172,2,0.134968481996933
2026-02-05,0.129253691501475,0.870746308498525,0.226619214998038,0.773380785001962,2,0.129253691501475
2026-02-09,0.117445085641101,0.882554914358899,0.309981924280969,0.690018075719031,2,0.117445085641101
2026-02-10,0.112343729843194,0.887656270156805,0.248526936099485,0.751473063900515,2,0.112343729843194
2026-02-11,0.0938156852880684,0.906184314711931,0.160845440501763,0.839154559498237,2,0.0938156852880684
2026-02-12,0.0824245082861606,0.917575491713839,0.122928516234227,0.877071483765773,2,0.0824245082861606
2026-02-17,0.0832435072738261,0.916756492726174,0.128516014755287,0.871483985244713,2,0.0832435072738261
2026-02-18,0.0921109686328589,0.907889031367141,0.106433230240893,0.893566769759107,2,0.0921109686328589
2026-02-19,0.101631546250112,0.898368453749888,0.100146907779011,0.899853092220989,2,0.101631546250112
2026-02-23,0.119971535708254,0.880028464291746,0.067036929513915,0.932963070486085,2,0.119971535708254
2026-02-24,0.145935189412298,0.854064810587702,0.19000419094834,0.80999580905166,2,0.145935189412298
2026-02-25,0.203912423324871,0.796087576675129,0.143495664817026,0.856504335182974,2,0.203912423324871
2026-02-26,0.218185494395306,0.781814505604693,0.0922468911801687,0.907753108819831,2,0.218185494395306
2026-03-02,0.249449423824124,0.750550576175876,0.148474015114736,0.851525984885264,2,0.249449423824124
2026-03-03,0.320075886396953,0.679924113603046,0.254597396150447,0.745402603849553,2,0.320075886396953
2026-03-04,0.369094154907048,0.630905845092952,0.263699116503307,0.736300883496693,2,0.369094154907048
2026-03-05,0.388789017217613,0.611210982782386,0.453855223348302,0.546144776651697,2,0.388789017217613
2026-03-09,0.408501925888455,0.591498074111545,0.450151062406263,0.549848937593737,2,0.408501925888455
2026-03-10,0.392856091214966,0.607143908785034,0.426390916447099,0.573609083552901,2,0.392856091214966
2026-03-11,0.376442866218551,0.623557133781448,0.379436491239673,0.620563508760327,2,0.376442866218551
2026-03-12,0.362878412647198,0.637121587352802,0.305891094645315,0.694108905354685,2,0.362878412647198
2026-03-16,0.356570406929408,0.643429593070592,0.261377397350735,0.738622602649265,2,0.356570406929408
2026-03-17,0.36353845306462,0.636461546935379,0.159562287606675,0.840437712393325,2,0.36353845306462
2026-03-18,0.380948478700717,0.619051521299282,0.429044618671528,0.570955381328472,2,0.380948478700717
2026-03-19,0.435577684759057,0.564422315240943,0.380132626869947,0.619867373130053,2,0.435577684759057
2026-03-23,0.426969282456328,0.573030717543671,0.375258930062187,0.624741069937813,2,0.426969282456328
2026-03-24,0.426477932629744,0.573522067370256,0.366849180743977,0.633150819256023,2,0.426477932629744
2026-03-25,0.426843204481583,0.573156795518416,0.22960876762775,0.77039123237225,2,0.426843204481583
2026-03-26,0.428811466226609,0.571188533773391,0.160469016810181,0.839530983189819,2,0.428811466226609
2026-03-30,0.462690030609435,0.537309969390564,0.153785364425843,0.846214635574157,2,0.462690030609435
2026-03-31,0.53143744994038,0.46856255005962,0.448619135176257,0.551380864823743,1,0.53143744994038
2026-04-01,0.617203666952572,0.382796333047428,0.736414337732889,0.263585662267111,1,0.617203666952572
2026-04-07,0.621871457174306,0.378128542825693,0.791341259807608,0.208658740192392,1,0.621871457174306
2026-04-08,0.563542159884851,0.436457840115149,0.838867281866641,0.161132718133359,1,0.563542159884851
2026-04-09,0.465431276616333,0.534568723383666,0.725961978566477,0.274038021433523,2,0.465431276616333
2026-04-13,0.294942841159682,0.705057158840318,0.549467671467669,0.450532328532331,2,0.294942841159682
2026-04-14,0.181415048415321,0.818584951584678,0.504821945557469,0.495178054442531,2,0.181415048415321
2026-04-15,0.122701980638124,0.877298019361876,0.331948555641352,0.668051444358648,2,0.122701980638124
2026-04-16,0.0693466916139015,0.930653308386098,0.205565742908943,0.794434257091057,2,0.0693466916139015
2026-04-20,0.043254975751361,0.956745024248638,0.125642935717786,0.874357064282213,2,0.043254975751361
2026-04-21,0.0312882442382114,0.968711755761788,0.0802607675662727,0.919739232433727,2,0.0312882442382114
2026-04-22,0.0275895392166913,0.972410460783308,0.0561203648988548,0.943879635101145,2,0.0275895392166913
2026-04-23,0.03031825950492,0.969681740495079,0.047618388604113,0.952381611395887,2,0.03031825950492
2026-04-27,0.0407755757326714,0.959224424267328,0.0630034406036468,0.936996559396353,2,0.0407755757326714
2026-04-28,0.0613804207401713,0.938619579259828,0.0470899333175441,0.952910066682456,2,0.0613804207401713
2026-04-29,0.084149254349211,0.915850745650789,0.0402293636429493,0.959770636357051,2,0.084149254349211
2026-04-30,0.132684525365803,0.867315474634197,0.0872085595024645,0.912791440497536,2,0.132684525365803
2026-05-04,0.227449162904662,0.772550837095338,0.0969888742903953,0.903011125709605,2,0.227449162904662
2026-05-05,0.295841122575907,0.704158877424093,0.0650646868620323,0.934935313137968,2,0.295841122575907
2026-05-06,0.376007553356824,0.623992446643176,0.131597607608629,0.868402392391371,2,0.376007553356824
2026-05-07,0.54085497809148,0.45914502190852,0.332236858058356,0.667763141941644,1,0.54085497809148
2026-05-11,0.647678864724484,0.352321135275516,0.208878045649879,0.791121954350121,1,0.647678864724484
2026-05-12,0.677827876143578,0.322172123856421,0.27452420016786,0.72547579983214,1,0.677827876143578
2026-05-13,0.75306240774526,0.246937592254739,0.315326692810685,0.684673307189315,1,0.75306240774526
2026-05-14,0.810116688779549,0.189883311220451,0.238450069194708,0.761549930805292,1,0.810116688779549
2026-05-18,0.860577844334181,0.139422155665819,0.970945496547597,0.0290545034524028,1,0.860577844334181
2026-05-19,0.944729655420359,0.0552703445796414,0.846271474496788,0.153728525503212,1,0.944729655420359
2026-05-20,0.832419508359437,0.167580491640563,0.773128563080955,0.226871436919045,1,0.832419508359437
2026-05-21,0.781013917798881,0.218986082201119,0.742800710751194,0.257199289248806,1,0.781013917798881
